Copyright 1986-2022 Xilinx, Inc. All Rights Reserved. Copyright 2022-2025 Advanced Micro Devices, Inc. All Rights Reserved.
---------------------------------------------------------------------------------------------------------------------------------------------
| Tool Version : Vivado v.2025.1 (win64) Build 6140274 Thu May 22 00:12:29 MDT 2025
| Date         : Mon Dec 22 15:38:46 2025
| Host         : ThinkpadP1_Liam running 64-bit major release  (build 9200)
| Command      : report_control_sets -verbose -file NexysA7_Top_control_sets_placed.rpt
| Design       : NexysA7_Top
| Device       : xc7a100t
---------------------------------------------------------------------------------------------------------------------------------------------

Control Set Information

Table of Contents
-----------------
1. Summary
2. Histogram
3. Flip-Flop Distribution
4. Detailed Control Set Information

1. Summary
----------

+----------------------------------------------------------+-------+
|                          Status                          | Count |
+----------------------------------------------------------+-------+
| Total control sets                                       |   306 |
|    Minimum number of control sets                        |   306 |
|    Addition due to synthesis replication                 |     0 |
|    Addition due to physical synthesis replication        |     0 |
| Unused register locations in slices containing registers |  1211 |
+----------------------------------------------------------+-------+
* Control sets can be merged at opt_design using control_set_merge or merge_equivalent_drivers
** Run report_qor_suggestions for automated merging and remapping suggestions


2. Histogram
------------

+--------------------+-------+
|       Fanout       | Count |
+--------------------+-------+
| Total control sets |   306 |
| >= 0 to < 4        |   126 |
| >= 4 to < 6        |    31 |
| >= 6 to < 8        |    19 |
| >= 8 to < 10       |    35 |
| >= 10 to < 12      |    15 |
| >= 12 to < 14      |     9 |
| >= 14 to < 16      |     3 |
| >= 16              |    68 |
+--------------------+-------+
* Control sets can be remapped at either synth_design or opt_design


3. Flip-Flop Distribution
-------------------------

+--------------+-----------------------+------------------------+-----------------+--------------+
| Clock Enable | Synchronous Set/Reset | Asynchronous Set/Reset | Total Registers | Total Slices |
+--------------+-----------------------+------------------------+-----------------+--------------+
| No           | No                    | No                     |             735 |          293 |
| No           | No                    | Yes                    |             172 |           61 |
| No           | Yes                   | No                     |             720 |          304 |
| Yes          | No                    | No                     |             652 |          221 |
| Yes          | No                    | Yes                    |               7 |            5 |
| Yes          | Yes                   | No                     |            1679 |          636 |
+--------------+-----------------------+------------------------+-----------------+--------------+


4. Detailed Control Set Information
-----------------------------------

+------------------------------------------------------------------------------------+---------------------------------------------------------------------------------------------------------------------------------------------------+---------------------------------------------------------------------------------------------------------------------------------------------------------------------------------------+------------------+----------------+--------------+
|                                    Clock Signal                                    |                                                                   Enable Signal                                                                   |                                                                                    Set/Reset Signal                                                                                   | Slice Load Count | Bel Load Count | Bels / Slice |
+------------------------------------------------------------------------------------+---------------------------------------------------------------------------------------------------------------------------------------------------+---------------------------------------------------------------------------------------------------------------------------------------------------------------------------------------+------------------+----------------+--------------+
|  u_cpu/RISC_V_i/clk_wiz_1/inst/clk_out1                                            |                                                                                                                                                   | u_cpu/RISC_V_i/axi_smc/inst/m04_nodes/m04_r_node/inst/s_sc_areset_pipe                                                                                                                |                1 |              1 |         1.00 |
|  u_cpu/RISC_V_i/mdm_1/U0/MDM_Core_I1/JTAG_CONTROL_I/Test_Access_Port.BUFG_UPDATE/O | u_cpu/RISC_V_i/microblaze_riscv_0/U0/riscv_core_I/Base.Core/Use_Debug_Logic.Master_Core.Debug_Perf/p_100_in                                       | u_cpu/RISC_V_i/microblaze_riscv_0/U0/riscv_core_I/Base.Core/Use_Debug_Logic.Master_Core.Debug_Perf/Dbg_GPR_Wr                                                                         |                1 |              1 |         1.00 |
|  u_cpu/RISC_V_i/clk_wiz_1/inst/VGA_PCLK                                            |                                                                                                                                                   | u_VGASignalGenerator/vga_HS_i_1_n_0                                                                                                                                                   |                1 |              1 |         1.00 |
|  u_cpu/RISC_V_i/clk_wiz_1/inst/VGA_PCLK                                            |                                                                                                                                                   | u_VGASignalGenerator/vga_VS_i_1_n_0                                                                                                                                                   |                1 |              1 |         1.00 |
|  u_cpu/RISC_V_i/clk_wiz_1/inst/VGA_PCLK                                            |                                                                                                                                                   | frozen_i_2_n_0                                                                                                                                                                        |                1 |              1 |         1.00 |
|  u_cpu/RISC_V_i/mdm_1/U0/MDM_Core_I1/JTAG_CONTROL_I/Test_Access_Port.BUFG_UPDATE/O | u_cpu/RISC_V_i/microblaze_riscv_0/U0/riscv_core_I/Base.Core/Use_Debug_Logic.Master_Core.Debug_Perf/p_100_in                                       | u_cpu/RISC_V_i/microblaze_riscv_0/U0/riscv_core_I/Base.Core/Use_Debug_Logic.Master_Core.Debug_Perf/register_read_cmd                                                                  |                1 |              1 |         1.00 |
|  u_cpu/RISC_V_i/clk_wiz_1/inst/clk_out1                                            | u_cpu/RISC_V_i/microblaze_riscv_0/U0/riscv_core_I/Base.Core/Decode_I/Compression_I/Using_Compression.of_jump_i_1_n_0                              | u_cpu/RISC_V_i/microblaze_riscv_0/U0/riscv_core_I/sync_reset                                                                                                                          |                1 |              1 |         1.00 |
|  u_cpu/RISC_V_i/clk_wiz_1/inst/clk_out1                                            | u_cpu/RISC_V_i/microblaze_riscv_0/U0/riscv_core_I/Base.Core/Decode_I/jump_logic_I1/MUXCY_JUMP_CARRY4/lopt_3                                       | u_cpu/RISC_V_i/microblaze_riscv_0/U0/riscv_core_I/Base.Core/Decode_I/Use_MuxCy[3].OF_Piperun_Stage/MUXCY_I/lopt_4                                                                     |                1 |              1 |         1.00 |
|  u_cpu/RISC_V_i/clk_wiz_1/inst/clk_out1                                            | u_cpu/RISC_V_i/microblaze_riscv_0/U0/riscv_core_I/Base.Core/Decode_I/jump_logic_I1/MUXCY_JUMP_CARRY4/lopt_3                                       | u_cpu/RISC_V_i/microblaze_riscv_0/U0/riscv_core_I/Base.Core/Decode_I/ex_bt_hit_hold                                                                                                   |                1 |              1 |         1.00 |
|  u_cpu/RISC_V_i/clk_wiz_1/inst/clk_out1                                            | u_cpu/RISC_V_i/microblaze_riscv_0/U0/riscv_core_I/Base.Core/Data_Flow_I/csr_I/status[TSR]0                                                        | u_cpu/RISC_V_i/microblaze_riscv_0/U0/riscv_core_I/Base.Core/Data_Flow_I/csr_I/status[MIE]_i_1_n_0                                                                                     |                1 |              1 |         1.00 |
|  u_cpu/RISC_V_i/clk_wiz_1/inst/clk_out1                                            |                                                                                                                                                   | u_cpu/RISC_V_i/microblaze_riscv_0/U0/riscv_core_I/Base.Core/Use_Debug_Logic.Master_Core.Debug_Perf/Serial_Dbg_Intf.capture_1                                                          |                1 |              1 |         1.00 |
| ~OV_PCLK_IBUF_BUFG                                                                 |                                                                                                                                                   |                                                                                                                                                                                       |                1 |              1 |         1.00 |
|  u_cpu/RISC_V_i/clk_wiz_1/inst/clk_out1                                            |                                                                                                                                                   | u_cpu/RISC_V_i/axi_smc/inst/switchboards/i_nodes/i_w_node/inst/s_sc_areset_pipe                                                                                                       |                1 |              1 |         1.00 |
|  u_cpu/RISC_V_i/clk_wiz_1/inst/clk_out1                                            |                                                                                                                                                   | u_cpu/RISC_V_i/axi_smc/inst/switchboards/i_nodes/i_r_node/inst/s_sc_areset_pipe                                                                                                       |                1 |              1 |         1.00 |
|  u_cpu/RISC_V_i/clk_wiz_1/inst/clk_out1                                            |                                                                                                                                                   | u_cpu/RISC_V_i/axi_smc/inst/switchboards/i_nodes/i_b_node/inst/s_sc_areset_pipe                                                                                                       |                1 |              1 |         1.00 |
|  u_cpu/RISC_V_i/clk_wiz_1/inst/clk_out1                                            |                                                                                                                                                   | u_cpu/RISC_V_i/axi_smc/inst/switchboards/i_nodes/i_aw_node/inst/s_sc_areset_pipe                                                                                                      |                1 |              1 |         1.00 |
|  u_cpu/RISC_V_i/clk_wiz_1/inst/clk_out1                                            |                                                                                                                                                   | u_cpu/RISC_V_i/axi_smc/inst/switchboards/i_nodes/i_ar_node/inst/s_sc_areset_pipe                                                                                                      |                1 |              1 |         1.00 |
|  u_cpu/RISC_V_i/clk_wiz_1/inst/clk_out1                                            |                                                                                                                                                   | u_cpu/RISC_V_i/axi_smc/inst/s00_nodes/s00_w_node/inst/s_sc_areset_pipe                                                                                                                |                1 |              1 |         1.00 |
|  u_cpu/RISC_V_i/clk_wiz_1/inst/clk_out1                                            |                                                                                                                                                   | u_cpu/RISC_V_i/axi_smc/inst/s00_nodes/s00_r_node/inst/s_sc_areset_pipe                                                                                                                |                1 |              1 |         1.00 |
|  u_cpu/RISC_V_i/clk_wiz_1/inst/clk_out1                                            |                                                                                                                                                   | u_cpu/RISC_V_i/axi_smc/inst/s00_nodes/s00_b_node/inst/s_sc_areset_pipe                                                                                                                |                1 |              1 |         1.00 |
|  u_cpu/RISC_V_i/clk_wiz_1/inst/clk_out1                                            |                                                                                                                                                   | u_cpu/RISC_V_i/axi_smc/inst/s00_nodes/s00_aw_node/inst/s_sc_areset_pipe                                                                                                               |                1 |              1 |         1.00 |
|  u_cpu/RISC_V_i/clk_wiz_1/inst/clk_out1                                            |                                                                                                                                                   | u_cpu/RISC_V_i/axi_smc/inst/s00_nodes/s00_ar_node/inst/s_sc_areset_pipe                                                                                                               |                1 |              1 |         1.00 |
|  u_cpu/RISC_V_i/clk_wiz_1/inst/clk_out1                                            |                                                                                                                                                   | u_cpu/RISC_V_i/axi_smc/inst/m04_nodes/m04_ar_node/inst/s_sc_areset_pipe                                                                                                               |                1 |              1 |         1.00 |
|  u_cpu/RISC_V_i/clk_wiz_1/inst/clk_out1                                            |                                                                                                                                                   | u_cpu/RISC_V_i/axi_smc/inst/m02_nodes/m02_ar_node/inst/s_sc_areset_pipe                                                                                                               |                1 |              1 |         1.00 |
|  u_cpu/RISC_V_i/clk_wiz_1/inst/clk_out1                                            |                                                                                                                                                   | u_cpu/RISC_V_i/axi_smc/inst/m06_nodes/m06_w_node/inst/s_sc_areset_pipe                                                                                                                |                1 |              1 |         1.00 |
|  u_cpu/RISC_V_i/clk_wiz_1/inst/clk_out1                                            |                                                                                                                                                   | u_cpu/RISC_V_i/axi_smc/inst/m06_nodes/m06_aw_node/inst/s_sc_areset_pipe                                                                                                               |                1 |              1 |         1.00 |
|  u_cpu/RISC_V_i/clk_wiz_1/inst/clk_out1                                            |                                                                                                                                                   | u_cpu/RISC_V_i/axi_smc/inst/m05_nodes/m05_w_node/inst/s_sc_areset_pipe                                                                                                                |                1 |              1 |         1.00 |
|  u_cpu/RISC_V_i/clk_wiz_1/inst/clk_out1                                            |                                                                                                                                                   | u_cpu/RISC_V_i/axi_smc/inst/m05_nodes/m05_r_node/inst/s_sc_areset_pipe                                                                                                                |                1 |              1 |         1.00 |
|  u_cpu/RISC_V_i/clk_wiz_1/inst/clk_out1                                            |                                                                                                                                                   | u_cpu/RISC_V_i/axi_smc/inst/m06_nodes/m06_b_node/inst/s_sc_areset_pipe                                                                                                                |                1 |              1 |         1.00 |
|  u_cpu/RISC_V_i/clk_wiz_1/inst/clk_out1                                            | u_cpu/RISC_V_i/axi_iic_0/U0/X_IIC/DYN_MASTER_I/p_3_in                                                                                             | u_cpu/RISC_V_i/axi_iic_0/U0/X_IIC/REG_INTERFACE_I/Tx_fifo_rst                                                                                                                         |                1 |              1 |         1.00 |
|  u_cpu/RISC_V_i/clk_wiz_1/inst/clk_out1                                            |                                                                                                                                                   | u_cpu/RISC_V_i/axi_smc/inst/m05_nodes/m05_b_node/inst/s_sc_areset_pipe                                                                                                                |                1 |              1 |         1.00 |
|  u_cpu/RISC_V_i/clk_wiz_1/inst/clk_out1                                            |                                                                                                                                                   | u_cpu/RISC_V_i/axi_smc/inst/m04_nodes/m04_aw_node/inst/s_sc_areset_pipe                                                                                                               |                1 |              1 |         1.00 |
|  u_cpu/RISC_V_i/clk_wiz_1/inst/clk_out1                                            |                                                                                                                                                   | u_cpu/RISC_V_i/axi_smc/inst/m00_nodes/m00_ar_node/inst/s_sc_areset_pipe                                                                                                               |                1 |              1 |         1.00 |
|  u_cpu/RISC_V_i/clk_wiz_1/inst/clk_out1                                            |                                                                                                                                                   | u_cpu/RISC_V_i/axi_smc/inst/m02_nodes/m02_aw_node/inst/s_sc_areset_pipe                                                                                                               |                1 |              1 |         1.00 |
|  u_cpu/RISC_V_i/clk_wiz_1/inst/clk_out1                                            |                                                                                                                                                   | u_cpu/RISC_V_i/axi_smc/inst/m00_nodes/m00_r_node/inst/s_sc_areset_pipe                                                                                                                |                1 |              1 |         1.00 |
|  u_cpu/RISC_V_i/clk_wiz_1/inst/clk_out1                                            |                                                                                                                                                   | u_cpu/RISC_V_i/axi_smc/inst/m05_nodes/m05_aw_node/inst/s_sc_areset_pipe                                                                                                               |                1 |              1 |         1.00 |
|  u_cpu/RISC_V_i/clk_wiz_1/inst/clk_out1                                            |                                                                                                                                                   | u_cpu/RISC_V_i/axi_smc/inst/m00_nodes/m00_aw_node/inst/s_sc_areset_pipe                                                                                                               |                1 |              1 |         1.00 |
|  u_cpu/RISC_V_i/clk_wiz_1/inst/clk_out1                                            |                                                                                                                                                   | u_cpu/RISC_V_i/axi_smc/inst/m03_nodes/m03_b_node/inst/s_sc_areset_pipe                                                                                                                |                1 |              1 |         1.00 |
|  u_cpu/RISC_V_i/clk_wiz_1/inst/clk_out1                                            |                                                                                                                                                   | u_cpu/RISC_V_i/axi_smc/inst/m02_nodes/m02_b_node/inst/s_sc_areset_pipe                                                                                                                |                1 |              1 |         1.00 |
|  u_cpu/RISC_V_i/clk_wiz_1/inst/clk_out1                                            |                                                                                                                                                   | u_cpu/RISC_V_i/axi_smc/inst/m03_nodes/m03_r_node/inst/s_sc_areset_pipe                                                                                                                |                1 |              1 |         1.00 |
|  u_cpu/RISC_V_i/clk_wiz_1/inst/clk_out1                                            |                                                                                                                                                   | u_cpu/RISC_V_i/axi_smc/inst/m00_nodes/m00_b_node/inst/s_sc_areset_pipe                                                                                                                |                1 |              1 |         1.00 |
|  u_cpu/RISC_V_i/clk_wiz_1/inst/clk_out1                                            |                                                                                                                                                   | u_cpu/RISC_V_i/axi_smc/inst/m02_nodes/m02_r_node/inst/s_sc_areset_pipe                                                                                                                |                1 |              1 |         1.00 |
|  u_cpu/RISC_V_i/clk_wiz_1/inst/clk_out1                                            |                                                                                                                                                   | u_cpu/RISC_V_i/axi_smc/inst/m01_nodes/m01_ar_node/inst/s_sc_areset_pipe                                                                                                               |                1 |              1 |         1.00 |
|  u_cpu/RISC_V_i/clk_wiz_1/inst/clk_out1                                            |                                                                                                                                                   | u_cpu/RISC_V_i/axi_smc/inst/m00_nodes/m00_w_node/inst/s_sc_areset_pipe                                                                                                                |                1 |              1 |         1.00 |
|  u_cpu/RISC_V_i/clk_wiz_1/inst/clk_out1                                            |                                                                                                                                                   | u_cpu/RISC_V_i/axi_smc/inst/m06_nodes/m06_ar_node/inst/s_sc_areset_pipe                                                                                                               |                1 |              1 |         1.00 |
|  u_cpu/RISC_V_i/clk_wiz_1/inst/clk_out1                                            |                                                                                                                                                   | u_cpu/RISC_V_i/axi_smc/inst/m05_nodes/m05_ar_node/inst/s_sc_areset_pipe                                                                                                               |                1 |              1 |         1.00 |
|  u_cpu/RISC_V_i/clk_wiz_1/inst/clk_out1                                            |                                                                                                                                                   | u_cpu/RISC_V_i/axi_smc/inst/m01_nodes/m01_b_node/inst/s_sc_areset_pipe                                                                                                                |                1 |              1 |         1.00 |
|  u_cpu/RISC_V_i/clk_wiz_1/inst/clk_out1                                            |                                                                                                                                                   | u_cpu/RISC_V_i/axi_smc/inst/m01_nodes/m01_aw_node/inst/s_sc_areset_pipe                                                                                                               |                1 |              1 |         1.00 |
|  u_cpu/RISC_V_i/clk_wiz_1/inst/clk_out1                                            |                                                                                                                                                   | u_cpu/RISC_V_i/axi_smc/inst/m06_nodes/m06_r_node/inst/s_sc_areset_pipe                                                                                                                |                1 |              1 |         1.00 |
|  u_cpu/RISC_V_i/clk_wiz_1/inst/clk_out1                                            |                                                                                                                                                   | u_cpu/RISC_V_i/axi_smc/inst/m02_nodes/m02_w_node/inst/s_sc_areset_pipe                                                                                                                |                1 |              1 |         1.00 |
|  u_cpu/RISC_V_i/clk_wiz_1/inst/clk_out1                                            |                                                                                                                                                   | u_cpu/RISC_V_i/axi_smc/inst/m04_nodes/m04_b_node/inst/s_sc_areset_pipe                                                                                                                |                1 |              1 |         1.00 |
|  u_cpu/RISC_V_i/clk_wiz_1/inst/clk_out1                                            |                                                                                                                                                   | u_cpu/RISC_V_i/axi_smc/inst/m01_nodes/m01_r_node/inst/s_sc_areset_pipe                                                                                                                |                1 |              1 |         1.00 |
|  u_cpu/RISC_V_i/clk_wiz_1/inst/clk_out1                                            |                                                                                                                                                   | u_cpu/RISC_V_i/axi_smc/inst/m04_nodes/m04_w_node/inst/s_sc_areset_pipe                                                                                                                |                1 |              1 |         1.00 |
|  u_cpu/RISC_V_i/clk_wiz_1/inst/clk_out1                                            |                                                                                                                                                   | u_cpu/RISC_V_i/axi_smc/inst/m01_nodes/m01_w_node/inst/s_sc_areset_pipe                                                                                                                |                1 |              1 |         1.00 |
|  u_cpu/RISC_V_i/clk_wiz_1/inst/clk_out1                                            |                                                                                                                                                   | u_cpu/RISC_V_i/axi_smc/inst/m03_nodes/m03_ar_node/inst/s_sc_areset_pipe                                                                                                               |                1 |              1 |         1.00 |
|  u_cpu/RISC_V_i/clk_wiz_1/inst/clk_out1                                            |                                                                                                                                                   | u_cpu/RISC_V_i/axi_smc/inst/m03_nodes/m03_w_node/inst/s_sc_areset_pipe                                                                                                                |                1 |              1 |         1.00 |
|  u_cpu/RISC_V_i/clk_wiz_1/inst/clk_out1                                            |                                                                                                                                                   | u_cpu/RISC_V_i/axi_smc/inst/m03_nodes/m03_aw_node/inst/s_sc_areset_pipe                                                                                                               |                1 |              1 |         1.00 |
|  u_cpu/RISC_V_i/clk_wiz_1/inst/clk_out1                                            | u_cpu/RISC_V_i/microblaze_riscv_0/U0/riscv_core_I/Base.Core/Use_Debug_Logic.Master_Core.Trigger_Perf/Use_Trigger.tdata1_all[0][dmode]             | u_cpu/RISC_V_i/microblaze_riscv_0/U0/riscv_core_I/sync_reset                                                                                                                          |                1 |              1 |         1.00 |
| ~u_cpu/RISC_V_i/mdm_1/U0/Use_E2.BSCAN_I/TCK_BUFG                                   |                                                                                                                                                   |                                                                                                                                                                                       |                1 |              1 |         1.00 |
|  u_cpu/RISC_V_i/mdm_1/U0/MDM_Core_I1/JTAG_CONTROL_I/Test_Access_Port.BUFG_UPDATE/O |                                                                                                                                                   | u_cpu/RISC_V_i/microblaze_riscv_0/U0/riscv_core_I/Base.Core/Use_Debug_Logic.Master_Core.Debug_Perf/Functional_Reset22_out                                                             |                1 |              1 |         1.00 |
|  u_cpu/RISC_V_i/mdm_1/U0/MDM_Core_I1/JTAG_CONTROL_I/Test_Access_Port.BUFG_UPDATE/O |                                                                                                                                                   | u_cpu/RISC_V_i/microblaze_riscv_0/U0/riscv_core_I/Base.Core/Use_Debug_Logic.Master_Core.Debug_Perf/continue_from_brk                                                                  |                1 |              1 |         1.00 |
|  u_cpu/RISC_V_i/mdm_1/U0/MDM_Core_I1/JTAG_CONTROL_I/Test_Access_Port.BUFG_UPDATE/O |                                                                                                                                                   | u_cpu/RISC_V_i/microblaze_riscv_0/U0/riscv_core_I/Base.Core/Decode_I/Trace_WB_Valid_Instr                                                                                             |                1 |              1 |         1.00 |
|  u_cpu/RISC_V_i/mdm_1/U0/MDM_Core_I1/JTAG_CONTROL_I/Test_Access_Port.BUFG_UPDATE/O | u_cpu/RISC_V_i/microblaze_riscv_0/U0/riscv_core_I/Base.Core/Use_Debug_Logic.Master_Core.Debug_Perf/dmcontrol_write                                | u_cpu/RISC_V_i/microblaze_riscv_0/U0/riscv_core_I/Base.Core/Use_Debug_Logic.Master_Core.Debug_Perf/Dbg_Step                                                                           |                1 |              1 |         1.00 |
|  u_cpu/RISC_V_i/mdm_1/U0/MDM_Core_I1/JTAG_CONTROL_I/Test_Access_Port.BUFG_UPDATE/O | u_cpu/RISC_V_i/microblaze_riscv_0/U0/riscv_core_I/Base.Core/Use_Debug_Logic.Master_Core.Debug_Perf/dmcontrol_write                                | u_cpu/RISC_V_i/microblaze_riscv_0/U0/riscv_core_I/Base.Core/Use_Debug_Logic.Master_Core.Debug_Perf/normal_stop_cmd_i                                                                  |                1 |              1 |         1.00 |
|  u_cpu/RISC_V_i/clk_wiz_1/inst/clk_out1                                            | u_cpu/RISC_V_i/microblaze_riscv_0/U0/riscv_core_I/Base.Core/Data_Flow_I/csr_I/Use_Counters.mcountinhibit_reg[CY]0                                 | u_cpu/RISC_V_i/microblaze_riscv_0/U0/riscv_core_I/sync_reset                                                                                                                          |                2 |              2 |         1.00 |
|  u_cpu/RISC_V_i/clk_wiz_1/inst/clk_out1                                            | u_cpu/RISC_V_i/microblaze_riscv_0/U0/riscv_core_I/Base.Core/Use_Debug_Logic.Master_Core.Trigger_Perf/Use_Trigger.tdata1_all[0][dmode]1            | u_cpu/RISC_V_i/microblaze_riscv_0/U0/riscv_core_I/sync_reset                                                                                                                          |                1 |              2 |         2.00 |
|  u_cpu/RISC_V_i/clk_wiz_1/inst/clk_out1                                            | u_cpu/RISC_V_i/axi_iic_0/U0/X_IIC/WRITE_FIFO_CTRL_I/CI                                                                                            |                                                                                                                                                                                       |                1 |              2 |         2.00 |
|  u_cpu/RISC_V_i/mdm_1/U0/Use_E2.BSCAN_I/TCK_BUFG                                   |                                                                                                                                                   | u_cpu/RISC_V_i/mdm_1/U0/Use_E2.BSCAN_I/RESET                                                                                                                                          |                1 |              2 |         2.00 |
|  u_cpu/RISC_V_i/clk_wiz_1/inst/clk_out1                                            |                                                                                                                                                   | u_cpu/RISC_V_i/axi_smc/inst/m01_nodes/m01_w_node/inst/s_sc_xpm_cdc_async_rst_inst/reset_pol                                                                                           |                1 |              3 |         3.00 |
|  u_cpu/RISC_V_i/clk_wiz_1/inst/clk_out1                                            |                                                                                                                                                   | u_cpu/RISC_V_i/axi_smc/inst/m02_exit_pipeline/m02_exit/inst/xpm_cdc_async_rst_inst/reset_pol                                                                                          |                1 |              3 |         3.00 |
|  u_cpu/RISC_V_i/clk_wiz_1/inst/clk_out1                                            |                                                                                                                                                   | u_cpu/RISC_V_i/axi_smc/inst/m03_exit_pipeline/m03_exit/inst/xpm_cdc_async_rst_inst/reset_pol                                                                                          |                1 |              3 |         3.00 |
|  u_cpu/RISC_V_i/clk_wiz_1/inst/clk_out1                                            |                                                                                                                                                   | u_cpu/RISC_V_i/axi_smc/inst/m03_nodes/m03_ar_node/inst/s_sc_xpm_cdc_async_rst_inst/reset_pol                                                                                          |                1 |              3 |         3.00 |
|  u_cpu/RISC_V_i/clk_wiz_1/inst/clk_out1                                            |                                                                                                                                                   | u_cpu/RISC_V_i/axi_smc/inst/m02_nodes/m02_ar_node/inst/s_sc_xpm_cdc_async_rst_inst/reset_pol                                                                                          |                1 |              3 |         3.00 |
|  u_cpu/RISC_V_i/clk_wiz_1/inst/clk_out1                                            |                                                                                                                                                   | u_cpu/RISC_V_i/axi_smc/inst/m02_nodes/m02_aw_node/inst/s_sc_xpm_cdc_async_rst_inst/reset_pol                                                                                          |                1 |              3 |         3.00 |
|  u_cpu/RISC_V_i/clk_wiz_1/inst/clk_out1                                            |                                                                                                                                                   | u_cpu/RISC_V_i/axi_smc/inst/m02_nodes/m02_b_node/inst/s_sc_xpm_cdc_async_rst_inst/reset_pol                                                                                           |                1 |              3 |         3.00 |
|  u_cpu/RISC_V_i/clk_wiz_1/inst/clk_out1                                            |                                                                                                                                                   | u_cpu/RISC_V_i/axi_smc/inst/m02_nodes/m02_r_node/inst/s_sc_xpm_cdc_async_rst_inst/reset_pol                                                                                           |                1 |              3 |         3.00 |
|  u_cpu/RISC_V_i/clk_wiz_1/inst/clk_out1                                            |                                                                                                                                                   | u_cpu/RISC_V_i/axi_smc/inst/m02_nodes/m02_w_node/inst/s_sc_xpm_cdc_async_rst_inst/reset_pol                                                                                           |                1 |              3 |         3.00 |
|  u_cpu/RISC_V_i/clk_wiz_1/inst/clk_out1                                            |                                                                                                                                                   | u_cpu/RISC_V_i/axi_smc/inst/m04_nodes/m04_r_node/inst/s_sc_xpm_cdc_async_rst_inst/reset_pol                                                                                           |                1 |              3 |         3.00 |
|  u_cpu/RISC_V_i/clk_wiz_1/inst/clk_out1                                            |                                                                                                                                                   | u_cpu/RISC_V_i/axi_smc/inst/m03_nodes/m03_aw_node/inst/s_sc_xpm_cdc_async_rst_inst/reset_pol                                                                                          |                1 |              3 |         3.00 |
|  u_cpu/RISC_V_i/clk_wiz_1/inst/clk_out1                                            |                                                                                                                                                   | u_cpu/RISC_V_i/axi_smc/inst/m03_nodes/m03_b_node/inst/s_sc_xpm_cdc_async_rst_inst/reset_pol                                                                                           |                1 |              3 |         3.00 |
|  u_cpu/RISC_V_i/clk_wiz_1/inst/clk_out1                                            |                                                                                                                                                   | u_cpu/RISC_V_i/axi_smc/inst/m03_nodes/m03_r_node/inst/s_sc_xpm_cdc_async_rst_inst/reset_pol                                                                                           |                1 |              3 |         3.00 |
|  u_cpu/RISC_V_i/clk_wiz_1/inst/clk_out1                                            |                                                                                                                                                   | u_cpu/RISC_V_i/axi_smc/inst/m03_nodes/m03_w_node/inst/s_sc_xpm_cdc_async_rst_inst/reset_pol                                                                                           |                1 |              3 |         3.00 |
|  u_cpu/RISC_V_i/clk_wiz_1/inst/clk_out1                                            |                                                                                                                                                   | u_cpu/RISC_V_i/axi_smc/inst/m04_nodes/m04_w_node/inst/s_sc_xpm_cdc_async_rst_inst/reset_pol                                                                                           |                1 |              3 |         3.00 |
|  u_cpu/RISC_V_i/clk_wiz_1/inst/clk_out1                                            |                                                                                                                                                   | u_cpu/RISC_V_i/axi_smc/inst/m04_exit_pipeline/m04_exit/inst/xpm_cdc_async_rst_inst/reset_pol                                                                                          |                1 |              3 |         3.00 |
|  u_cpu/RISC_V_i/clk_wiz_1/inst/clk_out1                                            |                                                                                                                                                   | u_cpu/RISC_V_i/axi_smc/inst/m06_nodes/m06_r_node/inst/s_sc_xpm_cdc_async_rst_inst/reset_pol                                                                                           |                1 |              3 |         3.00 |
|  u_cpu/RISC_V_i/clk_wiz_1/inst/clk_out1                                            |                                                                                                                                                   | u_cpu/RISC_V_i/axi_smc/inst/m04_nodes/m04_ar_node/inst/s_sc_xpm_cdc_async_rst_inst/reset_pol                                                                                          |                1 |              3 |         3.00 |
|  u_cpu/RISC_V_i/clk_wiz_1/inst/clk_out1                                            |                                                                                                                                                   | u_cpu/RISC_V_i/axi_smc/inst/m04_nodes/m04_aw_node/inst/s_sc_xpm_cdc_async_rst_inst/reset_pol                                                                                          |                1 |              3 |         3.00 |
|  u_cpu/RISC_V_i/clk_wiz_1/inst/clk_out1                                            |                                                                                                                                                   | u_cpu/RISC_V_i/axi_smc/inst/m06_nodes/m06_b_node/inst/s_sc_xpm_cdc_async_rst_inst/reset_pol                                                                                           |                1 |              3 |         3.00 |
|  u_cpu/RISC_V_i/clk_wiz_1/inst/clk_out1                                            |                                                                                                                                                   | u_cpu/RISC_V_i/axi_smc/inst/m04_nodes/m04_b_node/inst/s_sc_xpm_cdc_async_rst_inst/reset_pol                                                                                           |                1 |              3 |         3.00 |
|  u_cpu/RISC_V_i/clk_wiz_1/inst/clk_out1                                            |                                                                                                                                                   | u_cpu/RISC_V_i/axi_smc/inst/m05_exit_pipeline/m05_exit/inst/xpm_cdc_async_rst_inst/reset_pol                                                                                          |                1 |              3 |         3.00 |
|  u_cpu/RISC_V_i/clk_wiz_1/inst/clk_out1                                            |                                                                                                                                                   | u_cpu/RISC_V_i/axi_smc/inst/m06_nodes/m06_ar_node/inst/s_sc_xpm_cdc_async_rst_inst/reset_pol                                                                                          |                1 |              3 |         3.00 |
|  u_cpu/RISC_V_i/clk_wiz_1/inst/clk_out1                                            |                                                                                                                                                   | u_cpu/RISC_V_i/axi_smc/inst/m05_nodes/m05_ar_node/inst/s_sc_xpm_cdc_async_rst_inst/reset_pol                                                                                          |                1 |              3 |         3.00 |
|  u_cpu/RISC_V_i/clk_wiz_1/inst/clk_out1                                            |                                                                                                                                                   | u_cpu/RISC_V_i/axi_smc/inst/m05_nodes/m05_aw_node/inst/s_sc_xpm_cdc_async_rst_inst/reset_pol                                                                                          |                1 |              3 |         3.00 |
|  u_cpu/RISC_V_i/clk_wiz_1/inst/clk_out1                                            |                                                                                                                                                   | u_cpu/RISC_V_i/axi_smc/inst/m05_nodes/m05_b_node/inst/s_sc_xpm_cdc_async_rst_inst/reset_pol                                                                                           |                1 |              3 |         3.00 |
|  u_cpu/RISC_V_i/clk_wiz_1/inst/clk_out1                                            |                                                                                                                                                   | u_cpu/RISC_V_i/axi_smc/inst/m05_nodes/m05_r_node/inst/s_sc_xpm_cdc_async_rst_inst/reset_pol                                                                                           |                1 |              3 |         3.00 |
|  u_cpu/RISC_V_i/clk_wiz_1/inst/clk_out1                                            |                                                                                                                                                   | u_cpu/RISC_V_i/axi_smc/inst/m05_nodes/m05_w_node/inst/s_sc_xpm_cdc_async_rst_inst/reset_pol                                                                                           |                1 |              3 |         3.00 |
|  u_cpu/RISC_V_i/clk_wiz_1/inst/clk_out1                                            |                                                                                                                                                   | u_cpu/RISC_V_i/axi_smc/inst/m06_nodes/m06_aw_node/inst/s_sc_xpm_cdc_async_rst_inst/reset_pol                                                                                          |                1 |              3 |         3.00 |
|  u_cpu/RISC_V_i/clk_wiz_1/inst/clk_out1                                            |                                                                                                                                                   | u_cpu/RISC_V_i/axi_smc/inst/m06_exit_pipeline/m06_exit/inst/xpm_cdc_async_rst_inst/reset_pol                                                                                          |                1 |              3 |         3.00 |
|  u_cpu/RISC_V_i/clk_wiz_1/inst/clk_out1                                            |                                                                                                                                                   | u_cpu/RISC_V_i/axi_smc/inst/m06_nodes/m06_w_node/inst/s_sc_xpm_cdc_async_rst_inst/reset_pol                                                                                           |                1 |              3 |         3.00 |
|  u_cpu/RISC_V_i/clk_wiz_1/inst/clk_out1                                            |                                                                                                                                                   | u_cpu/RISC_V_i/axi_smc/inst/s00_entry_pipeline/s00_mmu/inst/xpm_cdc_async_rst_inst/reset_pol                                                                                          |                1 |              3 |         3.00 |
|  u_cpu/RISC_V_i/clk_wiz_1/inst/clk_out1                                            |                                                                                                                                                   | u_cpu/RISC_V_i/axi_smc/inst/s00_entry_pipeline/s00_si_converter/inst/xpm_cdc_async_rst_inst/reset_pol                                                                                 |                1 |              3 |         3.00 |
|  u_cpu/RISC_V_i/clk_wiz_1/inst/clk_out1                                            |                                                                                                                                                   | u_cpu/RISC_V_i/axi_smc/inst/s00_entry_pipeline/s00_transaction_regulator/inst/xpm_cdc_async_rst_inst/reset_pol                                                                        |                1 |              3 |         3.00 |
|  u_cpu/RISC_V_i/clk_wiz_1/inst/clk_out1                                            |                                                                                                                                                   | u_cpu/RISC_V_i/axi_smc/inst/s00_nodes/s00_ar_node/inst/s_sc_xpm_cdc_async_rst_inst/reset_pol                                                                                          |                1 |              3 |         3.00 |
|  u_cpu/RISC_V_i/clk_wiz_1/inst/clk_out1                                            |                                                                                                                                                   | u_cpu/RISC_V_i/axi_smc/inst/s00_nodes/s00_aw_node/inst/s_sc_xpm_cdc_async_rst_inst/reset_pol                                                                                          |                1 |              3 |         3.00 |
|  u_cpu/RISC_V_i/clk_wiz_1/inst/clk_out1                                            |                                                                                                                                                   | u_cpu/RISC_V_i/axi_smc/inst/s00_nodes/s00_b_node/inst/s_sc_xpm_cdc_async_rst_inst/reset_pol                                                                                           |                1 |              3 |         3.00 |
|  u_cpu/RISC_V_i/clk_wiz_1/inst/clk_out1                                            |                                                                                                                                                   | u_cpu/RISC_V_i/axi_smc/inst/s00_nodes/s00_r_node/inst/s_sc_xpm_cdc_async_rst_inst/reset_pol                                                                                           |                1 |              3 |         3.00 |
|  u_cpu/RISC_V_i/clk_wiz_1/inst/clk_out1                                            |                                                                                                                                                   | u_cpu/RISC_V_i/axi_smc/inst/s00_nodes/s00_w_node/inst/s_sc_xpm_cdc_async_rst_inst/reset_pol                                                                                           |                1 |              3 |         3.00 |
|  u_cpu/RISC_V_i/clk_wiz_1/inst/clk_out1                                            |                                                                                                                                                   | u_cpu/RISC_V_i/axi_smc/inst/switchboards/i_nodes/i_ar_node/inst/s_sc_xpm_cdc_async_rst_inst/reset_pol                                                                                 |                1 |              3 |         3.00 |
|  u_cpu/RISC_V_i/clk_wiz_1/inst/clk_out1                                            |                                                                                                                                                   | u_cpu/RISC_V_i/axi_smc/inst/switchboards/i_nodes/i_aw_node/inst/s_sc_xpm_cdc_async_rst_inst/reset_pol                                                                                 |                1 |              3 |         3.00 |
|  u_cpu/RISC_V_i/clk_wiz_1/inst/clk_out1                                            |                                                                                                                                                   | u_cpu/RISC_V_i/axi_smc/inst/switchboards/i_nodes/i_b_node/inst/s_sc_xpm_cdc_async_rst_inst/reset_pol                                                                                  |                1 |              3 |         3.00 |
|  u_cpu/RISC_V_i/clk_wiz_1/inst/clk_out1                                            |                                                                                                                                                   | u_cpu/RISC_V_i/axi_smc/inst/switchboards/i_nodes/i_r_node/inst/s_sc_xpm_cdc_async_rst_inst/reset_pol                                                                                  |                1 |              3 |         3.00 |
|  u_cpu/RISC_V_i/clk_wiz_1/inst/clk_out1                                            |                                                                                                                                                   | u_cpu/RISC_V_i/axi_smc/inst/switchboards/i_nodes/i_w_node/inst/s_sc_xpm_cdc_async_rst_inst/reset_pol                                                                                  |                1 |              3 |         3.00 |
|  u_cpu/RISC_V_i/clk_wiz_1/inst/clk_out1                                            | u_cpu/RISC_V_i/microblaze_riscv_0/U0/riscv_core_I/Base.Core/Use_Debug_Logic.Master_Core.Debug_Perf/dcsr_reg1                                      | u_cpu/RISC_V_i/microblaze_riscv_0/U0/riscv_core_I/sync_reset                                                                                                                          |                2 |              3 |         1.50 |
|  u_cpu/RISC_V_i/clk_wiz_1/inst/clk_out1                                            |                                                                                                                                                   | u_cpu/RISC_V_i/axi_smc/inst/m01_nodes/m01_aw_node/inst/s_sc_xpm_cdc_async_rst_inst/reset_pol                                                                                          |                1 |              3 |         3.00 |
| ~u_cpu/RISC_V_i/mdm_1/U0/Use_JTAG_BSCAN.BUFG_JTAG_TCK/O                            |                                                                                                                                                   |                                                                                                                                                                                       |                2 |              3 |         1.50 |
|  u_cpu/RISC_V_i/clk_wiz_1/inst/clk_out1                                            |                                                                                                                                                   | u_cpu/RISC_V_i/axi_smc/inst/m00_nodes/m00_w_node/inst/s_sc_xpm_cdc_async_rst_inst/reset_pol                                                                                           |                1 |              3 |         3.00 |
|  u_cpu/RISC_V_i/clk_wiz_1/inst/clk_out1                                            |                                                                                                                                                   | u_cpu/RISC_V_i/axi_smc/inst/m00_nodes/m00_ar_node/inst/s_sc_xpm_cdc_async_rst_inst/reset_pol                                                                                          |                1 |              3 |         3.00 |
|  u_cpu/RISC_V_i/clk_wiz_1/inst/clk_out1                                            |                                                                                                                                                   | u_cpu/RISC_V_i/axi_smc/inst/m00_nodes/m00_aw_node/inst/s_sc_xpm_cdc_async_rst_inst/reset_pol                                                                                          |                1 |              3 |         3.00 |
|  u_cpu/RISC_V_i/clk_wiz_1/inst/clk_out1                                            |                                                                                                                                                   | u_cpu/RISC_V_i/axi_smc/inst/m00_nodes/m00_b_node/inst/s_sc_xpm_cdc_async_rst_inst/reset_pol                                                                                           |                1 |              3 |         3.00 |
|  u_cpu/RISC_V_i/clk_wiz_1/inst/clk_out1                                            |                                                                                                                                                   | u_cpu/RISC_V_i/axi_smc/inst/m00_exit_pipeline/m00_exit/inst/xpm_cdc_async_rst_inst/reset_pol                                                                                          |                1 |              3 |         3.00 |
|  u_cpu/RISC_V_i/clk_wiz_1/inst/clk_out1                                            |                                                                                                                                                   | u_cpu/RISC_V_i/axi_smc/inst/m00_nodes/m00_r_node/inst/s_sc_xpm_cdc_async_rst_inst/reset_pol                                                                                           |                1 |              3 |         3.00 |
|  u_cpu/RISC_V_i/clk_wiz_1/inst/clk_out1                                            |                                                                                                                                                   | u_cpu/RISC_V_i/axi_smc/inst/m01_nodes/m01_ar_node/inst/s_sc_xpm_cdc_async_rst_inst/reset_pol                                                                                          |                1 |              3 |         3.00 |
|  u_cpu/RISC_V_i/clk_wiz_1/inst/clk_out1                                            |                                                                                                                                                   | u_cpu/RISC_V_i/axi_smc/inst/m01_exit_pipeline/m01_exit/inst/xpm_cdc_async_rst_inst/reset_pol                                                                                          |                1 |              3 |         3.00 |
|  u_cpu/RISC_V_i/mdm_1/U0/MDM_Core_I1/JTAG_CONTROL_I/Test_Access_Port.BUFG_UPDATE/O | u_cpu/RISC_V_i/microblaze_riscv_0/U0/riscv_core_I/Base.Core/Use_Debug_Logic.Master_Core.Debug_Perf/p_100_in                                       | u_cpu/RISC_V_i/microblaze_riscv_0/U0/riscv_core_I/Base.Core/Use_Debug_Logic.Master_Core.Debug_Perf/do_new_dbg_instr                                                                   |                1 |              3 |         3.00 |
|  u_cpu/RISC_V_i/clk_wiz_1/inst/clk_out1                                            |                                                                                                                                                   | u_cpu/RISC_V_i/axi_smc/inst/m01_nodes/m01_b_node/inst/s_sc_xpm_cdc_async_rst_inst/reset_pol                                                                                           |                1 |              3 |         3.00 |
|  u_cpu/RISC_V_i/clk_wiz_1/inst/clk_out1                                            |                                                                                                                                                   | u_cpu/RISC_V_i/axi_smc/inst/m01_nodes/m01_r_node/inst/s_sc_xpm_cdc_async_rst_inst/reset_pol                                                                                           |                1 |              3 |         3.00 |
|  u_cpu/RISC_V_i/clk_wiz_1/inst/clk_out1                                            |                                                                                                                                                   | u_cpu/RISC_V_i/axi_gpio_leds/U0/AXI_LITE_IPIF_I/I_SLAVE_ATTACHMENT/INCLUDE_DPHASE_TIMER.dpto_cnt0                                                                                     |                1 |              4 |         4.00 |
|  u_cpu/RISC_V_i/clk_wiz_1/inst/clk_out1                                            |                                                                                                                                                   | u_cpu/RISC_V_i/rst_clk_wiz_1_100M/U0/bus_struct_reset[0]                                                                                                                              |                3 |              4 |         1.33 |
|  u_cpu/RISC_V_i/clk_wiz_1/inst/clk_out1                                            | u_cpu/RISC_V_i/axi_iic_0/U0/X_IIC/WRITE_FIFO_I/Data_Exists                                                                                        | u_cpu/RISC_V_i/axi_iic_0/U0/X_IIC/REG_INTERFACE_I/Tx_fifo_rst                                                                                                                         |                1 |              4 |         4.00 |
| ~OV_PCLK_IBUF_BUFG                                                                 | u_cap/first_byte[3]_i_1_n_0                                                                                                                       |                                                                                                                                                                                       |                2 |              4 |         2.00 |
|  u_cpu/RISC_V_i/clk_wiz_1/inst/clk_out1                                            |                                                                                                                                                   | u_cpu/RISC_V_i/axi_smc/inst/s00_entry_pipeline/s00_transaction_regulator/inst/areset                                                                                                  |                1 |              4 |         4.00 |
|  u_cpu/RISC_V_i/clk_wiz_1/inst/clk_out1                                            | u_cpu/RISC_V_i/axi_uartlite_0/U0/AXI_LITE_IPIF_I/I_SLAVE_ATTACHMENT/start2                                                                        | u_cpu/RISC_V_i/axi_uartlite_0/U0/AXI_LITE_IPIF_I/I_SLAVE_ATTACHMENT/I_DECODER/cs_ce_clr                                                                                               |                1 |              4 |         4.00 |
|  u_cpu/RISC_V_i/clk_wiz_1/inst/clk_out1                                            | u_cpu/RISC_V_i/axi_gpio_buttons/U0/AXI_LITE_IPIF_I/I_SLAVE_ATTACHMENT/start2                                                                      | u_cpu/RISC_V_i/axi_gpio_buttons/U0/AXI_LITE_IPIF_I/I_SLAVE_ATTACHMENT/I_DECODER/cs_ce_clr                                                                                             |                2 |              4 |         2.00 |
|  u_cpu/RISC_V_i/clk_wiz_1/inst/clk_out1                                            |                                                                                                                                                   | u_cpu/RISC_V_i/axi_smc/inst/clk_map/psr_aclk/U0/EXT_LPF/Lpf_reset                                                                                                                     |                2 |              4 |         2.00 |
|  u_cpu/RISC_V_i/clk_wiz_1/inst/clk_out1                                            | u_cpu/RISC_V_i/axi_iic_0/U0/X_IIC/IIC_CONTROL_I/scl_state[3]_i_1_n_0                                                                              | u_cpu/RISC_V_i/axi_iic_0/U0/X_IIC/IIC_CONTROL_I/al_i_i_1_n_0                                                                                                                          |                3 |              4 |         1.33 |
|  u_cpu/RISC_V_i/clk_wiz_1/inst/clk_out1                                            | u_cpu/RISC_V_i/axi_iic_0/U0/X_IIC/X_AXI_IPIF_SSP1/AXI_LITE_IPIF_I/I_SLAVE_ATTACHMENT/I_DECODER/WrCE_Out[25]                                       | u_cpu/RISC_V_i/axi_iic_0/U0/X_IIC/X_AXI_IPIF_SSP1/X_SOFT_RESET/Reset2IP_Reset                                                                                                         |                2 |              4 |         2.00 |
|  u_cpu/RISC_V_i/clk_wiz_1/inst/clk_out1                                            |                                                                                                                                                   | u_cpu/RISC_V_i/axi_iic_0/U0/X_IIC/X_AXI_IPIF_SSP1/AXI_LITE_IPIF_I/I_SLAVE_ATTACHMENT/INCLUDE_DPHASE_TIMER.dpto_cnt0                                                                   |                1 |              4 |         4.00 |
|  u_cpu/RISC_V_i/clk_wiz_1/inst/clk_out1                                            | u_cpu/RISC_V_i/axi_gpio_buttons/U0/AXI_LITE_IPIF_I/I_SLAVE_ATTACHMENT/bus2ip_addr_i[8]_i_1_n_0                                                    | u_cpu/RISC_V_i/axi_gpio_buttons/U0/AXI_LITE_IPIF_I/I_SLAVE_ATTACHMENT/rst                                                                                                             |                1 |              4 |         4.00 |
|  u_cpu/RISC_V_i/clk_wiz_1/inst/clk_out1                                            |                                                                                                                                                   | u_cpu/RISC_V_i/axi_gpio_buttons/U0/AXI_LITE_IPIF_I/I_SLAVE_ATTACHMENT/INCLUDE_DPHASE_TIMER.dpto_cnt0                                                                                  |                1 |              4 |         4.00 |
|  u_cpu/RISC_V_i/clk_wiz_1/inst/clk_out1                                            | u_cpu/RISC_V_i/axi_gpio_switches/U0/AXI_LITE_IPIF_I/I_SLAVE_ATTACHMENT/bus2ip_addr_i[8]_i_1_n_0                                                   | u_cpu/RISC_V_i/axi_gpio_switches/U0/AXI_LITE_IPIF_I/I_SLAVE_ATTACHMENT/rst                                                                                                            |                2 |              4 |         2.00 |
|  u_cpu/RISC_V_i/clk_wiz_1/inst/clk_out1                                            | u_cpu/RISC_V_i/axi_gpio_switches/U0/AXI_LITE_IPIF_I/I_SLAVE_ATTACHMENT/start2                                                                     | u_cpu/RISC_V_i/axi_gpio_switches/U0/AXI_LITE_IPIF_I/I_SLAVE_ATTACHMENT/I_DECODER/cs_ce_clr                                                                                            |                2 |              4 |         2.00 |
|  u_cpu/RISC_V_i/clk_wiz_1/inst/clk_out1                                            | u_cpu/RISC_V_i/axi_iic_0/U0/X_IIC/READ_FIFO_I/Data_Exists                                                                                         | u_cpu/RISC_V_i/axi_iic_0/U0/X_IIC/X_AXI_IPIF_SSP1/X_SOFT_RESET/Reset2IP_Reset                                                                                                         |                1 |              4 |         4.00 |
|  u_cpu/RISC_V_i/clk_wiz_1/inst/clk_out1                                            |                                                                                                                                                   | u_cpu/RISC_V_i/axi_gpio_switches/U0/AXI_LITE_IPIF_I/I_SLAVE_ATTACHMENT/INCLUDE_DPHASE_TIMER.dpto_cnt0                                                                                 |                1 |              4 |         4.00 |
|  u_cpu/RISC_V_i/clk_wiz_1/inst/clk_out1                                            | u_cpu/RISC_V_i/axi_bram_ctrl_0/U0/gext_inst.abcv4_0_ext_inst/GEN_AXI4.I_FULL_AXI/I_RD_CHNL/GEN_NO_RD_CMD_OPT.rd_data_sm_cs_reg[3]_i_1_n_0         | u_cpu/RISC_V_i/axi_bram_ctrl_0/U0/gext_inst.abcv4_0_ext_inst/GEN_AXI4.I_FULL_AXI/I_RD_CHNL/brst_cnt_rst                                                                               |                2 |              4 |         2.00 |
|  u_cpu/RISC_V_i/clk_wiz_1/inst/clk_out1                                            | u_cpu/RISC_V_i/axi_iic_0/U0/X_IIC/WRITE_FIFO_CTRL_I/Data_Exists_DFF_n_0                                                                           | u_cpu/RISC_V_i/axi_iic_0/U0/X_IIC/REG_INTERFACE_I/Tx_fifo_rst                                                                                                                         |                1 |              4 |         4.00 |
| ~OV_PCLK_IBUF_BUFG                                                                 | u_cap/pixel_reg                                                                                                                                   |                                                                                                                                                                                       |                2 |              4 |         2.00 |
|  u_cpu/RISC_V_i/clk_wiz_1/inst/clk_out1                                            | u_cpu/RISC_V_i/axi_gpio_leds/U0/AXI_LITE_IPIF_I/I_SLAVE_ATTACHMENT/start2                                                                         | u_cpu/RISC_V_i/axi_gpio_leds/U0/AXI_LITE_IPIF_I/I_SLAVE_ATTACHMENT/I_DECODER/cs_ce_clr                                                                                                |                1 |              4 |         4.00 |
|  u_cpu/RISC_V_i/clk_wiz_1/inst/clk_out1                                            | u_cpu/RISC_V_i/axi_gpio_leds/U0/AXI_LITE_IPIF_I/I_SLAVE_ATTACHMENT/bus2ip_addr_i[8]_i_1_n_0                                                       | u_cpu/RISC_V_i/axi_gpio_leds/U0/AXI_LITE_IPIF_I/I_SLAVE_ATTACHMENT/rst                                                                                                                |                1 |              4 |         4.00 |
|  u_cpu/RISC_V_i/clk_wiz_1/inst/clk_out1                                            | u_cpu/RISC_V_i/axi_iic_0/U0/X_IIC/IIC_CONTROL_I/BITCNT/q_int[0]_i_2_n_0                                                                           | u_cpu/RISC_V_i/axi_iic_0/U0/X_IIC/IIC_CONTROL_I/BITCNT/q_int[0]_i_1_n_0                                                                                                               |                1 |              4 |         4.00 |
|  u_cpu/RISC_V_i/clk_wiz_1/inst/clk_out1                                            | u_cpu/RISC_V_i/axi_iic_0/U0/X_IIC/X_AXI_IPIF_SSP1/AXI_LITE_IPIF_I/I_SLAVE_ATTACHMENT/I_DECODER/WrCE_Out[17]                                       | u_cpu/RISC_V_i/axi_iic_0/U0/X_IIC/X_AXI_IPIF_SSP1/X_SOFT_RESET/Reset2IP_Reset                                                                                                         |                5 |              5 |         1.00 |
|  u_cpu/RISC_V_i/clk_wiz_1/inst/clk_out1                                            |                                                                                                                                                   | u_cpu/RISC_V_i/axi_gpio_buttons/U0/gpio_core_1/Read_Reg_Rst                                                                                                                           |                3 |              5 |         1.67 |
|  u_cpu/RISC_V_i/clk_wiz_1/inst/clk_out1                                            | u_cpu/RISC_V_i/axi_gpio_buttons/U0/gpio_core_1/Not_Dual.gpio_OE[0]_i_1_n_0                                                                        | u_cpu/RISC_V_i/axi_gpio_buttons/U0/bus2ip_reset                                                                                                                                       |                2 |              5 |         2.50 |
|  u_cpu/RISC_V_i/mdm_1/U0/Use_JTAG_BSCAN.BUFG_JTAG_TCK/O                            | u_cpu/RISC_V_i/mdm_1/U0/MDM_Core_I1/JTAG_CONTROL_I/sel_bypass                                                                                     |                                                                                                                                                                                       |                2 |              5 |         2.50 |
|  u_cpu/RISC_V_i/clk_wiz_1/inst/clk_out1                                            | u_cpu/RISC_V_i/microblaze_riscv_0/U0/riscv_core_I/Base.Core/Data_Flow_I/csr_I/cause[code][3]_i_1_n_0                                              | u_cpu/RISC_V_i/microblaze_riscv_0/U0/riscv_core_I/sync_reset                                                                                                                          |                3 |              5 |         1.67 |
|  u_cpu/RISC_V_i/clk_wiz_1/inst/clk_out1                                            |                                                                                                                                                   | u_cpu/RISC_V_i/rst_clk_wiz_1_100M/U0/EXT_LPF/Lpf_reset                                                                                                                                |                3 |              5 |         1.67 |
|  u_cpu/RISC_V_i/mdm_1/U0/MDM_Core_I1/JTAG_CONTROL_I/Test_Access_Port.BUFG_UPDATE/O | u_cpu/RISC_V_i/microblaze_riscv_0/U0/riscv_core_I/Base.Core/Use_Debug_Logic.Master_Core.Debug_Perf/p_109_in                                       |                                                                                                                                                                                       |                1 |              5 |         5.00 |
|  u_cpu/RISC_V_i/mdm_1/U0/Use_JTAG_BSCAN.BUFG_JTAG_TCK/O                            | u_cpu/RISC_V_i/mdm_1/U0/MDM_Core_I1/JTAG_CONTROL_I/Test_Access_Port.ir[4]_i_1_n_0                                                                 |                                                                                                                                                                                       |                1 |              5 |         5.00 |
|  u_cpu/RISC_V_i/clk_wiz_1/inst/clk_out1                                            | u_cpu/RISC_V_i/axi_gpio_buttons/U0/AXI_LITE_IPIF_I/I_SLAVE_ATTACHMENT/s_axi_rdata_i                                                               | u_cpu/RISC_V_i/axi_gpio_buttons/U0/AXI_LITE_IPIF_I/I_SLAVE_ATTACHMENT/rst                                                                                                             |                2 |              6 |         3.00 |
|  u_cpu/RISC_V_i/clk_wiz_1/inst/clk_out1                                            |                                                                                                                                                   | u_cpu/RISC_V_i/axi_iic_0/U0/X_IIC/X_AXI_IPIF_SSP1/AXI_Bus2IP_Reset                                                                                                                    |                1 |              6 |         6.00 |
|  u_cpu/RISC_V_i/clk_wiz_1/inst/clk_out1                                            |                                                                                                                                                   | u_cpu/RISC_V_i/axi_uartlite_0/U0/UARTLITE_CORE_I/UARTLITE_RX_I/RX_FIFO_Reset                                                                                                          |                2 |              6 |         3.00 |
|  u_cpu/RISC_V_i/clk_wiz_1/inst/clk_out1                                            |                                                                                                                                                   | u_cpu/RISC_V_i/axi_uartlite_0/U0/UARTLITE_CORE_I/UARTLITE_TX_I/TX_FIFO_Reset                                                                                                          |                2 |              6 |         3.00 |
|  u_cpu/RISC_V_i/clk_wiz_1/inst/clk_out1                                            |                                                                                                                                                   | u_cpu/RISC_V_i/axi_iic_0/U0/X_IIC/REG_INTERFACE_I/Tx_fifo_rst                                                                                                                         |                3 |              6 |         2.00 |
|  u_cpu/RISC_V_i/clk_wiz_1/inst/clk_out1                                            | u_cpu/RISC_V_i/rst_clk_wiz_1_100M/U0/SEQ/seq_cnt_en                                                                                               | u_cpu/RISC_V_i/rst_clk_wiz_1_100M/U0/SEQ/SEQ_COUNTER/q_int[5]_i_1_n_0                                                                                                                 |                1 |              6 |         6.00 |
|  u_cpu/RISC_V_i/clk_wiz_1/inst/clk_out1                                            | u_cpu/RISC_V_i/axi_smc/inst/clk_map/psr_aclk/U0/SEQ/seq_cnt_en                                                                                    | u_cpu/RISC_V_i/axi_smc/inst/clk_map/psr_aclk/U0/SEQ/SEQ_COUNTER/q_int[5]_i_1_n_0                                                                                                      |                1 |              6 |         6.00 |
|  u_cpu/RISC_V_i/clk_wiz_1/inst/clk_out1                                            | u_cpu/RISC_V_i/axi_iic_0/U0/X_IIC/X_AXI_IPIF_SSP1/AXI_LITE_IPIF_I/I_SLAVE_ATTACHMENT/I_DECODER/WrCE_Out[21]                                       | u_cpu/RISC_V_i/axi_iic_0/U0/X_IIC/X_AXI_IPIF_SSP1/X_SOFT_RESET/Reset2IP_Reset                                                                                                         |                1 |              7 |         7.00 |
|  u_cpu/RISC_V_i/clk_wiz_1/inst/clk_out1                                            |                                                                                                                                                   | u_cpu/RISC_V_i/axi_gpio_leds/U0/AXI_LITE_IPIF_I/I_SLAVE_ATTACHMENT/rst                                                                                                                |                2 |              7 |         3.50 |
|  u_cpu/RISC_V_i/clk_wiz_1/inst/clk_out1                                            | u_cpu/RISC_V_i/axi_smc/inst/switchboards/i_nodes/i_r_node/inst/inst_mi_handler/gen_normal_area.gen_fi_regulator.inst_fi_regulator/allow_transfer  | u_cpu/RISC_V_i/axi_smc/inst/switchboards/i_nodes/i_r_node/inst/inst_si_handler/gen_si_handler.gen_arbiter_rr_minimal_area.inst_arbiter/grant_i[6]_i_1_n_0                             |                2 |              7 |         3.50 |
|  u_cpu/RISC_V_i/clk_wiz_1/inst/clk_out1                                            | u_cpu/RISC_V_i/axi_smc/inst/switchboards/i_nodes/i_b_node/inst/inst_si_handler/gen_si_handler.gen_arbiter_rr_minimal_area.inst_arbiter/last_grant | u_cpu/RISC_V_i/axi_smc/inst/switchboards/i_nodes/i_b_node/inst/inst_si_handler/areset_r                                                                                               |                2 |              7 |         3.50 |
|  u_cpu/RISC_V_i/clk_wiz_1/inst/clk_out1                                            |                                                                                                                                                   | u_cpu/RISC_V_i/axi_bram_ctrl_0/U0/gext_inst.abcv4_0_ext_inst/GEN_AXI4.I_FULL_AXI/I_WR_CHNL/bid_fifo_rst                                                                               |                3 |              7 |         2.33 |
|  u_cpu/RISC_V_i/clk_wiz_1/inst/clk_out1                                            | u_cpu/RISC_V_i/axi_smc/inst/s00_entry_pipeline/s00_mmu/inst/wroute_vacancy                                                                        |                                                                                                                                                                                       |                1 |              7 |         7.00 |
|  u_cpu/RISC_V_i/clk_wiz_1/inst/clk_out1                                            | u_cpu/RISC_V_i/axi_uartlite_0/U0/UARTLITE_CORE_I/BAUD_RATE_I/EN_16x_Baud                                                                          | u_cpu/RISC_V_i/axi_uartlite_0/U0/UARTLITE_CORE_I/UARTLITE_RX_I/SERIAL_TO_PARALLEL[8].fifo_din[8]_i_1_n_0                                                                              |                1 |              7 |         7.00 |
|  u_cpu/RISC_V_i/clk_wiz_1/inst/clk_out1                                            |                                                                                                                                                   | u_cpu/RISC_V_i/axi_gpio_buttons/U0/AXI_LITE_IPIF_I/I_SLAVE_ATTACHMENT/rst                                                                                                             |                3 |              7 |         2.33 |
|  u_cpu/RISC_V_i/clk_wiz_1/inst/clk_out1                                            |                                                                                                                                                   | u_cpu/RISC_V_i/axi_bram_ctrl_0/U0/gext_inst.abcv4_0_ext_inst/GEN_AXI4.I_FULL_AXI/GEN_ARB.I_SNG_PORT/axi_awready_int_i_1_n_0                                                           |                4 |              7 |         1.75 |
|  u_cpu/RISC_V_i/clk_wiz_1/inst/clk_out1                                            | u_cpu/RISC_V_i/axi_smc/inst/switchboards/i_nodes/i_b_node/inst/inst_mi_handler/gen_normal_area.gen_fi_regulator.inst_fi_regulator/allow_transfer  | u_cpu/RISC_V_i/axi_smc/inst/switchboards/i_nodes/i_b_node/inst/inst_si_handler/gen_si_handler.gen_arbiter_rr_minimal_area.inst_arbiter/grant_i[6]_i_1_n_0                             |                2 |              7 |         3.50 |
|  u_cpu/RISC_V_i/clk_wiz_1/inst/clk_out1                                            | u_cpu/RISC_V_i/axi_smc/inst/switchboards/i_nodes/i_r_node/inst/inst_si_handler/gen_si_handler.gen_arbiter_rr_minimal_area.inst_arbiter/last_grant | u_cpu/RISC_V_i/axi_smc/inst/switchboards/i_nodes/i_r_node/inst/inst_si_handler/areset_r                                                                                               |                3 |              7 |         2.33 |
|  u_cpu/RISC_V_i/clk_wiz_1/inst/clk_out1                                            |                                                                                                                                                   | u_cpu/RISC_V_i/axi_gpio_switches/U0/AXI_LITE_IPIF_I/I_SLAVE_ATTACHMENT/rst                                                                                                            |                3 |              7 |         2.33 |
|  u_cpu/RISC_V_i/clk_wiz_1/inst/clk_out1                                            | u_cpu/RISC_V_i/motor_ctrl_0/U0/motor_ctrl_slave_lite_v1_0_S00_AXI_inst/slv_reg3[7]_i_1_n_0                                                        | u_cpu/RISC_V_i/motor_ctrl_0/U0/motor_ctrl_slave_lite_v1_0_S00_AXI_inst/slv_reg0[9]_i_1_n_0                                                                                            |                3 |              8 |         2.67 |
|  u_cpu/RISC_V_i/clk_wiz_1/inst/clk_out1                                            | u_cpu/RISC_V_i/motor_ctrl_0/U0/motor_ctrl_slave_lite_v1_0_S00_AXI_inst/slv_reg3[23]_i_1_n_0                                                       | u_cpu/RISC_V_i/motor_ctrl_0/U0/motor_ctrl_slave_lite_v1_0_S00_AXI_inst/slv_reg0[9]_i_1_n_0                                                                                            |                4 |              8 |         2.00 |
|  u_cpu/RISC_V_i/clk_wiz_1/inst/clk_out1                                            | u_cpu/RISC_V_i/motor_ctrl_0/U0/motor_ctrl_slave_lite_v1_0_S00_AXI_inst/slv_reg3[31]_i_1_n_0                                                       | u_cpu/RISC_V_i/motor_ctrl_0/U0/motor_ctrl_slave_lite_v1_0_S00_AXI_inst/slv_reg0[9]_i_1_n_0                                                                                            |                4 |              8 |         2.00 |
|  u_cpu/RISC_V_i/clk_wiz_1/inst/clk_out1                                            | u_cpu/RISC_V_i/motor_ctrl_0/U0/motor_ctrl_slave_lite_v1_0_S00_AXI_inst/slv_reg3[9]_i_1_n_0                                                        | u_cpu/RISC_V_i/motor_ctrl_0/U0/motor_ctrl_slave_lite_v1_0_S00_AXI_inst/slv_reg0[9]_i_1_n_0                                                                                            |                4 |              8 |         2.00 |
|  u_cpu/RISC_V_i/clk_wiz_1/inst/clk_out1                                            | u_cpu/RISC_V_i/motor_ctrl_0/U0/motor_ctrl_slave_lite_v1_0_S00_AXI_inst/slv_reg0[31]_i_1_n_0                                                       | u_cpu/RISC_V_i/motor_ctrl_0/U0/motor_ctrl_slave_lite_v1_0_S00_AXI_inst/slv_reg0[9]_i_1_n_0                                                                                            |                3 |              8 |         2.67 |
|  u_cpu/RISC_V_i/clk_wiz_1/inst/clk_out1                                            | u_cpu/RISC_V_i/motor_ctrl_0/U0/motor_ctrl_slave_lite_v1_0_S00_AXI_inst/slv_reg0[23]_i_1_n_0                                                       | u_cpu/RISC_V_i/motor_ctrl_0/U0/motor_ctrl_slave_lite_v1_0_S00_AXI_inst/slv_reg0[9]_i_1_n_0                                                                                            |                4 |              8 |         2.00 |
|  u_cpu/RISC_V_i/clk_wiz_1/inst/clk_out1                                            | u_cpu/RISC_V_i/motor_ctrl_0/U0/motor_ctrl_slave_lite_v1_0_S00_AXI_inst/slv_reg0[7]_i_1_n_0                                                        | u_cpu/RISC_V_i/motor_ctrl_0/U0/motor_ctrl_slave_lite_v1_0_S00_AXI_inst/slv_reg0[9]_i_1_n_0                                                                                            |                3 |              8 |         2.67 |
|  u_cpu/RISC_V_i/clk_wiz_1/inst/clk_out1                                            | u_cpu/RISC_V_i/axi_iic_0/U0/X_IIC/IIC_CONTROL_I/I2CDATA_REG/data_int[7]_i_2_n_0                                                                   | u_cpu/RISC_V_i/axi_iic_0/U0/X_IIC/IIC_CONTROL_I/I2CDATA_REG/data_int[7]_i_1_n_0                                                                                                       |                1 |              8 |         8.00 |
|  u_cpu/RISC_V_i/clk_wiz_1/inst/clk_out1                                            | u_cpu/RISC_V_i/axi_iic_0/U0/X_IIC/X_AXI_IPIF_SSP1/AXI_LITE_IPIF_I/I_SLAVE_ATTACHMENT/I_DECODER/WrCE_Out[10]                                       | u_cpu/RISC_V_i/axi_iic_0/U0/X_IIC/X_AXI_IPIF_SSP1/X_SOFT_RESET/Reset2IP_Reset                                                                                                         |                3 |              8 |         2.67 |
|  u_cpu/RISC_V_i/clk_wiz_1/inst/clk_out1                                            | u_cpu/RISC_V_i/axi_iic_0/U0/X_IIC/DYN_MASTER_I/rdByteCntr[0]_i_1_n_0                                                                              | u_cpu/RISC_V_i/axi_iic_0/U0/X_IIC/REG_INTERFACE_I/Tx_fifo_rst                                                                                                                         |                3 |              8 |         2.67 |
|  u_cpu/RISC_V_i/clk_wiz_1/inst/clk_out1                                            | u_cpu/RISC_V_i/axi_iic_0/U0/X_IIC/IIC_CONTROL_I/data_i2c_i0                                                                                       | u_cpu/RISC_V_i/axi_iic_0/U0/X_IIC/IIC_CONTROL_I/al_i_i_1_n_0                                                                                                                          |                2 |              8 |         4.00 |
|  u_cpu/RISC_V_i/clk_wiz_1/inst/clk_out1                                            | u_cpu/RISC_V_i/axi_iic_0/U0/X_IIC/IIC_CONTROL_I/i2c_header_en                                                                                     | u_cpu/RISC_V_i/axi_iic_0/U0/X_IIC/IIC_CONTROL_I/I2CHEADER_REG/data_int[7]_i_1_n_0                                                                                                     |                3 |              8 |         2.67 |
|  u_cpu/RISC_V_i/clk_wiz_1/inst/clk_out1                                            | u_cpu/RISC_V_i/axi_uartlite_0/U0/UARTLITE_CORE_I/UARTLITE_RX_I/fifo_wr                                                                            |                                                                                                                                                                                       |                1 |              8 |         8.00 |
|  u_cpu/RISC_V_i/clk_wiz_1/inst/clk_out1                                            | u_cpu/RISC_V_i/axi_uartlite_0/U0/UARTLITE_CORE_I/UARTLITE_TX_I/fifo_wr                                                                            |                                                                                                                                                                                       |                1 |              8 |         8.00 |
|  u_cpu/RISC_V_i/clk_wiz_1/inst/clk_out1                                            |                                                                                                                                                   | u_cpu/RISC_V_i/axi_iic_0/U0/X_IIC/X_AXI_IPIF_SSP1/AXI_LITE_IPIF_I/I_SLAVE_ATTACHMENT/rst                                                                                              |                4 |              8 |         2.00 |
|  u_cpu/RISC_V_i/mdm_1/U0/Use_E2.BSCAN_I/TCK_BUFG                                   | u_cpu/RISC_V_i/mdm_1/U0/Use_JTAG_BSCAN.bit_cnt                                                                                                    | u_cpu/RISC_V_i/mdm_1/U0/Use_JTAG_BSCAN.bit_cnt[7]_i_1_n_0                                                                                                                             |                2 |              8 |         4.00 |
|  u_cpu/RISC_V_i/mdm_1/U0/Use_E2.BSCAN_I/TCK_BUFG                                   | u_cpu/RISC_V_i/mdm_1/U0/Use_JTAG_BSCAN.tap_cnt                                                                                                    |                                                                                                                                                                                       |                3 |              8 |         2.67 |
|  u_cpu/RISC_V_i/clk_wiz_1/inst/clk_out1                                            | u_cpu/RISC_V_i/axi_bram_ctrl_0/U0/gext_inst.abcv4_0_ext_inst/GEN_AXI4.I_FULL_AXI/I_RD_CHNL/GEN_NO_RD_CMD_OPT.brst_cnt[7]_i_1_n_0                  | u_cpu/RISC_V_i/axi_bram_ctrl_0/U0/gext_inst.abcv4_0_ext_inst/GEN_AXI4.I_FULL_AXI/I_RD_CHNL/brst_cnt_rst                                                                               |                3 |              8 |         2.67 |
|  u_cpu/RISC_V_i/clk_wiz_1/inst/clk_out1                                            | u_cpu/RISC_V_i/motor_ctrl_0/U0/motor_ctrl_slave_lite_v1_0_S00_AXI_inst/slv_reg0[9]_i_2_n_0                                                        | u_cpu/RISC_V_i/motor_ctrl_0/U0/motor_ctrl_slave_lite_v1_0_S00_AXI_inst/slv_reg0[9]_i_1_n_0                                                                                            |                5 |              8 |         1.60 |
|  u_cpu/RISC_V_i/clk_wiz_1/inst/clk_out1                                            | u_cpu/RISC_V_i/axi_iic_0/U0/X_IIC/WRITE_FIFO_I/CI                                                                                                 |                                                                                                                                                                                       |                1 |              8 |         8.00 |
|  u_cpu/RISC_V_i/clk_wiz_1/inst/clk_out1                                            | u_cpu/RISC_V_i/axi_iic_0/U0/X_IIC/READ_FIFO_I/CI                                                                                                  |                                                                                                                                                                                       |                1 |              8 |         8.00 |
|  u_cpu/RISC_V_i/clk_wiz_1/inst/clk_out1                                            | u_cpu/RISC_V_i/motor_ctrl_0/U0/motor_ctrl_slave_lite_v1_0_S00_AXI_inst/slv_reg2[23]_i_1_n_0                                                       | u_cpu/RISC_V_i/motor_ctrl_0/U0/motor_ctrl_slave_lite_v1_0_S00_AXI_inst/slv_reg0[9]_i_1_n_0                                                                                            |                3 |              8 |         2.67 |
|  u_cpu/RISC_V_i/clk_wiz_1/inst/clk_out1                                            | u_cpu/RISC_V_i/motor_ctrl_0/U0/motor_ctrl_slave_lite_v1_0_S00_AXI_inst/slv_reg1[23]_i_1_n_0                                                       | u_cpu/RISC_V_i/motor_ctrl_0/U0/motor_ctrl_slave_lite_v1_0_S00_AXI_inst/slv_reg0[9]_i_1_n_0                                                                                            |                2 |              8 |         4.00 |
|  u_cpu/RISC_V_i/clk_wiz_1/inst/clk_out1                                            | u_cpu/RISC_V_i/motor_ctrl_0/U0/motor_ctrl_slave_lite_v1_0_S00_AXI_inst/slv_reg1[31]_i_1_n_0                                                       | u_cpu/RISC_V_i/motor_ctrl_0/U0/motor_ctrl_slave_lite_v1_0_S00_AXI_inst/slv_reg0[9]_i_1_n_0                                                                                            |                3 |              8 |         2.67 |
|  u_cpu/RISC_V_i/clk_wiz_1/inst/clk_out1                                            | u_cpu/RISC_V_i/motor_ctrl_0/U0/motor_ctrl_slave_lite_v1_0_S00_AXI_inst/slv_reg1[7]_i_1_n_0                                                        | u_cpu/RISC_V_i/motor_ctrl_0/U0/motor_ctrl_slave_lite_v1_0_S00_AXI_inst/slv_reg0[9]_i_1_n_0                                                                                            |                3 |              8 |         2.67 |
|  u_cpu/RISC_V_i/clk_wiz_1/inst/clk_out1                                            | u_cpu/RISC_V_i/motor_ctrl_0/U0/motor_ctrl_slave_lite_v1_0_S00_AXI_inst/slv_reg2[9]_i_1_n_0                                                        | u_cpu/RISC_V_i/motor_ctrl_0/U0/motor_ctrl_slave_lite_v1_0_S00_AXI_inst/slv_reg0[9]_i_1_n_0                                                                                            |                3 |              8 |         2.67 |
|  u_cpu/RISC_V_i/clk_wiz_1/inst/clk_out1                                            | u_cpu/RISC_V_i/motor_ctrl_0/U0/motor_ctrl_slave_lite_v1_0_S00_AXI_inst/slv_reg1[9]_i_1_n_0                                                        | u_cpu/RISC_V_i/motor_ctrl_0/U0/motor_ctrl_slave_lite_v1_0_S00_AXI_inst/slv_reg0[9]_i_1_n_0                                                                                            |                4 |              8 |         2.00 |
|  u_cpu/RISC_V_i/clk_wiz_1/inst/clk_out1                                            | u_cpu/RISC_V_i/motor_ctrl_0/U0/motor_ctrl_slave_lite_v1_0_S00_AXI_inst/slv_reg2[7]_i_1_n_0                                                        | u_cpu/RISC_V_i/motor_ctrl_0/U0/motor_ctrl_slave_lite_v1_0_S00_AXI_inst/slv_reg0[9]_i_1_n_0                                                                                            |                2 |              8 |         4.00 |
|  u_cpu/RISC_V_i/clk_wiz_1/inst/clk_out1                                            | u_cpu/RISC_V_i/motor_ctrl_0/U0/motor_ctrl_slave_lite_v1_0_S00_AXI_inst/slv_reg2[31]_i_1_n_0                                                       | u_cpu/RISC_V_i/motor_ctrl_0/U0/motor_ctrl_slave_lite_v1_0_S00_AXI_inst/slv_reg0[9]_i_1_n_0                                                                                            |                3 |              8 |         2.67 |
|  u_cpu/RISC_V_i/clk_wiz_1/inst/clk_out1                                            |                                                                                                                                                   | u_cpu/RISC_V_i/motor_ctrl_0/U0/motor_ctrl_slave_lite_v1_0_S00_AXI_inst/slv_reg0[9]_i_1_n_0                                                                                            |                4 |              9 |         2.25 |
|  u_cpu/RISC_V_i/mdm_1/U0/Use_JTAG_BSCAN.BUFG_JTAG_TCK/O                            |                                                                                                                                                   |                                                                                                                                                                                       |                5 |              9 |         1.80 |
|  u_cpu/RISC_V_i/clk_wiz_1/inst/clk_out1                                            | u_cpu/RISC_V_i/axi_uartlite_0/U0/AXI_LITE_IPIF_I/I_SLAVE_ATTACHMENT/s_axi_rdata_i                                                                 | u_cpu/RISC_V_i/axi_uartlite_0/U0/AXI_LITE_IPIF_I/I_SLAVE_ATTACHMENT/rst                                                                                                               |                3 |              9 |         3.00 |
|  u_cpu/RISC_V_i/clk_wiz_1/inst/clk_out1                                            | u_cpu/RISC_V_i/axi_bram_ctrl_0/U0/gext_inst.abcv4_0_ext_inst/GEN_AXI4.I_FULL_AXI/ADDR_SNG_PORT.sng_bram_addr_ld_en                                | u_cpu/RISC_V_i/axi_bram_ctrl_0/U0/gext_inst.abcv4_0_ext_inst/GEN_AXI4.I_FULL_AXI/I_WR_CHNL/Sng_BRAM_Addr_Rst                                                                          |                3 |              9 |         3.00 |
|  u_cpu/RISC_V_i/clk_wiz_1/inst/VGA_PCLK                                            | u_VGASignalGenerator/hCount[9]_i_1_n_0                                                                                                            |                                                                                                                                                                                       |                5 |              9 |         1.80 |
|  u_cpu/RISC_V_i/clk_wiz_1/inst/clk_out1                                            |                                                                                                                                                   | u_cpu/RISC_V_i/axi_uartlite_0/U0/AXI_LITE_IPIF_I/I_SLAVE_ATTACHMENT/rst                                                                                                               |                5 |              9 |         1.80 |
|  u_cpu/RISC_V_i/clk_wiz_1/inst/clk_out1                                            | u_cpu/RISC_V_i/axi_iic_0/U0/X_IIC/X_AXI_IPIF_SSP1/AXI_LITE_IPIF_I/I_SLAVE_ATTACHMENT/bus2ip_addr_i[7]_i_1_n_0                                     | u_cpu/RISC_V_i/axi_iic_0/U0/X_IIC/X_AXI_IPIF_SSP1/AXI_LITE_IPIF_I/I_SLAVE_ATTACHMENT/rst                                                                                              |                5 |             10 |         2.00 |
|  u_cpu/RISC_V_i/clk_wiz_1/inst/clk_out1                                            | u_cpu/RISC_V_i/axi_bram_ctrl_0/U0/gext_inst.abcv4_0_ext_inst/GEN_AXI4.I_FULL_AXI/ADDR_SNG_PORT.bram_addr_int[11]_i_1_n_0                          | u_cpu/RISC_V_i/axi_bram_ctrl_0/U0/gext_inst.abcv4_0_ext_inst/GEN_AXI4.I_FULL_AXI/I_WR_CHNL/Sng_BRAM_Addr_Rst                                                                          |                3 |             10 |         3.33 |
|  u_cpu/RISC_V_i/clk_wiz_1/inst/clk_out1                                            |                                                                                                                                                   | u_cpu/RISC_V_i/axi_iic_0/U0/X_IIC/IIC_CONTROL_I/CLKCNT/q_int[0]_i_1_n_0                                                                                                               |                3 |             10 |         3.33 |
|  u_cpu/RISC_V_i/clk_wiz_1/inst/VGA_PCLK                                            |                                                                                                                                                   | u_VGASignalGenerator/hCount[9]_i_1_n_0                                                                                                                                                |                4 |             10 |         2.50 |
|  u_cpu/RISC_V_i/clk_wiz_1/inst/clk_out1                                            | u_cpu/RISC_V_i/axi_iic_0/U0/X_IIC/X_AXI_IPIF_SSP1/AXI_LITE_IPIF_I/I_SLAVE_ATTACHMENT/I_DECODER/WrCE_Out[29]                                       | u_cpu/RISC_V_i/axi_iic_0/U0/X_IIC/X_AXI_IPIF_SSP1/X_SOFT_RESET/Reset2IP_Reset                                                                                                         |                4 |             10 |         2.50 |
|  u_cpu/RISC_V_i/clk_wiz_1/inst/clk_out1                                            | u_cpu/RISC_V_i/axi_iic_0/U0/X_IIC/X_AXI_IPIF_SSP1/AXI_LITE_IPIF_I/I_SLAVE_ATTACHMENT/I_DECODER/WrCE_Out[28]                                       | u_cpu/RISC_V_i/axi_iic_0/U0/X_IIC/X_AXI_IPIF_SSP1/X_SOFT_RESET/Reset2IP_Reset                                                                                                         |                5 |             10 |         2.00 |
|  u_cpu/RISC_V_i/clk_wiz_1/inst/clk_out1                                            | u_cpu/RISC_V_i/axi_iic_0/U0/X_IIC/X_AXI_IPIF_SSP1/AXI_LITE_IPIF_I/I_SLAVE_ATTACHMENT/I_DECODER/WrCE_Out[31]                                       | u_cpu/RISC_V_i/axi_iic_0/U0/X_IIC/X_AXI_IPIF_SSP1/X_SOFT_RESET/Reset2IP_Reset                                                                                                         |                3 |             10 |         3.33 |
|  u_cpu/RISC_V_i/clk_wiz_1/inst/clk_out1                                            | u_cpu/RISC_V_i/axi_iic_0/U0/X_IIC/IIC_CONTROL_I/SETUP_CNT/q_int[0]_i_2_n_0                                                                        | u_cpu/RISC_V_i/axi_iic_0/U0/X_IIC/IIC_CONTROL_I/SETUP_CNT/q_int[0]_i_1_n_0                                                                                                            |                2 |             10 |         5.00 |
|  u_cpu/RISC_V_i/clk_wiz_1/inst/clk_out1                                            |                                                                                                                                                   | u_cpu/RISC_V_i/axi_gpio_buttons/U0/bus2ip_reset                                                                                                                                       |                4 |             10 |         2.50 |
|  u_cpu/RISC_V_i/clk_wiz_1/inst/clk_out1                                            | u_cpu/RISC_V_i/axi_iic_0/U0/X_IIC/X_AXI_IPIF_SSP1/AXI_LITE_IPIF_I/I_SLAVE_ATTACHMENT/I_DECODER/WrCE_Out[34]                                       | u_cpu/RISC_V_i/axi_iic_0/U0/X_IIC/X_AXI_IPIF_SSP1/X_SOFT_RESET/Reset2IP_Reset                                                                                                         |                4 |             10 |         2.50 |
|  u_cpu/RISC_V_i/clk_wiz_1/inst/clk_out1                                            | u_cpu/RISC_V_i/axi_iic_0/U0/X_IIC/X_AXI_IPIF_SSP1/AXI_LITE_IPIF_I/I_SLAVE_ATTACHMENT/I_DECODER/WrCE_Out[33]                                       | u_cpu/RISC_V_i/axi_iic_0/U0/X_IIC/X_AXI_IPIF_SSP1/X_SOFT_RESET/Reset2IP_Reset                                                                                                         |                4 |             10 |         2.50 |
|  u_cpu/RISC_V_i/clk_wiz_1/inst/clk_out1                                            | u_cpu/RISC_V_i/axi_iic_0/U0/X_IIC/X_AXI_IPIF_SSP1/AXI_LITE_IPIF_I/I_SLAVE_ATTACHMENT/I_DECODER/WrCE_Out[32]                                       | u_cpu/RISC_V_i/axi_iic_0/U0/X_IIC/X_AXI_IPIF_SSP1/X_SOFT_RESET/Reset2IP_Reset                                                                                                         |                3 |             10 |         3.33 |
|  u_cpu/RISC_V_i/clk_wiz_1/inst/clk_out1                                            | u_cpu/RISC_V_i/axi_iic_0/U0/X_IIC/X_AXI_IPIF_SSP1/AXI_LITE_IPIF_I/I_SLAVE_ATTACHMENT/I_DECODER/WrCE_Out[30]                                       | u_cpu/RISC_V_i/axi_iic_0/U0/X_IIC/X_AXI_IPIF_SSP1/X_SOFT_RESET/Reset2IP_Reset                                                                                                         |                2 |             10 |         5.00 |
|  u_cpu/RISC_V_i/clk_wiz_1/inst/clk_out1                                            | u_cpu/RISC_V_i/axi_iic_0/U0/X_IIC/X_AXI_IPIF_SSP1/AXI_LITE_IPIF_I/I_SLAVE_ATTACHMENT/I_DECODER/WrCE_Out[27]                                       | u_cpu/RISC_V_i/axi_iic_0/U0/X_IIC/X_AXI_IPIF_SSP1/X_SOFT_RESET/Reset2IP_Reset                                                                                                         |                2 |             10 |         5.00 |
|  u_cpu/RISC_V_i/mdm_1/U0/Use_E2.BSCAN_I/TCK_BUFG                                   |                                                                                                                                                   |                                                                                                                                                                                       |                5 |             11 |         2.20 |
|  u_cpu/RISC_V_i/clk_wiz_1/inst/clk_out1                                            |                                                                                                                                                   | u_cpu/RISC_V_i/motor_ctrl_0/U0/u_m1/cnt[0]_i_1_n_0                                                                                                                                    |                3 |             12 |         4.00 |
|  u_cpu/RISC_V_i/clk_wiz_1/inst/clk_out1                                            | u_cpu/RISC_V_i/axi_bram_ctrl_0/U0/gext_inst.abcv4_0_ext_inst/GEN_AXI4.I_FULL_AXI/I_RD_CHNL/rd_skid_buf_ld                                         | u_cpu/RISC_V_i/axi_bram_ctrl_0/U0/gext_inst.abcv4_0_ext_inst/GEN_AXI4.I_FULL_AXI/I_RD_CHNL/brst_cnt_rst                                                                               |                3 |             12 |         4.00 |
|  u_cpu/RISC_V_i/clk_wiz_1/inst/clk_out1                                            | u_cpu/RISC_V_i/axi_bram_ctrl_0/U0/gext_inst.abcv4_0_ext_inst/GEN_AXI4.I_FULL_AXI/I_WR_CHNL/wrdata_reg_ld                                          |                                                                                                                                                                                       |                6 |             12 |         2.00 |
|  u_cpu/RISC_V_i/clk_wiz_1/inst/clk_out1                                            |                                                                                                                                                   | u_cpu/RISC_V_i/axi_bram_ctrl_0/U0/gext_inst.abcv4_0_ext_inst/GEN_AXI4.I_FULL_AXI/I_RD_CHNL/brst_cnt_rst                                                                               |                8 |             12 |         1.50 |
|  u_cpu/RISC_V_i/clk_wiz_1/inst/clk_out1                                            |                                                                                                                                                   | u_cpu/RISC_V_i/motor_ctrl_0/U0/u_m4/cnt[0]_i_1_n_0                                                                                                                                    |                3 |             12 |         4.00 |
|  u_cpu/RISC_V_i/clk_wiz_1/inst/clk_out1                                            | u_cpu/RISC_V_i/axi_iic_0/U0/X_IIC/X_AXI_IPIF_SSP1/AXI_LITE_IPIF_I/I_SLAVE_ATTACHMENT/s_axi_rdata_i                                                | u_cpu/RISC_V_i/axi_iic_0/U0/X_IIC/X_AXI_IPIF_SSP1/AXI_LITE_IPIF_I/I_SLAVE_ATTACHMENT/rst                                                                                              |                7 |             12 |         1.71 |
|  u_cpu/RISC_V_i/clk_wiz_1/inst/clk_out1                                            |                                                                                                                                                   | u_cpu/RISC_V_i/motor_ctrl_0/U0/u_m2/cnt[0]_i_1_n_0                                                                                                                                    |                3 |             12 |         4.00 |
|  u_cpu/RISC_V_i/clk_wiz_1/inst/clk_out1                                            | u_cpu/RISC_V_i/axi_bram_ctrl_0/U0/gext_inst.abcv4_0_ext_inst/GEN_AXI4.I_FULL_AXI/I_RD_CHNL/axi_rdata_en                                           | u_cpu/RISC_V_i/axi_bram_ctrl_0/U0/gext_inst.abcv4_0_ext_inst/GEN_AXI4.I_FULL_AXI/I_RD_CHNL/GEN_NO_RD_CMD_OPT.GEN_RDATA_NO_ECC.GEN_RDATA_NO_RL_NO_ECC.GEN_RDATA[31].axi_rdata_int_reg0 |                2 |             12 |         6.00 |
|  u_cpu/RISC_V_i/clk_wiz_1/inst/clk_out1                                            |                                                                                                                                                   | u_cpu/RISC_V_i/motor_ctrl_0/U0/u_m3/cnt[0]_i_1_n_0                                                                                                                                    |                3 |             12 |         4.00 |
|  u_cpu/RISC_V_i/clk_wiz_1/inst/clk_out1                                            | u_cpu/RISC_V_i/BRAMMux_0/U0/s_out_fb_en                                                                                                           |                                                                                                                                                                                       |                5 |             14 |         2.80 |
|  u_cpu/RISC_V_i/mdm_1/U0/MDM_Core_I1/JTAG_CONTROL_I/Test_Access_Port.BUFG_DRCK/O   | u_cpu/RISC_V_i/mdm_1/U0/MDM_Core_I1/JTAG_CONTROL_I/dmistat15_out                                                                                  |                                                                                                                                                                                       |                5 |             15 |         3.00 |
|  u_cpu/RISC_V_i/clk_wiz_1/inst/clk_out1                                            | u_cpu/RISC_V_i/microblaze_riscv_0/U0/riscv_core_I/Base.Core/Decode_I/IF_PC_Write                                                                  | u_cpu/RISC_V_i/microblaze_riscv_0/U0/riscv_core_I/sync_reset                                                                                                                          |                5 |             15 |         3.00 |
|  u_cpu/RISC_V_i/clk_wiz_1/inst/clk_out1                                            | u_cpu/RISC_V_i/microblaze_riscv_0/U0/riscv_core_I/Base.Core/Decode_I/PC_Module_I_i_1_n_0                                                          | u_cpu/RISC_V_i/microblaze_riscv_0/U0/riscv_core_I/sync_reset                                                                                                                          |                9 |             16 |         1.78 |
|  u_cpu/RISC_V_i/clk_wiz_1/inst/clk_out1                                            | u_cpu/RISC_V_i/microblaze_riscv_0/U0/riscv_core_I/Base.Core/Decode_I/Use_MuxCy[11].OF_Piperun_Stage/MUXCY_I/lopt_7                                | u_cpu/RISC_V_i/microblaze_riscv_0/U0/riscv_core_I/sync_reset                                                                                                                          |                5 |             16 |         3.20 |
|  u_cpu/RISC_V_i/clk_wiz_1/inst/clk_out1                                            | u_cpu/RISC_V_i/axi_gpio_switches/U0/gpio_core_1/Not_Dual.gpio_OE[0]_i_1_n_0                                                                       | u_cpu/RISC_V_i/axi_gpio_switches/U0/bus2ip_reset                                                                                                                                      |                7 |             16 |         2.29 |
|  u_cpu/RISC_V_i/clk_wiz_1/inst/clk_out1                                            |                                                                                                                                                   | u_cpu/RISC_V_i/axi_gpio_leds/U0/gpio_core_1/reg1[31]                                                                                                                                  |                5 |             16 |         3.20 |
|  u_cpu/RISC_V_i/clk_wiz_1/inst/clk_out1                                            |                                                                                                                                                   | u_cpu/RISC_V_i/axi_gpio_switches/U0/gpio_core_1/Read_Reg_Rst                                                                                                                          |                7 |             16 |         2.29 |
|  u_cpu/RISC_V_i/clk_wiz_1/inst/clk_out1                                            | u_cpu/RISC_V_i/microblaze_riscv_0/U0/riscv_core_I/Base.Core/Data_Flow_I/csr_I/Has_MEM.WB_PC[15]_i_1_n_0                                           | u_cpu/RISC_V_i/microblaze_riscv_0/U0/riscv_core_I/sync_reset                                                                                                                          |                7 |             16 |         2.29 |
|  u_cpu/RISC_V_i/clk_wiz_1/inst/clk_out1                                            | u_cpu/RISC_V_i/microblaze_riscv_0/U0/riscv_core_I/Base.Core/Decode_I/Compression_I/Using_Compression.of_instr_prev[15]_i_1_n_0                    | u_cpu/RISC_V_i/microblaze_riscv_0/U0/riscv_core_I/sync_reset                                                                                                                          |                8 |             16 |         2.00 |
|  u_cpu/RISC_V_i/clk_wiz_1/inst/clk_out1                                            | u_cpu/RISC_V_i/axi_gpio_switches/U0/AXI_LITE_IPIF_I/I_SLAVE_ATTACHMENT/s_axi_rdata_i                                                              | u_cpu/RISC_V_i/axi_gpio_switches/U0/AXI_LITE_IPIF_I/I_SLAVE_ATTACHMENT/rst                                                                                                            |                7 |             17 |         2.43 |
|  u_cpu/RISC_V_i/clk_wiz_1/inst/clk_out1                                            | u_cpu/RISC_V_i/axi_gpio_leds/U0/AXI_LITE_IPIF_I/I_SLAVE_ATTACHMENT/s_axi_rdata_i                                                                  | u_cpu/RISC_V_i/axi_gpio_leds/U0/AXI_LITE_IPIF_I/I_SLAVE_ATTACHMENT/rst                                                                                                                |                7 |             17 |         2.43 |
|  u_cpu/RISC_V_i/clk_wiz_1/inst/clk_out1                                            | u_cpu/RISC_V_i/microblaze_riscv_0/U0/riscv_core_I/Base.Core/Decode_I/mem_wait_on_ready_N_carry_or/MUXCY_I/lopt_1                                  | u_cpu/RISC_V_i/microblaze_riscv_0/U0/riscv_core_I/sync_reset                                                                                                                          |                7 |             17 |         2.43 |
|  u_cpu/RISC_V_i/clk_wiz_1/inst/clk_out1                                            |                                                                                                                                                   | u_cpu/RISC_V_i/axi_smc/inst/s00_entry_pipeline/s00_mmu/inst/areset                                                                                                                    |                7 |             18 |         2.57 |
|  u_cpu/RISC_V_i/clk_wiz_1/inst/VGA_PCLK                                            | u_VGASignalGenerator/fb_index[0]_i_2_n_0                                                                                                          | u_VGASignalGenerator/fb_index0                                                                                                                                                        |                5 |             19 |         3.80 |
| ~OV_PCLK_IBUF_BUFG                                                                 | u_cap/addr_reg                                                                                                                                    | OV_VSYNC_IBUF                                                                                                                                                                         |                5 |             19 |         3.80 |
|  u_cpu/RISC_V_i/clk_wiz_1/inst/clk_out1                                            | u_cpu/RISC_V_i/microblaze_riscv_0/U0/riscv_core_I/Base.Core/Decode_I/Use_MuxCy[11].OF_Piperun_Stage/MUXCY_I/lopt_1                                | u_cpu/RISC_V_i/microblaze_riscv_0/U0/riscv_core_I/Base.Core/Data_Flow_I/Operand_Select_I/ex_imm_not_4[1]_i_1_n_0                                                                      |               10 |             20 |         2.00 |
|  u_cpu/RISC_V_i/mdm_1/U0/MDM_Core_I1/JTAG_CONTROL_I/Test_Access_Port.BUFG_UPDATE/O |                                                                                                                                                   |                                                                                                                                                                                       |               10 |             20 |         2.00 |
|  u_cpu/RISC_V_i/clk_wiz_1/inst/clk_out1                                            |                                                                                                                                                   | u_cpu/RISC_V_i/axi_gpio_switches/U0/bus2ip_reset                                                                                                                                      |                7 |             21 |         3.00 |
|  u_cpu/RISC_V_i/clk_wiz_1/inst/clk_out1                                            |                                                                                                                                                   | u_cpu/RISC_V_i/axi_gpio_leds/U0/bus2ip_reset                                                                                                                                          |                8 |             21 |         2.62 |
|  u_cpu/RISC_V_i/mdm_1/U0/Use_E2.BSCAN_I/TCK_BUFG                                   |                                                                                                                                                   | u_cpu/RISC_V_i/mdm_1/U0/Use_JTAG_BSCAN.bscanid[26]_i_1_n_0                                                                                                                            |                4 |             21 |         5.25 |
|  u_cpu/RISC_V_i/clk_wiz_1/inst/clk_out1                                            |                                                                                                                                                   | u_cpu/RISC_V_i/axi_smc/inst/switchboards/i_nodes/i_r_node/inst/inst_si_handler/areset_r                                                                                               |                7 |             21 |         3.00 |
|  u_cpu/RISC_V_i/clk_wiz_1/inst/clk_out1                                            |                                                                                                                                                   | u_cpu/RISC_V_i/axi_smc/inst/switchboards/i_nodes/i_b_node/inst/inst_si_handler/areset_r                                                                                               |                7 |             21 |         3.00 |
|  u_cpu/RISC_V_i/clk_wiz_1/inst/clk_out1                                            | u_cpu/RISC_V_i/axi_iic_0/U0/X_IIC/X_AXI_IPIF_SSP1/AXI_LITE_IPIF_I/I_SLAVE_ATTACHMENT/start2                                                       | u_cpu/RISC_V_i/axi_iic_0/U0/X_IIC/X_AXI_IPIF_SSP1/AXI_LITE_IPIF_I/I_SLAVE_ATTACHMENT/I_DECODER/cs_ce_clr                                                                              |               12 |             24 |         2.00 |
|  u_cpu/RISC_V_i/clk_wiz_1/inst/clk_out1                                            |                                                                                                                                                   | u_cpu/RISC_V_i/microblaze_riscv_0/U0/riscv_core_I/Base.Core/Decode_I/ex_cmul_op_i                                                                                                     |                7 |             25 |         3.57 |
|  u_cpu/RISC_V_i/clk_wiz_1/inst/clk_out1                                            | u_cpu/RISC_V_i/axi_smc/inst/switchboards/i_nodes/i_aw_node/inst/inst_si_handler/s_sc_valid                                                        |                                                                                                                                                                                       |               12 |             28 |         2.33 |
|  u_cpu/RISC_V_i/clk_wiz_1/inst/clk_out1                                            | u_cpu/RISC_V_i/axi_smc/inst/s00_entry_pipeline/s00_mmu/inst/aw_reg_stall/m_vector_i[1081]_i_1_n_0                                                 |                                                                                                                                                                                       |               11 |             28 |         2.55 |
|  u_cpu/RISC_V_i/clk_wiz_1/inst/clk_out1                                            | u_cpu/RISC_V_i/axi_smc/inst/s00_entry_pipeline/s00_mmu/inst/aw_reg_stall/load_skid                                                                |                                                                                                                                                                                       |               11 |             28 |         2.55 |
|  u_cpu/RISC_V_i/clk_wiz_1/inst/clk_out1                                            | u_cpu/RISC_V_i/axi_smc/inst/s00_entry_pipeline/s00_mmu/inst/ar_reg_stall/m_vector_i[1081]_i_1_n_0                                                 |                                                                                                                                                                                       |                9 |             28 |         3.11 |
|  u_cpu/RISC_V_i/clk_wiz_1/inst/clk_out1                                            | u_cpu/RISC_V_i/axi_smc/inst/s00_entry_pipeline/s00_mmu/inst/ar_reg_stall/load_skid                                                                |                                                                                                                                                                                       |                8 |             28 |         3.50 |
|  u_cpu/RISC_V_i/clk_wiz_1/inst/clk_out1                                            | u_cpu/RISC_V_i/axi_smc/inst/switchboards/i_nodes/i_ar_node/inst/inst_si_handler/s_sc_valid                                                        |                                                                                                                                                                                       |                9 |             28 |         3.11 |
|  u_cpu/RISC_V_i/clk_wiz_1/inst/clk_out1                                            | u_cpu/RISC_V_i/microblaze_riscv_0/U0/riscv_core_I/Base.Core/Data_Flow_I/csr_I/mtvec1                                                              | u_cpu/RISC_V_i/microblaze_riscv_0/U0/riscv_core_I/sync_reset                                                                                                                          |               11 |             30 |         2.73 |
|  u_cpu/RISC_V_i/clk_wiz_1/inst/clk_out1                                            |                                                                                                                                                   | u_cpu/RISC_V_i/axi_uartlite_0/U0/bus2ip_reset                                                                                                                                         |               13 |             30 |         2.31 |
|  u_cpu/RISC_V_i/clk_wiz_1/inst/clk_out1                                            | u_cpu/RISC_V_i/microblaze_riscv_0/U0/riscv_core_I/Base.Core/Data_Flow_I/csr_I/mepc[31]_i_1_n_0                                                    | u_cpu/RISC_V_i/microblaze_riscv_0/U0/riscv_core_I/sync_reset                                                                                                                          |               10 |             31 |         3.10 |
|  u_cpu/RISC_V_i/clk_wiz_1/inst/clk_out1                                            |                                                                                                                                                   | u_cpu/RISC_V_i/motor_ctrl_0/U0/x1_a_sync[1]_i_1_n_0                                                                                                                                   |               21 |             32 |         1.52 |
|  u_cpu/RISC_V_i/clk_wiz_1/inst/clk_out1                                            | u_cpu/RISC_V_i/microblaze_riscv_0/U0/riscv_core_I/Base.Core/Data_Flow_I/csr_I/mtval[31]_i_1_n_0                                                   | u_cpu/RISC_V_i/microblaze_riscv_0/U0/riscv_core_I/sync_reset                                                                                                                          |               15 |             32 |         2.13 |
|  u_cpu/RISC_V_i/clk_wiz_1/inst/clk_out1                                            | u_cpu/RISC_V_i/motor_ctrl_0/U0/x1_count[0]_i_1_n_0                                                                                                | u_cpu/RISC_V_i/motor_ctrl_0/U0/x1_a_sync[1]_i_1_n_0                                                                                                                                   |                8 |             32 |         4.00 |
|  u_cpu/RISC_V_i/clk_wiz_1/inst/clk_out1                                            | u_cpu/RISC_V_i/axi_smc/inst/s00_entry_pipeline/s00_mmu/inst/s_axi_rvalid                                                                          | u_cpu/RISC_V_i/microblaze_riscv_0/U0/riscv_core_I/sync_reset                                                                                                                          |                9 |             32 |         3.56 |
|  u_cpu/RISC_V_i/clk_wiz_1/inst/clk_out1                                            | u_cpu/RISC_V_i/microblaze_riscv_0/U0/riscv_core_I/Base.Core/Use_Debug_Logic.Master_Core.Trigger_Perf/Use_Trigger.tdata20                          | u_cpu/RISC_V_i/microblaze_riscv_0/U0/riscv_core_I/sync_reset                                                                                                                          |               12 |             32 |         2.67 |
|  u_cpu/RISC_V_i/clk_wiz_1/inst/clk_out1                                            | u_cpu/RISC_V_i/microblaze_riscv_0/U0/riscv_core_I/Base.Core/Data_Flow_I/csr_I/mscratch0                                                           | u_cpu/RISC_V_i/microblaze_riscv_0/U0/riscv_core_I/sync_reset                                                                                                                          |                9 |             32 |         3.56 |
|  u_cpu/RISC_V_i/clk_wiz_1/inst/clk_out1                                            | u_cpu/RISC_V_i/motor_ctrl_0/U0/y_count[0]_i_1_n_0                                                                                                 | u_cpu/RISC_V_i/motor_ctrl_0/U0/x1_a_sync[1]_i_1_n_0                                                                                                                                   |                8 |             32 |         4.00 |
|  u_cpu/RISC_V_i/mdm_1/U0/MDM_Core_I1/JTAG_CONTROL_I/Test_Access_Port.BUFG_UPDATE/O | u_cpu/RISC_V_i/microblaze_riscv_0/U0/riscv_core_I/Base.Core/Use_Debug_Logic.Master_Core.Debug_Perf/progbuf0_reg0                                  |                                                                                                                                                                                       |               11 |             32 |         2.91 |
|  u_cpu/RISC_V_i/mdm_1/U0/MDM_Core_I1/JTAG_CONTROL_I/Test_Access_Port.BUFG_UPDATE/O | u_cpu/RISC_V_i/microblaze_riscv_0/U0/riscv_core_I/Base.Core/Use_Debug_Logic.Master_Core.Debug_Perf/data0_write_reg0                               |                                                                                                                                                                                       |                7 |             32 |         4.57 |
|  u_cpu/RISC_V_i/clk_wiz_1/inst/clk_out1                                            | u_cpu/RISC_V_i/motor_ctrl_0/U0/z_count[0]_i_1_n_0                                                                                                 | u_cpu/RISC_V_i/motor_ctrl_0/U0/x1_a_sync[1]_i_1_n_0                                                                                                                                   |                8 |             32 |         4.00 |
|  u_cpu/RISC_V_i/clk_wiz_1/inst/clk_out1                                            | u_cpu/RISC_V_i/microblaze_riscv_0/U0/riscv_core_I/Base.Core/Data_Flow_I/csr_I/Use_Counters.instret[63]_i_1_n_0                                    | u_cpu/RISC_V_i/microblaze_riscv_0/U0/riscv_core_I/sync_reset                                                                                                                          |               13 |             32 |         2.46 |
|  u_cpu/RISC_V_i/clk_wiz_1/inst/clk_out1                                            | u_cpu/RISC_V_i/microblaze_riscv_0/U0/riscv_core_I/Base.Core/Data_Flow_I/csr_I/Use_Counters.instret[31]_i_1_n_0                                    | u_cpu/RISC_V_i/microblaze_riscv_0/U0/riscv_core_I/sync_reset                                                                                                                          |               13 |             32 |         2.46 |
|  u_cpu/RISC_V_i/clk_wiz_1/inst/clk_out1                                            | u_cpu/RISC_V_i/microblaze_riscv_0/U0/riscv_core_I/Base.Core/Data_Flow_I/csr_I/Use_Counters.cycle[63]_i_1_n_0                                      | u_cpu/RISC_V_i/microblaze_riscv_0/U0/riscv_core_I/sync_reset                                                                                                                          |               17 |             32 |         1.88 |
|  u_cpu/RISC_V_i/clk_wiz_1/inst/clk_out1                                            | u_cpu/RISC_V_i/microblaze_riscv_0/U0/riscv_core_I/Base.Core/Data_Flow_I/csr_I/Use_Counters.cycle[31]_i_1_n_0                                      | u_cpu/RISC_V_i/microblaze_riscv_0/U0/riscv_core_I/sync_reset                                                                                                                          |               17 |             32 |         1.88 |
|  u_cpu/RISC_V_i/clk_wiz_1/inst/clk_out1                                            | u_cpu/RISC_V_i/axi_gpio_leds/U0/gpio_core_1/Not_Dual.gpio_Data_Out[0]_i_1_n_0                                                                     | u_cpu/RISC_V_i/axi_gpio_leds/U0/bus2ip_reset                                                                                                                                          |               11 |             32 |         2.91 |
|  u_cpu/RISC_V_i/clk_wiz_1/inst/clk_out1                                            | u_cpu/RISC_V_i/microblaze_riscv_0/U0/riscv_core_I/Base.Core/Decode_I/Use_MuxCy[3].OF_Piperun_Stage/MUXCY_I/lopt_4                                 |                                                                                                                                                                                       |               14 |             32 |         2.29 |
|  u_cpu/RISC_V_i/clk_wiz_1/inst/clk_out1                                            | u_cpu/RISC_V_i/microblaze_riscv_0/U0/riscv_core_I/Base.Core/Decode_I/mem_wait_on_ready_N_carry_or/MUXCY_I/lopt_1                                  | u_cpu/RISC_V_i/microblaze_riscv_0/U0/riscv_core_I/Base.Core/Data_Flow_I/Data_Flow_Logic_I/WB_MEM_Result0                                                                              |               18 |             32 |         1.78 |
|  u_cpu/RISC_V_i/clk_wiz_1/inst/clk_out1                                            | u_cpu/RISC_V_i/microblaze_riscv_0/U0/riscv_core_I/Base.Core/Decode_I/Using_OF_Pull_FPGA.PR_OF_Pull_Or1/MUXCY_I/LO                                 | u_cpu/RISC_V_i/microblaze_riscv_0/U0/riscv_core_I/sync_reset                                                                                                                          |               18 |             32 |         1.78 |
|  u_cpu/RISC_V_i/clk_wiz_1/inst/clk_out1                                            | u_cpu/RISC_V_i/motor_ctrl_0/U0/x2_count[0]_i_1_n_0                                                                                                | u_cpu/RISC_V_i/motor_ctrl_0/U0/x1_a_sync[1]_i_1_n_0                                                                                                                                   |                8 |             32 |         4.00 |
|  u_cpu/RISC_V_i/clk_wiz_1/inst/clk_out1                                            | u_cpu/RISC_V_i/microblaze_riscv_0/U0/riscv_core_I/Base.Core/Use_Debug_Logic.Master_Core.Debug_Perf/register_read_cmd                              | u_cpu/RISC_V_i/microblaze_riscv_0/U0/riscv_core_I/sync_reset                                                                                                                          |               16 |             32 |         2.00 |
|  u_cpu/RISC_V_i/clk_wiz_1/inst/clk_out1                                            | u_cpu/RISC_V_i/microblaze_riscv_0/U0/riscv_core_I/Base.Core/Use_Debug_Logic.Master_Core.Debug_Perf/dpc_reg[0]_i_1_n_0                             | u_cpu/RISC_V_i/microblaze_riscv_0/U0/riscv_core_I/sync_reset                                                                                                                          |                7 |             32 |         4.57 |
|  u_cpu/RISC_V_i/clk_wiz_1/inst/clk_out1                                            | u_cpu/RISC_V_i/axi_smc/inst/switchboards/i_nodes/i_r_node/inst/inst_si_handler/s_sc_valid                                                         |                                                                                                                                                                                       |               19 |             34 |         1.79 |
|  u_cpu/RISC_V_i/mdm_1/U0/MDM_Core_I1/JTAG_CONTROL_I/Test_Access_Port.BUFG_DRCK/O   | u_cpu/RISC_V_i/mdm_1/U0/MDM_Core_I1/JTAG_CONTROL_I/dmcontrol_read                                                                                 |                                                                                                                                                                                       |                7 |             40 |         5.71 |
|  u_cpu/RISC_V_i/clk_wiz_1/inst/clk_out1                                            |                                                                                                                                                   | u_cpu/RISC_V_i/axi_iic_0/U0/X_IIC/IIC_CONTROL_I/al_i_i_1_n_0                                                                                                                          |               16 |             41 |         2.56 |
|  u_cpu/RISC_V_i/clk_wiz_1/inst/clk_out1                                            | u_cpu/RISC_V_i/axi_uartlite_0/U0/UARTLITE_CORE_I/BAUD_RATE_I/EN_16x_Baud                                                                          | u_cpu/RISC_V_i/axi_uartlite_0/U0/bus2ip_reset                                                                                                                                         |                8 |             42 |         5.25 |
|  u_cpu/RISC_V_i/clk_wiz_1/inst/clk_out1                                            |                                                                                                                                                   | u_cpu/RISC_V_i/axi_iic_0/U0/X_IIC/X_AXI_IPIF_SSP1/X_SOFT_RESET/Reset2IP_Reset                                                                                                         |               15 |             42 |         2.80 |
|  u_cpu/RISC_V_i/mdm_1/U0/MDM_Core_I1/JTAG_CONTROL_I/Test_Access_Port.BUFG_DRCK/O   | u_cpu/RISC_V_i/mdm_1/U0/MDM_Core_I1/JTAG_CONTROL_I/Dbg_Capture                                                                                    |                                                                                                                                                                                       |               16 |             43 |         2.69 |
|  u_cpu/RISC_V_i/clk_wiz_1/inst/clk_out1                                            | u_cpu/RISC_V_i/axi_smc/inst/switchboards/i_nodes/i_w_node/inst/inst_si_handler/s_sc_valid                                                         |                                                                                                                                                                                       |               15 |             43 |         2.87 |
|  u_cpu/RISC_V_i/clk_wiz_1/inst/VGA_PCLK                                            |                                                                                                                                                   |                                                                                                                                                                                       |               16 |             45 |         2.81 |
|  u_cpu/RISC_V_i/mdm_1/U0/MDM_Core_I1/JTAG_CONTROL_I/Test_Access_Port.BUFG_DRCK/O   | u_cpu/RISC_V_i/mdm_1/U0/MDM_Core_I1/JTAG_CONTROL_I/Test_Access_Port.idcode                                                                        |                                                                                                                                                                                       |                8 |             46 |         5.75 |
|  u_cpu/RISC_V_i/mdm_1/U0/MDM_Core_I1/JTAG_CONTROL_I/Test_Access_Port.BUFG_DRCK/O   |                                                                                                                                                   |                                                                                                                                                                                       |               18 |             58 |         3.22 |
|  u_cpu/RISC_V_i/clk_wiz_1/inst/clk_out1                                            | u_cpu/RISC_V_i/microblaze_riscv_0/U0/riscv_core_I/Base.Core/Decode_I/s2b                                                                          |                                                                                                                                                                                       |               33 |            111 |         3.36 |
|  u_cpu/RISC_V_i/clk_wiz_1/inst/clk_out1                                            | u_cpu/RISC_V_i/microblaze_riscv_0/U0/riscv_core_I/Base.Core/Decode_I/Use_MuxCy[3].OF_Piperun_Stage/MUXCY_I/lopt_4                                 | u_cpu/RISC_V_i/microblaze_riscv_0/U0/riscv_core_I/sync_reset                                                                                                                          |               48 |            120 |         2.50 |
|  u_cpu/RISC_V_i/clk_wiz_1/inst/clk_out1                                            | u_cpu/RISC_V_i/microblaze_riscv_0/U0/riscv_core_I/Base.Core/Data_Flow_I/Register_File_I_i_11_n_0                                                  |                                                                                                                                                                                       |               16 |            128 |         8.00 |
|  u_cpu/RISC_V_i/clk_wiz_1/inst/clk_out1                                            |                                                                                                                                                   | u_cpu/RISC_V_i/microblaze_riscv_0/U0/riscv_core_I/sync_reset                                                                                                                          |               50 |            135 |         2.70 |
|  u_cpu/RISC_V_i/clk_wiz_1/inst/clk_out1                                            | u_cpu/RISC_V_i/microblaze_riscv_0/U0/riscv_core_I/Base.Core/Decode_I/Use_MuxCy[11].OF_Piperun_Stage/MUXCY_I/lopt_1                                | u_cpu/RISC_V_i/microblaze_riscv_0/U0/riscv_core_I/sync_reset                                                                                                                          |               76 |            192 |         2.53 |
|  u_cpu/RISC_V_i/clk_wiz_1/inst/clk_out1                                            |                                                                                                                                                   |                                                                                                                                                                                       |              237 |            624 |         2.63 |
+------------------------------------------------------------------------------------+---------------------------------------------------------------------------------------------------------------------------------------------------+---------------------------------------------------------------------------------------------------------------------------------------------------------------------------------------+------------------+----------------+--------------+


