Copyright 1986-2022 Xilinx, Inc. All Rights Reserved. Copyright 2022-2025 Advanced Micro Devices, Inc. All Rights Reserved.
-----------------------------------------------------------------------------------------------------------------------------------------------------------------------
| Tool Version : Vivado v.2025.1 (win64) Build 6140274 Thu May 22 00:12:29 MDT 2025
| Date         : Wed Dec 10 16:20:48 2025
| Host         : ThinkpadP1_Liam running 64-bit major release  (build 9200)
| Command      : report_methodology -file NexysA7_Top_methodology_drc_routed.rpt -pb NexysA7_Top_methodology_drc_routed.pb -rpx NexysA7_Top_methodology_drc_routed.rpx
| Design       : NexysA7_Top
| Device       : xc7a100tcsg324-1
| Speed File   : -1
| Design State : Fully Routed
-----------------------------------------------------------------------------------------------------------------------------------------------------------------------

Report Methodology

Table of Contents
-----------------
1. REPORT SUMMARY
2. REPORT DETAILS

1. REPORT SUMMARY
-----------------
            Netlist: netlist
          Floorplan: design_1
      Design limits: <entire design considered>
             Max checks: <unlimited>
             Checks found: 492
+-----------+------------------+----------------------------------------------------+--------+
| Rule      | Severity         | Description                                        | Checks |
+-----------+------------------+----------------------------------------------------+--------+
| TIMING-4  | Critical Warning | Invalid primary clock redefinition on a clock tree | 1      |
| TIMING-17 | Critical Warning | Non-clocked sequential cell                        | 133    |
| TIMING-27 | Critical Warning | Invalid primary clock on hierarchical pin          | 1      |
| LUTAR-1   | Warning          | LUT drives async reset alert                       | 2      |
| TIMING-9  | Warning          | Unknown CDC Logic                                  | 1      |
| TIMING-16 | Warning          | Large setup violation                              | 302    |
| TIMING-18 | Warning          | Missing input or output delay                      | 52     |
+-----------+------------------+----------------------------------------------------+--------+

2. REPORT DETAILS
-----------------
TIMING-4#1 Critical Warning
Invalid primary clock redefinition on a clock tree  
Invalid clock redefinition on a clock tree. The primary clock u_cpu/RISC_V_i/clk_wiz_1/inst/clk_in1 is defined downstream of clock sys_clk_pin and overrides its insertion delay and/or waveform definition
Related violations: <none>

TIMING-17#1 Critical Warning
Non-clocked sequential cell  
The clock pin u_cap/addr_reg_reg[0]/C is not reached by a timing clock
Related violations: <none>

TIMING-17#2 Critical Warning
Non-clocked sequential cell  
The clock pin u_cap/addr_reg_reg[10]/C is not reached by a timing clock
Related violations: <none>

TIMING-17#3 Critical Warning
Non-clocked sequential cell  
The clock pin u_cap/addr_reg_reg[11]/C is not reached by a timing clock
Related violations: <none>

TIMING-17#4 Critical Warning
Non-clocked sequential cell  
The clock pin u_cap/addr_reg_reg[12]/C is not reached by a timing clock
Related violations: <none>

TIMING-17#5 Critical Warning
Non-clocked sequential cell  
The clock pin u_cap/addr_reg_reg[13]/C is not reached by a timing clock
Related violations: <none>

TIMING-17#6 Critical Warning
Non-clocked sequential cell  
The clock pin u_cap/addr_reg_reg[14]/C is not reached by a timing clock
Related violations: <none>

TIMING-17#7 Critical Warning
Non-clocked sequential cell  
The clock pin u_cap/addr_reg_reg[15]/C is not reached by a timing clock
Related violations: <none>

TIMING-17#8 Critical Warning
Non-clocked sequential cell  
The clock pin u_cap/addr_reg_reg[16]/C is not reached by a timing clock
Related violations: <none>

TIMING-17#9 Critical Warning
Non-clocked sequential cell  
The clock pin u_cap/addr_reg_reg[17]/C is not reached by a timing clock
Related violations: <none>

TIMING-17#10 Critical Warning
Non-clocked sequential cell  
The clock pin u_cap/addr_reg_reg[18]/C is not reached by a timing clock
Related violations: <none>

TIMING-17#11 Critical Warning
Non-clocked sequential cell  
The clock pin u_cap/addr_reg_reg[1]/C is not reached by a timing clock
Related violations: <none>

TIMING-17#12 Critical Warning
Non-clocked sequential cell  
The clock pin u_cap/addr_reg_reg[2]/C is not reached by a timing clock
Related violations: <none>

TIMING-17#13 Critical Warning
Non-clocked sequential cell  
The clock pin u_cap/addr_reg_reg[3]/C is not reached by a timing clock
Related violations: <none>

TIMING-17#14 Critical Warning
Non-clocked sequential cell  
The clock pin u_cap/addr_reg_reg[4]/C is not reached by a timing clock
Related violations: <none>

TIMING-17#15 Critical Warning
Non-clocked sequential cell  
The clock pin u_cap/addr_reg_reg[5]/C is not reached by a timing clock
Related violations: <none>

TIMING-17#16 Critical Warning
Non-clocked sequential cell  
The clock pin u_cap/addr_reg_reg[6]/C is not reached by a timing clock
Related violations: <none>

TIMING-17#17 Critical Warning
Non-clocked sequential cell  
The clock pin u_cap/addr_reg_reg[7]/C is not reached by a timing clock
Related violations: <none>

TIMING-17#18 Critical Warning
Non-clocked sequential cell  
The clock pin u_cap/addr_reg_reg[8]/C is not reached by a timing clock
Related violations: <none>

TIMING-17#19 Critical Warning
Non-clocked sequential cell  
The clock pin u_cap/addr_reg_reg[9]/C is not reached by a timing clock
Related violations: <none>

TIMING-17#20 Critical Warning
Non-clocked sequential cell  
The clock pin u_cap/first_byte_reg[0]/C is not reached by a timing clock
Related violations: <none>

TIMING-17#21 Critical Warning
Non-clocked sequential cell  
The clock pin u_cap/first_byte_reg[1]/C is not reached by a timing clock
Related violations: <none>

TIMING-17#22 Critical Warning
Non-clocked sequential cell  
The clock pin u_cap/first_byte_reg[2]/C is not reached by a timing clock
Related violations: <none>

TIMING-17#23 Critical Warning
Non-clocked sequential cell  
The clock pin u_cap/first_byte_reg[3]/C is not reached by a timing clock
Related violations: <none>

TIMING-17#24 Critical Warning
Non-clocked sequential cell  
The clock pin u_cap/phase_reg/C is not reached by a timing clock
Related violations: <none>

TIMING-17#25 Critical Warning
Non-clocked sequential cell  
The clock pin u_cap/pixel_reg_reg[0]/C is not reached by a timing clock
Related violations: <none>

TIMING-17#26 Critical Warning
Non-clocked sequential cell  
The clock pin u_cap/pixel_reg_reg[1]/C is not reached by a timing clock
Related violations: <none>

TIMING-17#27 Critical Warning
Non-clocked sequential cell  
The clock pin u_cap/pixel_reg_reg[2]/C is not reached by a timing clock
Related violations: <none>

TIMING-17#28 Critical Warning
Non-clocked sequential cell  
The clock pin u_cap/pixel_reg_reg[3]/C is not reached by a timing clock
Related violations: <none>

TIMING-17#29 Critical Warning
Non-clocked sequential cell  
The clock pin u_cap/we_reg_reg/C is not reached by a timing clock
Related violations: <none>

TIMING-17#30 Critical Warning
Non-clocked sequential cell  
The clock pin u_cpu/RISC_V_i/blk_mem_gen_0/U0/inst_blk_mem_gen/gnbram.gnativebmg.native_blk_mem_gen/valid.cstr/ramloop[0].ram.r/prim_init.ram/DEVICE_7SERIES.NO_BMM_INFO.TRUE_DP.CASCADED_PRIM36.ram_B/CLKBWRCLK is not reached by a timing clock
Related violations: <none>

TIMING-17#31 Critical Warning
Non-clocked sequential cell  
The clock pin u_cpu/RISC_V_i/blk_mem_gen_0/U0/inst_blk_mem_gen/gnbram.gnativebmg.native_blk_mem_gen/valid.cstr/ramloop[0].ram.r/prim_init.ram/DEVICE_7SERIES.NO_BMM_INFO.TRUE_DP.CASCADED_PRIM36.ram_T/CLKBWRCLK is not reached by a timing clock
Related violations: <none>

TIMING-17#32 Critical Warning
Non-clocked sequential cell  
The clock pin u_cpu/RISC_V_i/blk_mem_gen_0/U0/inst_blk_mem_gen/gnbram.gnativebmg.native_blk_mem_gen/valid.cstr/ramloop[10].ram.r/prim_init.ram/DEVICE_7SERIES.NO_BMM_INFO.TRUE_DP.SIMPLE_PRIM36.ram/CLKBWRCLK is not reached by a timing clock
Related violations: <none>

TIMING-17#33 Critical Warning
Non-clocked sequential cell  
The clock pin u_cpu/RISC_V_i/blk_mem_gen_0/U0/inst_blk_mem_gen/gnbram.gnativebmg.native_blk_mem_gen/valid.cstr/ramloop[11].ram.r/prim_init.ram/DEVICE_7SERIES.NO_BMM_INFO.TRUE_DP.SIMPLE_PRIM36.ram/CLKBWRCLK is not reached by a timing clock
Related violations: <none>

TIMING-17#34 Critical Warning
Non-clocked sequential cell  
The clock pin u_cpu/RISC_V_i/blk_mem_gen_0/U0/inst_blk_mem_gen/gnbram.gnativebmg.native_blk_mem_gen/valid.cstr/ramloop[12].ram.r/prim_init.ram/DEVICE_7SERIES.NO_BMM_INFO.TRUE_DP.CASCADED_PRIM36.ram_B/CLKBWRCLK is not reached by a timing clock
Related violations: <none>

TIMING-17#35 Critical Warning
Non-clocked sequential cell  
The clock pin u_cpu/RISC_V_i/blk_mem_gen_0/U0/inst_blk_mem_gen/gnbram.gnativebmg.native_blk_mem_gen/valid.cstr/ramloop[12].ram.r/prim_init.ram/DEVICE_7SERIES.NO_BMM_INFO.TRUE_DP.CASCADED_PRIM36.ram_T/CLKBWRCLK is not reached by a timing clock
Related violations: <none>

TIMING-17#36 Critical Warning
Non-clocked sequential cell  
The clock pin u_cpu/RISC_V_i/blk_mem_gen_0/U0/inst_blk_mem_gen/gnbram.gnativebmg.native_blk_mem_gen/valid.cstr/ramloop[13].ram.r/prim_init.ram/DEVICE_7SERIES.NO_BMM_INFO.TRUE_DP.CASCADED_PRIM36.ram_B/CLKBWRCLK is not reached by a timing clock
Related violations: <none>

TIMING-17#37 Critical Warning
Non-clocked sequential cell  
The clock pin u_cpu/RISC_V_i/blk_mem_gen_0/U0/inst_blk_mem_gen/gnbram.gnativebmg.native_blk_mem_gen/valid.cstr/ramloop[13].ram.r/prim_init.ram/DEVICE_7SERIES.NO_BMM_INFO.TRUE_DP.CASCADED_PRIM36.ram_T/CLKBWRCLK is not reached by a timing clock
Related violations: <none>

TIMING-17#38 Critical Warning
Non-clocked sequential cell  
The clock pin u_cpu/RISC_V_i/blk_mem_gen_0/U0/inst_blk_mem_gen/gnbram.gnativebmg.native_blk_mem_gen/valid.cstr/ramloop[14].ram.r/prim_init.ram/DEVICE_7SERIES.NO_BMM_INFO.TRUE_DP.CASCADED_PRIM36.ram_B/CLKBWRCLK is not reached by a timing clock
Related violations: <none>

TIMING-17#39 Critical Warning
Non-clocked sequential cell  
The clock pin u_cpu/RISC_V_i/blk_mem_gen_0/U0/inst_blk_mem_gen/gnbram.gnativebmg.native_blk_mem_gen/valid.cstr/ramloop[14].ram.r/prim_init.ram/DEVICE_7SERIES.NO_BMM_INFO.TRUE_DP.CASCADED_PRIM36.ram_T/CLKBWRCLK is not reached by a timing clock
Related violations: <none>

TIMING-17#40 Critical Warning
Non-clocked sequential cell  
The clock pin u_cpu/RISC_V_i/blk_mem_gen_0/U0/inst_blk_mem_gen/gnbram.gnativebmg.native_blk_mem_gen/valid.cstr/ramloop[15].ram.r/prim_init.ram/DEVICE_7SERIES.NO_BMM_INFO.TRUE_DP.CASCADED_PRIM36.ram_B/CLKBWRCLK is not reached by a timing clock
Related violations: <none>

TIMING-17#41 Critical Warning
Non-clocked sequential cell  
The clock pin u_cpu/RISC_V_i/blk_mem_gen_0/U0/inst_blk_mem_gen/gnbram.gnativebmg.native_blk_mem_gen/valid.cstr/ramloop[15].ram.r/prim_init.ram/DEVICE_7SERIES.NO_BMM_INFO.TRUE_DP.CASCADED_PRIM36.ram_T/CLKBWRCLK is not reached by a timing clock
Related violations: <none>

TIMING-17#42 Critical Warning
Non-clocked sequential cell  
The clock pin u_cpu/RISC_V_i/blk_mem_gen_0/U0/inst_blk_mem_gen/gnbram.gnativebmg.native_blk_mem_gen/valid.cstr/ramloop[16].ram.r/prim_init.ram/DEVICE_7SERIES.NO_BMM_INFO.TRUE_DP.SIMPLE_PRIM36.ram/CLKBWRCLK is not reached by a timing clock
Related violations: <none>

TIMING-17#43 Critical Warning
Non-clocked sequential cell  
The clock pin u_cpu/RISC_V_i/blk_mem_gen_0/U0/inst_blk_mem_gen/gnbram.gnativebmg.native_blk_mem_gen/valid.cstr/ramloop[17].ram.r/prim_init.ram/DEVICE_7SERIES.NO_BMM_INFO.TRUE_DP.SIMPLE_PRIM36.ram/CLKBWRCLK is not reached by a timing clock
Related violations: <none>

TIMING-17#44 Critical Warning
Non-clocked sequential cell  
The clock pin u_cpu/RISC_V_i/blk_mem_gen_0/U0/inst_blk_mem_gen/gnbram.gnativebmg.native_blk_mem_gen/valid.cstr/ramloop[18].ram.r/prim_init.ram/DEVICE_7SERIES.NO_BMM_INFO.TRUE_DP.SIMPLE_PRIM36.ram/CLKBWRCLK is not reached by a timing clock
Related violations: <none>

TIMING-17#45 Critical Warning
Non-clocked sequential cell  
The clock pin u_cpu/RISC_V_i/blk_mem_gen_0/U0/inst_blk_mem_gen/gnbram.gnativebmg.native_blk_mem_gen/valid.cstr/ramloop[19].ram.r/prim_init.ram/DEVICE_7SERIES.NO_BMM_INFO.TRUE_DP.SIMPLE_PRIM36.ram/CLKBWRCLK is not reached by a timing clock
Related violations: <none>

TIMING-17#46 Critical Warning
Non-clocked sequential cell  
The clock pin u_cpu/RISC_V_i/blk_mem_gen_0/U0/inst_blk_mem_gen/gnbram.gnativebmg.native_blk_mem_gen/valid.cstr/ramloop[1].ram.r/prim_init.ram/DEVICE_7SERIES.NO_BMM_INFO.TRUE_DP.CASCADED_PRIM36.ram_B/CLKBWRCLK is not reached by a timing clock
Related violations: <none>

TIMING-17#47 Critical Warning
Non-clocked sequential cell  
The clock pin u_cpu/RISC_V_i/blk_mem_gen_0/U0/inst_blk_mem_gen/gnbram.gnativebmg.native_blk_mem_gen/valid.cstr/ramloop[1].ram.r/prim_init.ram/DEVICE_7SERIES.NO_BMM_INFO.TRUE_DP.CASCADED_PRIM36.ram_T/CLKBWRCLK is not reached by a timing clock
Related violations: <none>

TIMING-17#48 Critical Warning
Non-clocked sequential cell  
The clock pin u_cpu/RISC_V_i/blk_mem_gen_0/U0/inst_blk_mem_gen/gnbram.gnativebmg.native_blk_mem_gen/valid.cstr/ramloop[20].ram.r/prim_init.ram/DEVICE_7SERIES.NO_BMM_INFO.TRUE_DP.SIMPLE_PRIM36.ram/CLKBWRCLK is not reached by a timing clock
Related violations: <none>

TIMING-17#49 Critical Warning
Non-clocked sequential cell  
The clock pin u_cpu/RISC_V_i/blk_mem_gen_0/U0/inst_blk_mem_gen/gnbram.gnativebmg.native_blk_mem_gen/valid.cstr/ramloop[21].ram.r/prim_init.ram/DEVICE_7SERIES.NO_BMM_INFO.TRUE_DP.SIMPLE_PRIM36.ram/CLKBWRCLK is not reached by a timing clock
Related violations: <none>

TIMING-17#50 Critical Warning
Non-clocked sequential cell  
The clock pin u_cpu/RISC_V_i/blk_mem_gen_0/U0/inst_blk_mem_gen/gnbram.gnativebmg.native_blk_mem_gen/valid.cstr/ramloop[22].ram.r/prim_init.ram/DEVICE_7SERIES.NO_BMM_INFO.TRUE_DP.SIMPLE_PRIM36.ram/CLKBWRCLK is not reached by a timing clock
Related violations: <none>

TIMING-17#51 Critical Warning
Non-clocked sequential cell  
The clock pin u_cpu/RISC_V_i/blk_mem_gen_0/U0/inst_blk_mem_gen/gnbram.gnativebmg.native_blk_mem_gen/valid.cstr/ramloop[23].ram.r/prim_init.ram/DEVICE_7SERIES.NO_BMM_INFO.TRUE_DP.SIMPLE_PRIM36.ram/CLKBWRCLK is not reached by a timing clock
Related violations: <none>

TIMING-17#52 Critical Warning
Non-clocked sequential cell  
The clock pin u_cpu/RISC_V_i/blk_mem_gen_0/U0/inst_blk_mem_gen/gnbram.gnativebmg.native_blk_mem_gen/valid.cstr/ramloop[24].ram.r/prim_init.ram/DEVICE_7SERIES.NO_BMM_INFO.TRUE_DP.SIMPLE_PRIM36.ram/CLKBWRCLK is not reached by a timing clock
Related violations: <none>

TIMING-17#53 Critical Warning
Non-clocked sequential cell  
The clock pin u_cpu/RISC_V_i/blk_mem_gen_0/U0/inst_blk_mem_gen/gnbram.gnativebmg.native_blk_mem_gen/valid.cstr/ramloop[25].ram.r/prim_init.ram/DEVICE_7SERIES.NO_BMM_INFO.TRUE_DP.SIMPLE_PRIM36.ram/CLKBWRCLK is not reached by a timing clock
Related violations: <none>

TIMING-17#54 Critical Warning
Non-clocked sequential cell  
The clock pin u_cpu/RISC_V_i/blk_mem_gen_0/U0/inst_blk_mem_gen/gnbram.gnativebmg.native_blk_mem_gen/valid.cstr/ramloop[26].ram.r/prim_init.ram/DEVICE_7SERIES.NO_BMM_INFO.TRUE_DP.SIMPLE_PRIM36.ram/CLKBWRCLK is not reached by a timing clock
Related violations: <none>

TIMING-17#55 Critical Warning
Non-clocked sequential cell  
The clock pin u_cpu/RISC_V_i/blk_mem_gen_0/U0/inst_blk_mem_gen/gnbram.gnativebmg.native_blk_mem_gen/valid.cstr/ramloop[27].ram.r/prim_init.ram/DEVICE_7SERIES.NO_BMM_INFO.TRUE_DP.SIMPLE_PRIM36.ram/CLKBWRCLK is not reached by a timing clock
Related violations: <none>

TIMING-17#56 Critical Warning
Non-clocked sequential cell  
The clock pin u_cpu/RISC_V_i/blk_mem_gen_0/U0/inst_blk_mem_gen/gnbram.gnativebmg.native_blk_mem_gen/valid.cstr/ramloop[28].ram.r/prim_init.ram/DEVICE_7SERIES.NO_BMM_INFO.TRUE_DP.SIMPLE_PRIM36.ram/CLKBWRCLK is not reached by a timing clock
Related violations: <none>

TIMING-17#57 Critical Warning
Non-clocked sequential cell  
The clock pin u_cpu/RISC_V_i/blk_mem_gen_0/U0/inst_blk_mem_gen/gnbram.gnativebmg.native_blk_mem_gen/valid.cstr/ramloop[29].ram.r/prim_init.ram/DEVICE_7SERIES.NO_BMM_INFO.TRUE_DP.SIMPLE_PRIM36.ram/CLKBWRCLK is not reached by a timing clock
Related violations: <none>

TIMING-17#58 Critical Warning
Non-clocked sequential cell  
The clock pin u_cpu/RISC_V_i/blk_mem_gen_0/U0/inst_blk_mem_gen/gnbram.gnativebmg.native_blk_mem_gen/valid.cstr/ramloop[2].ram.r/prim_init.ram/DEVICE_7SERIES.NO_BMM_INFO.TRUE_DP.CASCADED_PRIM36.ram_B/CLKBWRCLK is not reached by a timing clock
Related violations: <none>

TIMING-17#59 Critical Warning
Non-clocked sequential cell  
The clock pin u_cpu/RISC_V_i/blk_mem_gen_0/U0/inst_blk_mem_gen/gnbram.gnativebmg.native_blk_mem_gen/valid.cstr/ramloop[2].ram.r/prim_init.ram/DEVICE_7SERIES.NO_BMM_INFO.TRUE_DP.CASCADED_PRIM36.ram_T/CLKBWRCLK is not reached by a timing clock
Related violations: <none>

TIMING-17#60 Critical Warning
Non-clocked sequential cell  
The clock pin u_cpu/RISC_V_i/blk_mem_gen_0/U0/inst_blk_mem_gen/gnbram.gnativebmg.native_blk_mem_gen/valid.cstr/ramloop[30].ram.r/prim_init.ram/DEVICE_7SERIES.NO_BMM_INFO.TRUE_DP.SIMPLE_PRIM36.ram/CLKBWRCLK is not reached by a timing clock
Related violations: <none>

TIMING-17#61 Critical Warning
Non-clocked sequential cell  
The clock pin u_cpu/RISC_V_i/blk_mem_gen_0/U0/inst_blk_mem_gen/gnbram.gnativebmg.native_blk_mem_gen/valid.cstr/ramloop[31].ram.r/prim_init.ram/DEVICE_7SERIES.NO_BMM_INFO.TRUE_DP.SIMPLE_PRIM36.ram/CLKBWRCLK is not reached by a timing clock
Related violations: <none>

TIMING-17#62 Critical Warning
Non-clocked sequential cell  
The clock pin u_cpu/RISC_V_i/blk_mem_gen_0/U0/inst_blk_mem_gen/gnbram.gnativebmg.native_blk_mem_gen/valid.cstr/ramloop[32].ram.r/prim_init.ram/DEVICE_7SERIES.NO_BMM_INFO.TRUE_DP.SIMPLE_PRIM36.ram/CLKBWRCLK is not reached by a timing clock
Related violations: <none>

TIMING-17#63 Critical Warning
Non-clocked sequential cell  
The clock pin u_cpu/RISC_V_i/blk_mem_gen_0/U0/inst_blk_mem_gen/gnbram.gnativebmg.native_blk_mem_gen/valid.cstr/ramloop[33].ram.r/prim_init.ram/DEVICE_7SERIES.NO_BMM_INFO.TRUE_DP.SIMPLE_PRIM36.ram/CLKBWRCLK is not reached by a timing clock
Related violations: <none>

TIMING-17#64 Critical Warning
Non-clocked sequential cell  
The clock pin u_cpu/RISC_V_i/blk_mem_gen_0/U0/inst_blk_mem_gen/gnbram.gnativebmg.native_blk_mem_gen/valid.cstr/ramloop[34].ram.r/prim_init.ram/DEVICE_7SERIES.NO_BMM_INFO.TRUE_DP.SIMPLE_PRIM36.ram/CLKBWRCLK is not reached by a timing clock
Related violations: <none>

TIMING-17#65 Critical Warning
Non-clocked sequential cell  
The clock pin u_cpu/RISC_V_i/blk_mem_gen_0/U0/inst_blk_mem_gen/gnbram.gnativebmg.native_blk_mem_gen/valid.cstr/ramloop[35].ram.r/prim_init.ram/DEVICE_7SERIES.NO_BMM_INFO.TRUE_DP.SIMPLE_PRIM36.ram/CLKBWRCLK is not reached by a timing clock
Related violations: <none>

TIMING-17#66 Critical Warning
Non-clocked sequential cell  
The clock pin u_cpu/RISC_V_i/blk_mem_gen_0/U0/inst_blk_mem_gen/gnbram.gnativebmg.native_blk_mem_gen/valid.cstr/ramloop[36].ram.r/prim_init.ram/DEVICE_7SERIES.NO_BMM_INFO.TRUE_DP.SIMPLE_PRIM36.ram/CLKBWRCLK is not reached by a timing clock
Related violations: <none>

TIMING-17#67 Critical Warning
Non-clocked sequential cell  
The clock pin u_cpu/RISC_V_i/blk_mem_gen_0/U0/inst_blk_mem_gen/gnbram.gnativebmg.native_blk_mem_gen/valid.cstr/ramloop[37].ram.r/prim_init.ram/DEVICE_7SERIES.NO_BMM_INFO.TRUE_DP.SIMPLE_PRIM36.ram/CLKBWRCLK is not reached by a timing clock
Related violations: <none>

TIMING-17#68 Critical Warning
Non-clocked sequential cell  
The clock pin u_cpu/RISC_V_i/blk_mem_gen_0/U0/inst_blk_mem_gen/gnbram.gnativebmg.native_blk_mem_gen/valid.cstr/ramloop[38].ram.r/prim_init.ram/DEVICE_7SERIES.NO_BMM_INFO.TRUE_DP.SIMPLE_PRIM36.ram/CLKBWRCLK is not reached by a timing clock
Related violations: <none>

TIMING-17#69 Critical Warning
Non-clocked sequential cell  
The clock pin u_cpu/RISC_V_i/blk_mem_gen_0/U0/inst_blk_mem_gen/gnbram.gnativebmg.native_blk_mem_gen/valid.cstr/ramloop[39].ram.r/prim_init.ram/DEVICE_7SERIES.NO_BMM_INFO.TRUE_DP.SIMPLE_PRIM36.ram/CLKBWRCLK is not reached by a timing clock
Related violations: <none>

TIMING-17#70 Critical Warning
Non-clocked sequential cell  
The clock pin u_cpu/RISC_V_i/blk_mem_gen_0/U0/inst_blk_mem_gen/gnbram.gnativebmg.native_blk_mem_gen/valid.cstr/ramloop[3].ram.r/prim_init.ram/DEVICE_7SERIES.NO_BMM_INFO.TRUE_DP.CASCADED_PRIM36.ram_B/CLKBWRCLK is not reached by a timing clock
Related violations: <none>

TIMING-17#71 Critical Warning
Non-clocked sequential cell  
The clock pin u_cpu/RISC_V_i/blk_mem_gen_0/U0/inst_blk_mem_gen/gnbram.gnativebmg.native_blk_mem_gen/valid.cstr/ramloop[3].ram.r/prim_init.ram/DEVICE_7SERIES.NO_BMM_INFO.TRUE_DP.CASCADED_PRIM36.ram_T/CLKBWRCLK is not reached by a timing clock
Related violations: <none>

TIMING-17#72 Critical Warning
Non-clocked sequential cell  
The clock pin u_cpu/RISC_V_i/blk_mem_gen_0/U0/inst_blk_mem_gen/gnbram.gnativebmg.native_blk_mem_gen/valid.cstr/ramloop[40].ram.r/prim_init.ram/DEVICE_7SERIES.NO_BMM_INFO.TRUE_DP.SIMPLE_PRIM36.ram/CLKBWRCLK is not reached by a timing clock
Related violations: <none>

TIMING-17#73 Critical Warning
Non-clocked sequential cell  
The clock pin u_cpu/RISC_V_i/blk_mem_gen_0/U0/inst_blk_mem_gen/gnbram.gnativebmg.native_blk_mem_gen/valid.cstr/ramloop[41].ram.r/prim_init.ram/DEVICE_7SERIES.NO_BMM_INFO.TRUE_DP.SIMPLE_PRIM36.ram/CLKBWRCLK is not reached by a timing clock
Related violations: <none>

TIMING-17#74 Critical Warning
Non-clocked sequential cell  
The clock pin u_cpu/RISC_V_i/blk_mem_gen_0/U0/inst_blk_mem_gen/gnbram.gnativebmg.native_blk_mem_gen/valid.cstr/ramloop[42].ram.r/prim_init.ram/DEVICE_7SERIES.NO_BMM_INFO.TRUE_DP.SIMPLE_PRIM36.ram/CLKBWRCLK is not reached by a timing clock
Related violations: <none>

TIMING-17#75 Critical Warning
Non-clocked sequential cell  
The clock pin u_cpu/RISC_V_i/blk_mem_gen_0/U0/inst_blk_mem_gen/gnbram.gnativebmg.native_blk_mem_gen/valid.cstr/ramloop[43].ram.r/prim_init.ram/DEVICE_7SERIES.NO_BMM_INFO.TRUE_DP.SIMPLE_PRIM36.ram/CLKBWRCLK is not reached by a timing clock
Related violations: <none>

TIMING-17#76 Critical Warning
Non-clocked sequential cell  
The clock pin u_cpu/RISC_V_i/blk_mem_gen_0/U0/inst_blk_mem_gen/gnbram.gnativebmg.native_blk_mem_gen/valid.cstr/ramloop[44].ram.r/prim_init.ram/DEVICE_7SERIES.NO_BMM_INFO.TRUE_DP.SIMPLE_PRIM36.ram/CLKBWRCLK is not reached by a timing clock
Related violations: <none>

TIMING-17#77 Critical Warning
Non-clocked sequential cell  
The clock pin u_cpu/RISC_V_i/blk_mem_gen_0/U0/inst_blk_mem_gen/gnbram.gnativebmg.native_blk_mem_gen/valid.cstr/ramloop[45].ram.r/prim_init.ram/DEVICE_7SERIES.NO_BMM_INFO.TRUE_DP.SIMPLE_PRIM36.ram/CLKBWRCLK is not reached by a timing clock
Related violations: <none>

TIMING-17#78 Critical Warning
Non-clocked sequential cell  
The clock pin u_cpu/RISC_V_i/blk_mem_gen_0/U0/inst_blk_mem_gen/gnbram.gnativebmg.native_blk_mem_gen/valid.cstr/ramloop[46].ram.r/prim_init.ram/DEVICE_7SERIES.NO_BMM_INFO.TRUE_DP.SIMPLE_PRIM36.ram/CLKBWRCLK is not reached by a timing clock
Related violations: <none>

TIMING-17#79 Critical Warning
Non-clocked sequential cell  
The clock pin u_cpu/RISC_V_i/blk_mem_gen_0/U0/inst_blk_mem_gen/gnbram.gnativebmg.native_blk_mem_gen/valid.cstr/ramloop[47].ram.r/prim_init.ram/DEVICE_7SERIES.NO_BMM_INFO.TRUE_DP.SIMPLE_PRIM36.ram/CLKBWRCLK is not reached by a timing clock
Related violations: <none>

TIMING-17#80 Critical Warning
Non-clocked sequential cell  
The clock pin u_cpu/RISC_V_i/blk_mem_gen_0/U0/inst_blk_mem_gen/gnbram.gnativebmg.native_blk_mem_gen/valid.cstr/ramloop[48].ram.r/prim_init.ram/DEVICE_7SERIES.NO_BMM_INFO.TRUE_DP.SIMPLE_PRIM36.ram/CLKBWRCLK is not reached by a timing clock
Related violations: <none>

TIMING-17#81 Critical Warning
Non-clocked sequential cell  
The clock pin u_cpu/RISC_V_i/blk_mem_gen_0/U0/inst_blk_mem_gen/gnbram.gnativebmg.native_blk_mem_gen/valid.cstr/ramloop[49].ram.r/prim_init.ram/DEVICE_7SERIES.NO_BMM_INFO.TRUE_DP.SIMPLE_PRIM36.ram/CLKBWRCLK is not reached by a timing clock
Related violations: <none>

TIMING-17#82 Critical Warning
Non-clocked sequential cell  
The clock pin u_cpu/RISC_V_i/blk_mem_gen_0/U0/inst_blk_mem_gen/gnbram.gnativebmg.native_blk_mem_gen/valid.cstr/ramloop[4].ram.r/prim_init.ram/DEVICE_7SERIES.NO_BMM_INFO.TRUE_DP.SIMPLE_PRIM36.ram/CLKBWRCLK is not reached by a timing clock
Related violations: <none>

TIMING-17#83 Critical Warning
Non-clocked sequential cell  
The clock pin u_cpu/RISC_V_i/blk_mem_gen_0/U0/inst_blk_mem_gen/gnbram.gnativebmg.native_blk_mem_gen/valid.cstr/ramloop[50].ram.r/prim_init.ram/DEVICE_7SERIES.NO_BMM_INFO.TRUE_DP.SIMPLE_PRIM36.ram/CLKBWRCLK is not reached by a timing clock
Related violations: <none>

TIMING-17#84 Critical Warning
Non-clocked sequential cell  
The clock pin u_cpu/RISC_V_i/blk_mem_gen_0/U0/inst_blk_mem_gen/gnbram.gnativebmg.native_blk_mem_gen/valid.cstr/ramloop[51].ram.r/prim_init.ram/DEVICE_7SERIES.NO_BMM_INFO.TRUE_DP.SIMPLE_PRIM36.ram/CLKBWRCLK is not reached by a timing clock
Related violations: <none>

TIMING-17#85 Critical Warning
Non-clocked sequential cell  
The clock pin u_cpu/RISC_V_i/blk_mem_gen_0/U0/inst_blk_mem_gen/gnbram.gnativebmg.native_blk_mem_gen/valid.cstr/ramloop[52].ram.r/prim_init.ram/DEVICE_7SERIES.NO_BMM_INFO.TRUE_DP.SIMPLE_PRIM36.ram/CLKBWRCLK is not reached by a timing clock
Related violations: <none>

TIMING-17#86 Critical Warning
Non-clocked sequential cell  
The clock pin u_cpu/RISC_V_i/blk_mem_gen_0/U0/inst_blk_mem_gen/gnbram.gnativebmg.native_blk_mem_gen/valid.cstr/ramloop[53].ram.r/prim_init.ram/DEVICE_7SERIES.NO_BMM_INFO.TRUE_DP.SIMPLE_PRIM36.ram/CLKBWRCLK is not reached by a timing clock
Related violations: <none>

TIMING-17#87 Critical Warning
Non-clocked sequential cell  
The clock pin u_cpu/RISC_V_i/blk_mem_gen_0/U0/inst_blk_mem_gen/gnbram.gnativebmg.native_blk_mem_gen/valid.cstr/ramloop[54].ram.r/prim_init.ram/DEVICE_7SERIES.NO_BMM_INFO.TRUE_DP.SIMPLE_PRIM36.ram/CLKBWRCLK is not reached by a timing clock
Related violations: <none>

TIMING-17#88 Critical Warning
Non-clocked sequential cell  
The clock pin u_cpu/RISC_V_i/blk_mem_gen_0/U0/inst_blk_mem_gen/gnbram.gnativebmg.native_blk_mem_gen/valid.cstr/ramloop[55].ram.r/prim_init.ram/DEVICE_7SERIES.NO_BMM_INFO.TRUE_DP.SIMPLE_PRIM36.ram/CLKBWRCLK is not reached by a timing clock
Related violations: <none>

TIMING-17#89 Critical Warning
Non-clocked sequential cell  
The clock pin u_cpu/RISC_V_i/blk_mem_gen_0/U0/inst_blk_mem_gen/gnbram.gnativebmg.native_blk_mem_gen/valid.cstr/ramloop[56].ram.r/prim_init.ram/DEVICE_7SERIES.NO_BMM_INFO.TRUE_DP.SIMPLE_PRIM36.ram/CLKBWRCLK is not reached by a timing clock
Related violations: <none>

TIMING-17#90 Critical Warning
Non-clocked sequential cell  
The clock pin u_cpu/RISC_V_i/blk_mem_gen_0/U0/inst_blk_mem_gen/gnbram.gnativebmg.native_blk_mem_gen/valid.cstr/ramloop[57].ram.r/prim_init.ram/DEVICE_7SERIES.NO_BMM_INFO.TRUE_DP.SIMPLE_PRIM36.ram/CLKBWRCLK is not reached by a timing clock
Related violations: <none>

TIMING-17#91 Critical Warning
Non-clocked sequential cell  
The clock pin u_cpu/RISC_V_i/blk_mem_gen_0/U0/inst_blk_mem_gen/gnbram.gnativebmg.native_blk_mem_gen/valid.cstr/ramloop[58].ram.r/prim_init.ram/DEVICE_7SERIES.NO_BMM_INFO.TRUE_DP.SIMPLE_PRIM36.ram/CLKBWRCLK is not reached by a timing clock
Related violations: <none>

TIMING-17#92 Critical Warning
Non-clocked sequential cell  
The clock pin u_cpu/RISC_V_i/blk_mem_gen_0/U0/inst_blk_mem_gen/gnbram.gnativebmg.native_blk_mem_gen/valid.cstr/ramloop[59].ram.r/prim_init.ram/DEVICE_7SERIES.NO_BMM_INFO.TRUE_DP.SIMPLE_PRIM36.ram/CLKBWRCLK is not reached by a timing clock
Related violations: <none>

TIMING-17#93 Critical Warning
Non-clocked sequential cell  
The clock pin u_cpu/RISC_V_i/blk_mem_gen_0/U0/inst_blk_mem_gen/gnbram.gnativebmg.native_blk_mem_gen/valid.cstr/ramloop[5].ram.r/prim_init.ram/DEVICE_7SERIES.NO_BMM_INFO.TRUE_DP.SIMPLE_PRIM18.ram/CLKBWRCLK is not reached by a timing clock
Related violations: <none>

TIMING-17#94 Critical Warning
Non-clocked sequential cell  
The clock pin u_cpu/RISC_V_i/blk_mem_gen_0/U0/inst_blk_mem_gen/gnbram.gnativebmg.native_blk_mem_gen/valid.cstr/ramloop[60].ram.r/prim_init.ram/DEVICE_7SERIES.NO_BMM_INFO.TRUE_DP.SIMPLE_PRIM36.ram/CLKBWRCLK is not reached by a timing clock
Related violations: <none>

TIMING-17#95 Critical Warning
Non-clocked sequential cell  
The clock pin u_cpu/RISC_V_i/blk_mem_gen_0/U0/inst_blk_mem_gen/gnbram.gnativebmg.native_blk_mem_gen/valid.cstr/ramloop[61].ram.r/prim_init.ram/DEVICE_7SERIES.NO_BMM_INFO.TRUE_DP.SIMPLE_PRIM36.ram/CLKBWRCLK is not reached by a timing clock
Related violations: <none>

TIMING-17#96 Critical Warning
Non-clocked sequential cell  
The clock pin u_cpu/RISC_V_i/blk_mem_gen_0/U0/inst_blk_mem_gen/gnbram.gnativebmg.native_blk_mem_gen/valid.cstr/ramloop[62].ram.r/prim_init.ram/DEVICE_7SERIES.NO_BMM_INFO.TRUE_DP.SIMPLE_PRIM36.ram/CLKBWRCLK is not reached by a timing clock
Related violations: <none>

TIMING-17#97 Critical Warning
Non-clocked sequential cell  
The clock pin u_cpu/RISC_V_i/blk_mem_gen_0/U0/inst_blk_mem_gen/gnbram.gnativebmg.native_blk_mem_gen/valid.cstr/ramloop[63].ram.r/prim_init.ram/DEVICE_7SERIES.NO_BMM_INFO.TRUE_DP.SIMPLE_PRIM36.ram/CLKBWRCLK is not reached by a timing clock
Related violations: <none>

TIMING-17#98 Critical Warning
Non-clocked sequential cell  
The clock pin u_cpu/RISC_V_i/blk_mem_gen_0/U0/inst_blk_mem_gen/gnbram.gnativebmg.native_blk_mem_gen/valid.cstr/ramloop[64].ram.r/prim_init.ram/DEVICE_7SERIES.NO_BMM_INFO.TRUE_DP.SIMPLE_PRIM36.ram/CLKBWRCLK is not reached by a timing clock
Related violations: <none>

TIMING-17#99 Critical Warning
Non-clocked sequential cell  
The clock pin u_cpu/RISC_V_i/blk_mem_gen_0/U0/inst_blk_mem_gen/gnbram.gnativebmg.native_blk_mem_gen/valid.cstr/ramloop[65].ram.r/prim_init.ram/DEVICE_7SERIES.NO_BMM_INFO.TRUE_DP.SIMPLE_PRIM36.ram/CLKBWRCLK is not reached by a timing clock
Related violations: <none>

TIMING-17#100 Critical Warning
Non-clocked sequential cell  
The clock pin u_cpu/RISC_V_i/blk_mem_gen_0/U0/inst_blk_mem_gen/gnbram.gnativebmg.native_blk_mem_gen/valid.cstr/ramloop[66].ram.r/prim_init.ram/DEVICE_7SERIES.NO_BMM_INFO.TRUE_DP.SIMPLE_PRIM36.ram/CLKBWRCLK is not reached by a timing clock
Related violations: <none>

TIMING-17#101 Critical Warning
Non-clocked sequential cell  
The clock pin u_cpu/RISC_V_i/blk_mem_gen_0/U0/inst_blk_mem_gen/gnbram.gnativebmg.native_blk_mem_gen/valid.cstr/ramloop[67].ram.r/prim_init.ram/DEVICE_7SERIES.NO_BMM_INFO.TRUE_DP.SIMPLE_PRIM36.ram/CLKBWRCLK is not reached by a timing clock
Related violations: <none>

TIMING-17#102 Critical Warning
Non-clocked sequential cell  
The clock pin u_cpu/RISC_V_i/blk_mem_gen_0/U0/inst_blk_mem_gen/gnbram.gnativebmg.native_blk_mem_gen/valid.cstr/ramloop[68].ram.r/prim_init.ram/DEVICE_7SERIES.NO_BMM_INFO.TRUE_DP.SIMPLE_PRIM36.ram/CLKBWRCLK is not reached by a timing clock
Related violations: <none>

TIMING-17#103 Critical Warning
Non-clocked sequential cell  
The clock pin u_cpu/RISC_V_i/blk_mem_gen_0/U0/inst_blk_mem_gen/gnbram.gnativebmg.native_blk_mem_gen/valid.cstr/ramloop[69].ram.r/prim_init.ram/DEVICE_7SERIES.NO_BMM_INFO.TRUE_DP.SIMPLE_PRIM36.ram/CLKBWRCLK is not reached by a timing clock
Related violations: <none>

TIMING-17#104 Critical Warning
Non-clocked sequential cell  
The clock pin u_cpu/RISC_V_i/blk_mem_gen_0/U0/inst_blk_mem_gen/gnbram.gnativebmg.native_blk_mem_gen/valid.cstr/ramloop[6].ram.r/prim_init.ram/DEVICE_7SERIES.NO_BMM_INFO.TRUE_DP.CASCADED_PRIM36.ram_B/CLKBWRCLK is not reached by a timing clock
Related violations: <none>

TIMING-17#105 Critical Warning
Non-clocked sequential cell  
The clock pin u_cpu/RISC_V_i/blk_mem_gen_0/U0/inst_blk_mem_gen/gnbram.gnativebmg.native_blk_mem_gen/valid.cstr/ramloop[6].ram.r/prim_init.ram/DEVICE_7SERIES.NO_BMM_INFO.TRUE_DP.CASCADED_PRIM36.ram_T/CLKBWRCLK is not reached by a timing clock
Related violations: <none>

TIMING-17#106 Critical Warning
Non-clocked sequential cell  
The clock pin u_cpu/RISC_V_i/blk_mem_gen_0/U0/inst_blk_mem_gen/gnbram.gnativebmg.native_blk_mem_gen/valid.cstr/ramloop[70].ram.r/prim_init.ram/DEVICE_7SERIES.NO_BMM_INFO.TRUE_DP.SIMPLE_PRIM36.ram/CLKBWRCLK is not reached by a timing clock
Related violations: <none>

TIMING-17#107 Critical Warning
Non-clocked sequential cell  
The clock pin u_cpu/RISC_V_i/blk_mem_gen_0/U0/inst_blk_mem_gen/gnbram.gnativebmg.native_blk_mem_gen/valid.cstr/ramloop[71].ram.r/prim_init.ram/DEVICE_7SERIES.NO_BMM_INFO.TRUE_DP.SIMPLE_PRIM36.ram/CLKBWRCLK is not reached by a timing clock
Related violations: <none>

TIMING-17#108 Critical Warning
Non-clocked sequential cell  
The clock pin u_cpu/RISC_V_i/blk_mem_gen_0/U0/inst_blk_mem_gen/gnbram.gnativebmg.native_blk_mem_gen/valid.cstr/ramloop[72].ram.r/prim_init.ram/DEVICE_7SERIES.NO_BMM_INFO.TRUE_DP.SIMPLE_PRIM36.ram/CLKBWRCLK is not reached by a timing clock
Related violations: <none>

TIMING-17#109 Critical Warning
Non-clocked sequential cell  
The clock pin u_cpu/RISC_V_i/blk_mem_gen_0/U0/inst_blk_mem_gen/gnbram.gnativebmg.native_blk_mem_gen/valid.cstr/ramloop[73].ram.r/prim_init.ram/DEVICE_7SERIES.NO_BMM_INFO.TRUE_DP.SIMPLE_PRIM36.ram/CLKBWRCLK is not reached by a timing clock
Related violations: <none>

TIMING-17#110 Critical Warning
Non-clocked sequential cell  
The clock pin u_cpu/RISC_V_i/blk_mem_gen_0/U0/inst_blk_mem_gen/gnbram.gnativebmg.native_blk_mem_gen/valid.cstr/ramloop[74].ram.r/prim_init.ram/DEVICE_7SERIES.NO_BMM_INFO.TRUE_DP.SIMPLE_PRIM36.ram/CLKBWRCLK is not reached by a timing clock
Related violations: <none>

TIMING-17#111 Critical Warning
Non-clocked sequential cell  
The clock pin u_cpu/RISC_V_i/blk_mem_gen_0/U0/inst_blk_mem_gen/gnbram.gnativebmg.native_blk_mem_gen/valid.cstr/ramloop[75].ram.r/prim_init.ram/DEVICE_7SERIES.NO_BMM_INFO.TRUE_DP.SIMPLE_PRIM36.ram/CLKBWRCLK is not reached by a timing clock
Related violations: <none>

TIMING-17#112 Critical Warning
Non-clocked sequential cell  
The clock pin u_cpu/RISC_V_i/blk_mem_gen_0/U0/inst_blk_mem_gen/gnbram.gnativebmg.native_blk_mem_gen/valid.cstr/ramloop[76].ram.r/prim_init.ram/DEVICE_7SERIES.NO_BMM_INFO.TRUE_DP.SIMPLE_PRIM36.ram/CLKBWRCLK is not reached by a timing clock
Related violations: <none>

TIMING-17#113 Critical Warning
Non-clocked sequential cell  
The clock pin u_cpu/RISC_V_i/blk_mem_gen_0/U0/inst_blk_mem_gen/gnbram.gnativebmg.native_blk_mem_gen/valid.cstr/ramloop[77].ram.r/prim_init.ram/DEVICE_7SERIES.NO_BMM_INFO.TRUE_DP.SIMPLE_PRIM36.ram/CLKBWRCLK is not reached by a timing clock
Related violations: <none>

TIMING-17#114 Critical Warning
Non-clocked sequential cell  
The clock pin u_cpu/RISC_V_i/blk_mem_gen_0/U0/inst_blk_mem_gen/gnbram.gnativebmg.native_blk_mem_gen/valid.cstr/ramloop[78].ram.r/prim_init.ram/DEVICE_7SERIES.NO_BMM_INFO.TRUE_DP.SIMPLE_PRIM36.ram/CLKBWRCLK is not reached by a timing clock
Related violations: <none>

TIMING-17#115 Critical Warning
Non-clocked sequential cell  
The clock pin u_cpu/RISC_V_i/blk_mem_gen_0/U0/inst_blk_mem_gen/gnbram.gnativebmg.native_blk_mem_gen/valid.cstr/ramloop[79].ram.r/prim_init.ram/DEVICE_7SERIES.NO_BMM_INFO.TRUE_DP.SIMPLE_PRIM36.ram/CLKBWRCLK is not reached by a timing clock
Related violations: <none>

TIMING-17#116 Critical Warning
Non-clocked sequential cell  
The clock pin u_cpu/RISC_V_i/blk_mem_gen_0/U0/inst_blk_mem_gen/gnbram.gnativebmg.native_blk_mem_gen/valid.cstr/ramloop[7].ram.r/prim_init.ram/DEVICE_7SERIES.NO_BMM_INFO.TRUE_DP.CASCADED_PRIM36.ram_B/CLKBWRCLK is not reached by a timing clock
Related violations: <none>

TIMING-17#117 Critical Warning
Non-clocked sequential cell  
The clock pin u_cpu/RISC_V_i/blk_mem_gen_0/U0/inst_blk_mem_gen/gnbram.gnativebmg.native_blk_mem_gen/valid.cstr/ramloop[7].ram.r/prim_init.ram/DEVICE_7SERIES.NO_BMM_INFO.TRUE_DP.CASCADED_PRIM36.ram_T/CLKBWRCLK is not reached by a timing clock
Related violations: <none>

TIMING-17#118 Critical Warning
Non-clocked sequential cell  
The clock pin u_cpu/RISC_V_i/blk_mem_gen_0/U0/inst_blk_mem_gen/gnbram.gnativebmg.native_blk_mem_gen/valid.cstr/ramloop[80].ram.r/prim_init.ram/DEVICE_7SERIES.NO_BMM_INFO.TRUE_DP.SIMPLE_PRIM36.ram/CLKBWRCLK is not reached by a timing clock
Related violations: <none>

TIMING-17#119 Critical Warning
Non-clocked sequential cell  
The clock pin u_cpu/RISC_V_i/blk_mem_gen_0/U0/inst_blk_mem_gen/gnbram.gnativebmg.native_blk_mem_gen/valid.cstr/ramloop[81].ram.r/prim_init.ram/DEVICE_7SERIES.NO_BMM_INFO.TRUE_DP.SIMPLE_PRIM36.ram/CLKBWRCLK is not reached by a timing clock
Related violations: <none>

TIMING-17#120 Critical Warning
Non-clocked sequential cell  
The clock pin u_cpu/RISC_V_i/blk_mem_gen_0/U0/inst_blk_mem_gen/gnbram.gnativebmg.native_blk_mem_gen/valid.cstr/ramloop[82].ram.r/prim_init.ram/DEVICE_7SERIES.NO_BMM_INFO.TRUE_DP.SIMPLE_PRIM36.ram/CLKBWRCLK is not reached by a timing clock
Related violations: <none>

TIMING-17#121 Critical Warning
Non-clocked sequential cell  
The clock pin u_cpu/RISC_V_i/blk_mem_gen_0/U0/inst_blk_mem_gen/gnbram.gnativebmg.native_blk_mem_gen/valid.cstr/ramloop[83].ram.r/prim_init.ram/DEVICE_7SERIES.NO_BMM_INFO.TRUE_DP.SIMPLE_PRIM36.ram/CLKBWRCLK is not reached by a timing clock
Related violations: <none>

TIMING-17#122 Critical Warning
Non-clocked sequential cell  
The clock pin u_cpu/RISC_V_i/blk_mem_gen_0/U0/inst_blk_mem_gen/gnbram.gnativebmg.native_blk_mem_gen/valid.cstr/ramloop[84].ram.r/prim_init.ram/DEVICE_7SERIES.NO_BMM_INFO.TRUE_DP.SIMPLE_PRIM36.ram/CLKBWRCLK is not reached by a timing clock
Related violations: <none>

TIMING-17#123 Critical Warning
Non-clocked sequential cell  
The clock pin u_cpu/RISC_V_i/blk_mem_gen_0/U0/inst_blk_mem_gen/gnbram.gnativebmg.native_blk_mem_gen/valid.cstr/ramloop[85].ram.r/prim_init.ram/DEVICE_7SERIES.NO_BMM_INFO.TRUE_DP.SIMPLE_PRIM36.ram/CLKBWRCLK is not reached by a timing clock
Related violations: <none>

TIMING-17#124 Critical Warning
Non-clocked sequential cell  
The clock pin u_cpu/RISC_V_i/blk_mem_gen_0/U0/inst_blk_mem_gen/gnbram.gnativebmg.native_blk_mem_gen/valid.cstr/ramloop[86].ram.r/prim_init.ram/DEVICE_7SERIES.NO_BMM_INFO.TRUE_DP.SIMPLE_PRIM36.ram/CLKBWRCLK is not reached by a timing clock
Related violations: <none>

TIMING-17#125 Critical Warning
Non-clocked sequential cell  
The clock pin u_cpu/RISC_V_i/blk_mem_gen_0/U0/inst_blk_mem_gen/gnbram.gnativebmg.native_blk_mem_gen/valid.cstr/ramloop[87].ram.r/prim_init.ram/DEVICE_7SERIES.NO_BMM_INFO.TRUE_DP.SIMPLE_PRIM36.ram/CLKBWRCLK is not reached by a timing clock
Related violations: <none>

TIMING-17#126 Critical Warning
Non-clocked sequential cell  
The clock pin u_cpu/RISC_V_i/blk_mem_gen_0/U0/inst_blk_mem_gen/gnbram.gnativebmg.native_blk_mem_gen/valid.cstr/ramloop[88].ram.r/prim_init.ram/DEVICE_7SERIES.NO_BMM_INFO.TRUE_DP.SIMPLE_PRIM36.ram/CLKBWRCLK is not reached by a timing clock
Related violations: <none>

TIMING-17#127 Critical Warning
Non-clocked sequential cell  
The clock pin u_cpu/RISC_V_i/blk_mem_gen_0/U0/inst_blk_mem_gen/gnbram.gnativebmg.native_blk_mem_gen/valid.cstr/ramloop[89].ram.r/prim_init.ram/DEVICE_7SERIES.NO_BMM_INFO.TRUE_DP.SIMPLE_PRIM36.ram/CLKBWRCLK is not reached by a timing clock
Related violations: <none>

TIMING-17#128 Critical Warning
Non-clocked sequential cell  
The clock pin u_cpu/RISC_V_i/blk_mem_gen_0/U0/inst_blk_mem_gen/gnbram.gnativebmg.native_blk_mem_gen/valid.cstr/ramloop[8].ram.r/prim_init.ram/DEVICE_7SERIES.NO_BMM_INFO.TRUE_DP.CASCADED_PRIM36.ram_B/CLKBWRCLK is not reached by a timing clock
Related violations: <none>

TIMING-17#129 Critical Warning
Non-clocked sequential cell  
The clock pin u_cpu/RISC_V_i/blk_mem_gen_0/U0/inst_blk_mem_gen/gnbram.gnativebmg.native_blk_mem_gen/valid.cstr/ramloop[8].ram.r/prim_init.ram/DEVICE_7SERIES.NO_BMM_INFO.TRUE_DP.CASCADED_PRIM36.ram_T/CLKBWRCLK is not reached by a timing clock
Related violations: <none>

TIMING-17#130 Critical Warning
Non-clocked sequential cell  
The clock pin u_cpu/RISC_V_i/blk_mem_gen_0/U0/inst_blk_mem_gen/gnbram.gnativebmg.native_blk_mem_gen/valid.cstr/ramloop[90].ram.r/prim_init.ram/DEVICE_7SERIES.NO_BMM_INFO.TRUE_DP.SIMPLE_PRIM36.ram/CLKBWRCLK is not reached by a timing clock
Related violations: <none>

TIMING-17#131 Critical Warning
Non-clocked sequential cell  
The clock pin u_cpu/RISC_V_i/blk_mem_gen_0/U0/inst_blk_mem_gen/gnbram.gnativebmg.native_blk_mem_gen/valid.cstr/ramloop[91].ram.r/prim_init.ram/DEVICE_7SERIES.NO_BMM_INFO.TRUE_DP.SIMPLE_PRIM36.ram/CLKBWRCLK is not reached by a timing clock
Related violations: <none>

TIMING-17#132 Critical Warning
Non-clocked sequential cell  
The clock pin u_cpu/RISC_V_i/blk_mem_gen_0/U0/inst_blk_mem_gen/gnbram.gnativebmg.native_blk_mem_gen/valid.cstr/ramloop[9].ram.r/prim_init.ram/DEVICE_7SERIES.NO_BMM_INFO.TRUE_DP.CASCADED_PRIM36.ram_B/CLKBWRCLK is not reached by a timing clock
Related violations: <none>

TIMING-17#133 Critical Warning
Non-clocked sequential cell  
The clock pin u_cpu/RISC_V_i/blk_mem_gen_0/U0/inst_blk_mem_gen/gnbram.gnativebmg.native_blk_mem_gen/valid.cstr/ramloop[9].ram.r/prim_init.ram/DEVICE_7SERIES.NO_BMM_INFO.TRUE_DP.CASCADED_PRIM36.ram_T/CLKBWRCLK is not reached by a timing clock
Related violations: <none>

TIMING-27#1 Critical Warning
Invalid primary clock on hierarchical pin  
A primary clock u_cpu/RISC_V_i/clk_wiz_1/inst/clk_in1 is created on an inappropriate internal pin u_cpu/RISC_V_i/clk_wiz_1/inst/clk_in1. It is not recommended to create a primary clock on a hierarchical pin when its driver pin has a fanout connected to multiple clock pins
Related violations: <none>

LUTAR-1#1 Warning
LUT drives async reset alert  
LUT cell u_cpu/RISC_V_i/microblaze_riscv_0/U0/riscv_core_I/Base.Core/Decode_I/Serial_Dbg_Intf.abstractcs_busy_rst_i_i_1, with 2 or more inputs, drives asynchronous preset/clear pin(s) u_cpu/RISC_V_i/microblaze_riscv_0/U0/riscv_core_I/Base.Core/Use_Debug_Logic.Master_Core.Debug_Perf/Serial_Dbg_Intf.abstractcs_busy_reg/CLR. The LUT may glitch and trigger an unexpected reset, even if it is a properly timed path.
Related violations: <none>

LUTAR-1#2 Warning
LUT drives async reset alert  
LUT cell u_cpu/RISC_V_i/microblaze_riscv_0/U0/riscv_core_I/Base.Core/Use_Debug_Logic.Master_Core.Debug_Perf/Serial_Dbg_Intf.resume_rst_i_i_1, with 2 or more inputs, drives asynchronous preset/clear pin(s) u_cpu/RISC_V_i/microblaze_riscv_0/U0/riscv_core_I/Base.Core/Use_Debug_Logic.Master_Core.Debug_Perf/Serial_Dbg_Intf.resumeack_reg/PRE. The LUT may glitch and trigger an unexpected reset, even if it is a properly timed path.
Related violations: <none>

TIMING-9#1 Warning
Unknown CDC Logic  
One or more asynchronous Clock Domain Crossing has been detected between 2 clock domains through a set_false_path or a set_clock_groups or set_max_delay -datapath_only constraint but no double-registers logic synchronizer has been found on the side of the capture clock. It is recommended to run report_cdc for a complete and detailed CDC coverage. Please consider using XPM_CDC to avoid Critical severities
Related violations: <none>

TIMING-16#1 Warning
Large setup violation  
There is a large setup violation of -1.005 ns between u_cpu/RISC_V_i/microblaze_riscv_0/U0/riscv_core_I/Base.Core/Use_Debug_Logic.Master_Core.Debug_Perf/Performance_Debug_Control.ex_dbg_pc_hit_i_reg/C (clocked by clk_out1_RISC_V_clk_wiz_1_0) and u_cpu/RISC_V_i/microblaze_riscv_0_local_memory/lmb_bram/U0/inst_blk_mem_gen/gnbram.gnative_mem_map_bmg.native_mem_map_blk_mem_gen/valid.cstr/ramloop[5].ram.r/prim_noinit.ram/DEVICE_7SERIES.WITH_BMM_INFO.TRUE_DP.SIMPLE_PRIM36.TDP_SP36_NO_ECC_ATTR.ram/ADDRBWRADDR[12] (clocked by clk_out1_RISC_V_clk_wiz_1_0). Large setup violations at the end of those stages might be difficult to fix during the post-placement implementation flow and could be the result of non-optimal XDC constraints or non-optimal design architecture
Related violations: <none>

TIMING-16#2 Warning
Large setup violation  
There is a large setup violation of -1.006 ns between u_cpu/RISC_V_i/microblaze_riscv_0/U0/riscv_core_I/Base.Core/Use_Debug_Logic.Master_Core.Debug_Perf/Performance_Debug_Control.ex_dbg_pc_hit_i_reg/C (clocked by clk_out1_RISC_V_clk_wiz_1_0) and u_cpu/RISC_V_i/microblaze_riscv_0/U0/riscv_core_I/Base.Core/Data_Flow_I/csr_I/mtval_reg[0]/CE (clocked by clk_out1_RISC_V_clk_wiz_1_0). Large setup violations at the end of those stages might be difficult to fix during the post-placement implementation flow and could be the result of non-optimal XDC constraints or non-optimal design architecture
Related violations: <none>

TIMING-16#3 Warning
Large setup violation  
There is a large setup violation of -1.006 ns between u_cpu/RISC_V_i/microblaze_riscv_0/U0/riscv_core_I/Base.Core/Use_Debug_Logic.Master_Core.Debug_Perf/Performance_Debug_Control.ex_dbg_pc_hit_i_reg/C (clocked by clk_out1_RISC_V_clk_wiz_1_0) and u_cpu/RISC_V_i/microblaze_riscv_0/U0/riscv_core_I/Base.Core/Data_Flow_I/csr_I/mtval_reg[12]/CE (clocked by clk_out1_RISC_V_clk_wiz_1_0). Large setup violations at the end of those stages might be difficult to fix during the post-placement implementation flow and could be the result of non-optimal XDC constraints or non-optimal design architecture
Related violations: <none>

TIMING-16#4 Warning
Large setup violation  
There is a large setup violation of -1.006 ns between u_cpu/RISC_V_i/microblaze_riscv_0/U0/riscv_core_I/Base.Core/Use_Debug_Logic.Master_Core.Debug_Perf/Performance_Debug_Control.ex_dbg_pc_hit_i_reg/C (clocked by clk_out1_RISC_V_clk_wiz_1_0) and u_cpu/RISC_V_i/microblaze_riscv_0/U0/riscv_core_I/Base.Core/Data_Flow_I/csr_I/mtval_reg[15]/CE (clocked by clk_out1_RISC_V_clk_wiz_1_0). Large setup violations at the end of those stages might be difficult to fix during the post-placement implementation flow and could be the result of non-optimal XDC constraints or non-optimal design architecture
Related violations: <none>

TIMING-16#5 Warning
Large setup violation  
There is a large setup violation of -1.025 ns between u_cpu/RISC_V_i/microblaze_riscv_0/U0/riscv_core_I/Base.Core/Use_Debug_Logic.Master_Core.Debug_Perf/Performance_Debug_Control.ex_dbg_pc_hit_i_reg/C (clocked by clk_out1_RISC_V_clk_wiz_1_0) and u_cpu/RISC_V_i/microblaze_riscv_0_local_memory/lmb_bram/U0/inst_blk_mem_gen/gnbram.gnative_mem_map_bmg.native_mem_map_blk_mem_gen/valid.cstr/ramloop[5].ram.r/prim_noinit.ram/DEVICE_7SERIES.WITH_BMM_INFO.TRUE_DP.SIMPLE_PRIM36.TDP_SP36_NO_ECC_ATTR.ram/ADDRBWRADDR[8] (clocked by clk_out1_RISC_V_clk_wiz_1_0). Large setup violations at the end of those stages might be difficult to fix during the post-placement implementation flow and could be the result of non-optimal XDC constraints or non-optimal design architecture
Related violations: <none>

TIMING-16#6 Warning
Large setup violation  
There is a large setup violation of -1.053 ns between u_cpu/RISC_V_i/microblaze_riscv_0/U0/riscv_core_I/Base.Core/Decode_I/PreFetch_Buffer_I/INSTR_BUFFER_I1/cur_data_i_reg[20]/C (clocked by clk_out1_RISC_V_clk_wiz_1_0) and u_cpu/RISC_V_i/microblaze_riscv_0/U0/riscv_core_I/Base.Core/Decode_I/EX_Gen_Bits[0].EX_Instr_Reg_FF/Using_FPGA.Native/CE (clocked by clk_out1_RISC_V_clk_wiz_1_0). Large setup violations at the end of those stages might be difficult to fix during the post-placement implementation flow and could be the result of non-optimal XDC constraints or non-optimal design architecture
Related violations: <none>

TIMING-16#7 Warning
Large setup violation  
There is a large setup violation of -1.061 ns between u_cpu/RISC_V_i/microblaze_riscv_0/U0/riscv_core_I/Base.Core/Use_Debug_Logic.Master_Core.Debug_Perf/Performance_Debug_Control.ex_dbg_pc_hit_i_reg/C (clocked by clk_out1_RISC_V_clk_wiz_1_0) and u_cpu/RISC_V_i/microblaze_riscv_0_local_memory/lmb_bram/U0/inst_blk_mem_gen/gnbram.gnative_mem_map_bmg.native_mem_map_blk_mem_gen/valid.cstr/ramloop[7].ram.r/prim_noinit.ram/DEVICE_7SERIES.WITH_BMM_INFO.TRUE_DP.SIMPLE_PRIM36.TDP_SP36_NO_ECC_ATTR.ram/ADDRBWRADDR[3] (clocked by clk_out1_RISC_V_clk_wiz_1_0). Large setup violations at the end of those stages might be difficult to fix during the post-placement implementation flow and could be the result of non-optimal XDC constraints or non-optimal design architecture
Related violations: <none>

TIMING-16#8 Warning
Large setup violation  
There is a large setup violation of -1.089 ns between u_cpu/RISC_V_i/microblaze_riscv_0/U0/riscv_core_I/Base.Core/Decode_I/PreFetch_Buffer_I/INSTR_BUFFER_I1/cur_data_i_reg[20]/C (clocked by clk_out1_RISC_V_clk_wiz_1_0) and u_cpu/RISC_V_i/microblaze_riscv_0/U0/riscv_core_I/Base.Core/Data_Flow_I/Operand_Select_I/EX_Branch_Base_reg[21]/CE (clocked by clk_out1_RISC_V_clk_wiz_1_0). Large setup violations at the end of those stages might be difficult to fix during the post-placement implementation flow and could be the result of non-optimal XDC constraints or non-optimal design architecture
Related violations: <none>

TIMING-16#9 Warning
Large setup violation  
There is a large setup violation of -1.089 ns between u_cpu/RISC_V_i/microblaze_riscv_0/U0/riscv_core_I/Base.Core/Decode_I/PreFetch_Buffer_I/INSTR_BUFFER_I1/cur_data_i_reg[20]/C (clocked by clk_out1_RISC_V_clk_wiz_1_0) and u_cpu/RISC_V_i/microblaze_riscv_0/U0/riscv_core_I/Base.Core/Data_Flow_I/Operand_Select_I/EX_Branch_Base_reg[25]/CE (clocked by clk_out1_RISC_V_clk_wiz_1_0). Large setup violations at the end of those stages might be difficult to fix during the post-placement implementation flow and could be the result of non-optimal XDC constraints or non-optimal design architecture
Related violations: <none>

TIMING-16#10 Warning
Large setup violation  
There is a large setup violation of -1.089 ns between u_cpu/RISC_V_i/microblaze_riscv_0/U0/riscv_core_I/Base.Core/Decode_I/PreFetch_Buffer_I/INSTR_BUFFER_I1/cur_data_i_reg[20]/C (clocked by clk_out1_RISC_V_clk_wiz_1_0) and u_cpu/RISC_V_i/microblaze_riscv_0/U0/riscv_core_I/Base.Core/Data_Flow_I/Operand_Select_I/EX_Branch_Base_reg[28]/CE (clocked by clk_out1_RISC_V_clk_wiz_1_0). Large setup violations at the end of those stages might be difficult to fix during the post-placement implementation flow and could be the result of non-optimal XDC constraints or non-optimal design architecture
Related violations: <none>

TIMING-16#11 Warning
Large setup violation  
There is a large setup violation of -1.089 ns between u_cpu/RISC_V_i/microblaze_riscv_0/U0/riscv_core_I/Base.Core/Decode_I/PreFetch_Buffer_I/INSTR_BUFFER_I1/cur_data_i_reg[20]/C (clocked by clk_out1_RISC_V_clk_wiz_1_0) and u_cpu/RISC_V_i/microblaze_riscv_0/U0/riscv_core_I/Base.Core/Decode_I/PC_Module_I/ex_pc_i_reg[17]/CE (clocked by clk_out1_RISC_V_clk_wiz_1_0). Large setup violations at the end of those stages might be difficult to fix during the post-placement implementation flow and could be the result of non-optimal XDC constraints or non-optimal design architecture
Related violations: <none>

TIMING-16#12 Warning
Large setup violation  
There is a large setup violation of -1.091 ns between u_cpu/RISC_V_i/microblaze_riscv_0/U0/riscv_core_I/Base.Core/Use_Debug_Logic.Master_Core.Debug_Perf/Performance_Debug_Control.ex_dbg_pc_hit_i_reg/C (clocked by clk_out1_RISC_V_clk_wiz_1_0) and u_cpu/RISC_V_i/microblaze_riscv_0/U0/riscv_core_I/Base.Core/Data_Flow_I/csr_I/mtval_reg[10]/CE (clocked by clk_out1_RISC_V_clk_wiz_1_0). Large setup violations at the end of those stages might be difficult to fix during the post-placement implementation flow and could be the result of non-optimal XDC constraints or non-optimal design architecture
Related violations: <none>

TIMING-16#13 Warning
Large setup violation  
There is a large setup violation of -1.091 ns between u_cpu/RISC_V_i/microblaze_riscv_0/U0/riscv_core_I/Base.Core/Use_Debug_Logic.Master_Core.Debug_Perf/Performance_Debug_Control.ex_dbg_pc_hit_i_reg/C (clocked by clk_out1_RISC_V_clk_wiz_1_0) and u_cpu/RISC_V_i/microblaze_riscv_0/U0/riscv_core_I/Base.Core/Data_Flow_I/csr_I/mtval_reg[11]/CE (clocked by clk_out1_RISC_V_clk_wiz_1_0). Large setup violations at the end of those stages might be difficult to fix during the post-placement implementation flow and could be the result of non-optimal XDC constraints or non-optimal design architecture
Related violations: <none>

TIMING-16#14 Warning
Large setup violation  
There is a large setup violation of -1.094 ns between u_cpu/RISC_V_i/microblaze_riscv_0/U0/riscv_core_I/Base.Core/Use_Debug_Logic.Master_Core.Debug_Perf/Performance_Debug_Control.ex_dbg_pc_hit_i_reg/C (clocked by clk_out1_RISC_V_clk_wiz_1_0) and u_cpu/RISC_V_i/microblaze_riscv_0_local_memory/lmb_bram/U0/inst_blk_mem_gen/gnbram.gnative_mem_map_bmg.native_mem_map_blk_mem_gen/valid.cstr/ramloop[14].ram.r/prim_noinit.ram/DEVICE_7SERIES.WITH_BMM_INFO.TRUE_DP.SIMPLE_PRIM36.TDP_SP36_NO_ECC_ATTR.ram/ADDRBWRADDR[11] (clocked by clk_out1_RISC_V_clk_wiz_1_0). Large setup violations at the end of those stages might be difficult to fix during the post-placement implementation flow and could be the result of non-optimal XDC constraints or non-optimal design architecture
Related violations: <none>

TIMING-16#15 Warning
Large setup violation  
There is a large setup violation of -1.110 ns between u_cpu/RISC_V_i/microblaze_riscv_0/U0/riscv_core_I/Base.Core/Decode_I/PreFetch_Buffer_I/INSTR_BUFFER_I1/cur_data_i_reg[20]/C (clocked by clk_out1_RISC_V_clk_wiz_1_0) and u_cpu/RISC_V_i/microblaze_riscv_0/U0/riscv_core_I/Base.Core/Data_Flow_I/Operand_Select_I/EX_Op1_reg[0]/CE (clocked by clk_out1_RISC_V_clk_wiz_1_0). Large setup violations at the end of those stages might be difficult to fix during the post-placement implementation flow and could be the result of non-optimal XDC constraints or non-optimal design architecture
Related violations: <none>

TIMING-16#16 Warning
Large setup violation  
There is a large setup violation of -1.110 ns between u_cpu/RISC_V_i/microblaze_riscv_0/U0/riscv_core_I/Base.Core/Decode_I/PreFetch_Buffer_I/INSTR_BUFFER_I1/cur_data_i_reg[20]/C (clocked by clk_out1_RISC_V_clk_wiz_1_0) and u_cpu/RISC_V_i/microblaze_riscv_0/U0/riscv_core_I/Base.Core/Data_Flow_I/Operand_Select_I/EX_Op1_reg[10]/CE (clocked by clk_out1_RISC_V_clk_wiz_1_0). Large setup violations at the end of those stages might be difficult to fix during the post-placement implementation flow and could be the result of non-optimal XDC constraints or non-optimal design architecture
Related violations: <none>

TIMING-16#17 Warning
Large setup violation  
There is a large setup violation of -1.110 ns between u_cpu/RISC_V_i/microblaze_riscv_0/U0/riscv_core_I/Base.Core/Decode_I/PreFetch_Buffer_I/INSTR_BUFFER_I1/cur_data_i_reg[20]/C (clocked by clk_out1_RISC_V_clk_wiz_1_0) and u_cpu/RISC_V_i/microblaze_riscv_0/U0/riscv_core_I/Base.Core/Data_Flow_I/Operand_Select_I/EX_Op2_reg[0]/CE (clocked by clk_out1_RISC_V_clk_wiz_1_0). Large setup violations at the end of those stages might be difficult to fix during the post-placement implementation flow and could be the result of non-optimal XDC constraints or non-optimal design architecture
Related violations: <none>

TIMING-16#18 Warning
Large setup violation  
There is a large setup violation of -1.110 ns between u_cpu/RISC_V_i/microblaze_riscv_0/U0/riscv_core_I/Base.Core/Decode_I/PreFetch_Buffer_I/INSTR_BUFFER_I1/cur_data_i_reg[20]/C (clocked by clk_out1_RISC_V_clk_wiz_1_0) and u_cpu/RISC_V_i/microblaze_riscv_0/U0/riscv_core_I/Base.Core/Data_Flow_I/Operand_Select_I/EX_Op2_reg[10]/CE (clocked by clk_out1_RISC_V_clk_wiz_1_0). Large setup violations at the end of those stages might be difficult to fix during the post-placement implementation flow and could be the result of non-optimal XDC constraints or non-optimal design architecture
Related violations: <none>

TIMING-16#19 Warning
Large setup violation  
There is a large setup violation of -1.135 ns between u_cpu/RISC_V_i/microblaze_riscv_0/U0/riscv_core_I/Base.Core/Use_Debug_Logic.Master_Core.Debug_Perf/Performance_Debug_Control.ex_dbg_pc_hit_i_reg/C (clocked by clk_out1_RISC_V_clk_wiz_1_0) and u_cpu/RISC_V_i/microblaze_riscv_0_local_memory/lmb_bram/U0/inst_blk_mem_gen/gnbram.gnative_mem_map_bmg.native_mem_map_blk_mem_gen/valid.cstr/ramloop[7].ram.r/prim_noinit.ram/DEVICE_7SERIES.WITH_BMM_INFO.TRUE_DP.SIMPLE_PRIM36.TDP_SP36_NO_ECC_ATTR.ram/ADDRBWRADDR[12] (clocked by clk_out1_RISC_V_clk_wiz_1_0). Large setup violations at the end of those stages might be difficult to fix during the post-placement implementation flow and could be the result of non-optimal XDC constraints or non-optimal design architecture
Related violations: <none>

TIMING-16#20 Warning
Large setup violation  
There is a large setup violation of -1.143 ns between u_cpu/RISC_V_i/microblaze_riscv_0/U0/riscv_core_I/Base.Core/Use_Debug_Logic.Master_Core.Debug_Perf/Performance_Debug_Control.ex_dbg_pc_hit_i_reg/C (clocked by clk_out1_RISC_V_clk_wiz_1_0) and u_cpu/RISC_V_i/microblaze_riscv_0_local_memory/lmb_bram/U0/inst_blk_mem_gen/gnbram.gnative_mem_map_bmg.native_mem_map_blk_mem_gen/valid.cstr/ramloop[7].ram.r/prim_noinit.ram/DEVICE_7SERIES.WITH_BMM_INFO.TRUE_DP.SIMPLE_PRIM36.TDP_SP36_NO_ECC_ATTR.ram/ADDRBWRADDR[9] (clocked by clk_out1_RISC_V_clk_wiz_1_0). Large setup violations at the end of those stages might be difficult to fix during the post-placement implementation flow and could be the result of non-optimal XDC constraints or non-optimal design architecture
Related violations: <none>

TIMING-16#21 Warning
Large setup violation  
There is a large setup violation of -1.159 ns between u_cpu/RISC_V_i/microblaze_riscv_0/U0/riscv_core_I/Base.Core/Use_Debug_Logic.Master_Core.Debug_Perf/Performance_Debug_Control.ex_dbg_pc_hit_i_reg/C (clocked by clk_out1_RISC_V_clk_wiz_1_0) and u_cpu/RISC_V_i/microblaze_riscv_0_local_memory/lmb_bram/U0/inst_blk_mem_gen/gnbram.gnative_mem_map_bmg.native_mem_map_blk_mem_gen/valid.cstr/ramloop[10].ram.r/prim_noinit.ram/DEVICE_7SERIES.WITH_BMM_INFO.TRUE_DP.SIMPLE_PRIM36.TDP_SP36_NO_ECC_ATTR.ram/ADDRBWRADDR[10] (clocked by clk_out1_RISC_V_clk_wiz_1_0). Large setup violations at the end of those stages might be difficult to fix during the post-placement implementation flow and could be the result of non-optimal XDC constraints or non-optimal design architecture
Related violations: <none>

TIMING-16#22 Warning
Large setup violation  
There is a large setup violation of -1.168 ns between u_cpu/RISC_V_i/microblaze_riscv_0/U0/riscv_core_I/Base.Core/Data_Flow_I/Operand_Select_I/EX_Op1_reg[31]/C (clocked by clk_out1_RISC_V_clk_wiz_1_0) and u_cpu/RISC_V_i/microblaze_riscv_0_local_memory/lmb_bram/U0/inst_blk_mem_gen/gnbram.gnative_mem_map_bmg.native_mem_map_blk_mem_gen/valid.cstr/ramloop[12].ram.r/prim_noinit.ram/DEVICE_7SERIES.WITH_BMM_INFO.TRUE_DP.SIMPLE_PRIM36.TDP_SP36_NO_ECC_ATTR.ram/ENARDEN (clocked by clk_out1_RISC_V_clk_wiz_1_0). Large setup violations at the end of those stages might be difficult to fix during the post-placement implementation flow and could be the result of non-optimal XDC constraints or non-optimal design architecture
Related violations: <none>

TIMING-16#23 Warning
Large setup violation  
There is a large setup violation of -1.193 ns between u_cpu/RISC_V_i/microblaze_riscv_0/U0/riscv_core_I/Base.Core/Use_Debug_Logic.Master_Core.Debug_Perf/Performance_Debug_Control.ex_dbg_pc_hit_i_reg/C (clocked by clk_out1_RISC_V_clk_wiz_1_0) and u_cpu/RISC_V_i/microblaze_riscv_0_local_memory/lmb_bram/U0/inst_blk_mem_gen/gnbram.gnative_mem_map_bmg.native_mem_map_blk_mem_gen/valid.cstr/ramloop[1].ram.r/prim_noinit.ram/DEVICE_7SERIES.WITH_BMM_INFO.TRUE_DP.SIMPLE_PRIM36.TDP_SP36_NO_ECC_ATTR.ram/ADDRBWRADDR[9] (clocked by clk_out1_RISC_V_clk_wiz_1_0). Large setup violations at the end of those stages might be difficult to fix during the post-placement implementation flow and could be the result of non-optimal XDC constraints or non-optimal design architecture
Related violations: <none>

TIMING-16#24 Warning
Large setup violation  
There is a large setup violation of -1.196 ns between u_cpu/RISC_V_i/microblaze_riscv_0/U0/riscv_core_I/Base.Core/Decode_I/PreFetch_Buffer_I/INSTR_BUFFER_I1/cur_data_i_reg[20]/C (clocked by clk_out1_RISC_V_clk_wiz_1_0) and u_cpu/RISC_V_i/microblaze_riscv_0/U0/riscv_core_I/Base.Core/Decode_I/EX_Gen_Bits[19].EX_Instr_Reg_FF/Using_FPGA.Native/CE (clocked by clk_out1_RISC_V_clk_wiz_1_0). Large setup violations at the end of those stages might be difficult to fix during the post-placement implementation flow and could be the result of non-optimal XDC constraints or non-optimal design architecture
Related violations: <none>

TIMING-16#25 Warning
Large setup violation  
There is a large setup violation of -1.196 ns between u_cpu/RISC_V_i/microblaze_riscv_0/U0/riscv_core_I/Base.Core/Decode_I/PreFetch_Buffer_I/INSTR_BUFFER_I1/cur_data_i_reg[20]/C (clocked by clk_out1_RISC_V_clk_wiz_1_0) and u_cpu/RISC_V_i/microblaze_riscv_0/U0/riscv_core_I/Base.Core/Decode_I/EX_Gen_Bits[24].EX_Instr_Reg_FF/Using_FPGA.Native/CE (clocked by clk_out1_RISC_V_clk_wiz_1_0). Large setup violations at the end of those stages might be difficult to fix during the post-placement implementation flow and could be the result of non-optimal XDC constraints or non-optimal design architecture
Related violations: <none>

TIMING-16#26 Warning
Large setup violation  
There is a large setup violation of -1.196 ns between u_cpu/RISC_V_i/microblaze_riscv_0/U0/riscv_core_I/Base.Core/Decode_I/PreFetch_Buffer_I/INSTR_BUFFER_I1/cur_data_i_reg[20]/C (clocked by clk_out1_RISC_V_clk_wiz_1_0) and u_cpu/RISC_V_i/microblaze_riscv_0/U0/riscv_core_I/Base.Core/Decode_I/ex_enable_alu_i_reg/CE (clocked by clk_out1_RISC_V_clk_wiz_1_0). Large setup violations at the end of those stages might be difficult to fix during the post-placement implementation flow and could be the result of non-optimal XDC constraints or non-optimal design architecture
Related violations: <none>

TIMING-16#27 Warning
Large setup violation  
There is a large setup violation of -1.230 ns between u_cpu/RISC_V_i/microblaze_riscv_0/U0/riscv_core_I/Base.Core/Decode_I/PreFetch_Buffer_I/INSTR_BUFFER_I1/cur_data_i_reg[20]/C (clocked by clk_out1_RISC_V_clk_wiz_1_0) and u_cpu/RISC_V_i/microblaze_riscv_0/U0/riscv_core_I/Base.Core/Decode_I/EX_Gen_Bits[20].EX_Instr_Reg_FF/Using_FPGA.Native/CE (clocked by clk_out1_RISC_V_clk_wiz_1_0). Large setup violations at the end of those stages might be difficult to fix during the post-placement implementation flow and could be the result of non-optimal XDC constraints or non-optimal design architecture
Related violations: <none>

TIMING-16#28 Warning
Large setup violation  
There is a large setup violation of -1.230 ns between u_cpu/RISC_V_i/microblaze_riscv_0/U0/riscv_core_I/Base.Core/Decode_I/PreFetch_Buffer_I/INSTR_BUFFER_I1/cur_data_i_reg[20]/C (clocked by clk_out1_RISC_V_clk_wiz_1_0) and u_cpu/RISC_V_i/microblaze_riscv_0/U0/riscv_core_I/Base.Core/Decode_I/EX_Gen_Bits[25].EX_Instr_Reg_FF/Using_FPGA.Native/CE (clocked by clk_out1_RISC_V_clk_wiz_1_0). Large setup violations at the end of those stages might be difficult to fix during the post-placement implementation flow and could be the result of non-optimal XDC constraints or non-optimal design architecture
Related violations: <none>

TIMING-16#29 Warning
Large setup violation  
There is a large setup violation of -1.230 ns between u_cpu/RISC_V_i/microblaze_riscv_0/U0/riscv_core_I/Base.Core/Decode_I/PreFetch_Buffer_I/INSTR_BUFFER_I1/cur_data_i_reg[20]/C (clocked by clk_out1_RISC_V_clk_wiz_1_0) and u_cpu/RISC_V_i/microblaze_riscv_0/U0/riscv_core_I/Base.Core/Decode_I/EX_Gen_Bits[26].EX_Instr_Reg_FF/Using_FPGA.Native/CE (clocked by clk_out1_RISC_V_clk_wiz_1_0). Large setup violations at the end of those stages might be difficult to fix during the post-placement implementation flow and could be the result of non-optimal XDC constraints or non-optimal design architecture
Related violations: <none>

TIMING-16#30 Warning
Large setup violation  
There is a large setup violation of -1.230 ns between u_cpu/RISC_V_i/microblaze_riscv_0/U0/riscv_core_I/Base.Core/Decode_I/PreFetch_Buffer_I/INSTR_BUFFER_I1/cur_data_i_reg[20]/C (clocked by clk_out1_RISC_V_clk_wiz_1_0) and u_cpu/RISC_V_i/microblaze_riscv_0/U0/riscv_core_I/Base.Core/Decode_I/EX_Gen_Bits[28].EX_Instr_Reg_FF/Using_FPGA.Native/CE (clocked by clk_out1_RISC_V_clk_wiz_1_0). Large setup violations at the end of those stages might be difficult to fix during the post-placement implementation flow and could be the result of non-optimal XDC constraints or non-optimal design architecture
Related violations: <none>

TIMING-16#31 Warning
Large setup violation  
There is a large setup violation of -1.230 ns between u_cpu/RISC_V_i/microblaze_riscv_0/U0/riscv_core_I/Base.Core/Decode_I/PreFetch_Buffer_I/INSTR_BUFFER_I1/cur_data_i_reg[20]/C (clocked by clk_out1_RISC_V_clk_wiz_1_0) and u_cpu/RISC_V_i/microblaze_riscv_0/U0/riscv_core_I/Base.Core/Decode_I/EX_Gen_Bits[29].EX_Instr_Reg_FF/Using_FPGA.Native/CE (clocked by clk_out1_RISC_V_clk_wiz_1_0). Large setup violations at the end of those stages might be difficult to fix during the post-placement implementation flow and could be the result of non-optimal XDC constraints or non-optimal design architecture
Related violations: <none>

TIMING-16#32 Warning
Large setup violation  
There is a large setup violation of -1.230 ns between u_cpu/RISC_V_i/microblaze_riscv_0/U0/riscv_core_I/Base.Core/Decode_I/PreFetch_Buffer_I/INSTR_BUFFER_I1/cur_data_i_reg[20]/C (clocked by clk_out1_RISC_V_clk_wiz_1_0) and u_cpu/RISC_V_i/microblaze_riscv_0/U0/riscv_core_I/Base.Core/Decode_I/EX_Gen_Bits[30].EX_Instr_Reg_FF/Using_FPGA.Native/CE (clocked by clk_out1_RISC_V_clk_wiz_1_0). Large setup violations at the end of those stages might be difficult to fix during the post-placement implementation flow and could be the result of non-optimal XDC constraints or non-optimal design architecture
Related violations: <none>

TIMING-16#33 Warning
Large setup violation  
There is a large setup violation of -1.230 ns between u_cpu/RISC_V_i/microblaze_riscv_0/U0/riscv_core_I/Base.Core/Decode_I/PreFetch_Buffer_I/INSTR_BUFFER_I1/cur_data_i_reg[20]/C (clocked by clk_out1_RISC_V_clk_wiz_1_0) and u_cpu/RISC_V_i/microblaze_riscv_0/U0/riscv_core_I/Base.Core/Decode_I/EX_Gen_Bits[31].EX_Instr_Reg_FF/Using_FPGA.Native/CE (clocked by clk_out1_RISC_V_clk_wiz_1_0). Large setup violations at the end of those stages might be difficult to fix during the post-placement implementation flow and could be the result of non-optimal XDC constraints or non-optimal design architecture
Related violations: <none>

TIMING-16#34 Warning
Large setup violation  
There is a large setup violation of -1.235 ns between u_cpu/RISC_V_i/microblaze_riscv_0/U0/riscv_core_I/Base.Core/Use_Debug_Logic.Master_Core.Debug_Perf/Performance_Debug_Control.ex_dbg_pc_hit_i_reg/C (clocked by clk_out1_RISC_V_clk_wiz_1_0) and u_cpu/RISC_V_i/microblaze_riscv_0_local_memory/lmb_bram/U0/inst_blk_mem_gen/gnbram.gnative_mem_map_bmg.native_mem_map_blk_mem_gen/valid.cstr/ramloop[1].ram.r/prim_noinit.ram/DEVICE_7SERIES.WITH_BMM_INFO.TRUE_DP.SIMPLE_PRIM36.TDP_SP36_NO_ECC_ATTR.ram/ADDRBWRADDR[6] (clocked by clk_out1_RISC_V_clk_wiz_1_0). Large setup violations at the end of those stages might be difficult to fix during the post-placement implementation flow and could be the result of non-optimal XDC constraints or non-optimal design architecture
Related violations: <none>

TIMING-16#35 Warning
Large setup violation  
There is a large setup violation of -1.257 ns between u_cpu/RISC_V_i/microblaze_riscv_0/U0/riscv_core_I/Base.Core/Decode_I/PreFetch_Buffer_I/INSTR_BUFFER_I1/cur_data_i_reg[20]/C (clocked by clk_out1_RISC_V_clk_wiz_1_0) and u_cpu/RISC_V_i/microblaze_riscv_0/U0/riscv_core_I/Base.Core/Decode_I/PC_Module_I/ex_pc_i_reg[23]/CE (clocked by clk_out1_RISC_V_clk_wiz_1_0). Large setup violations at the end of those stages might be difficult to fix during the post-placement implementation flow and could be the result of non-optimal XDC constraints or non-optimal design architecture
Related violations: <none>

TIMING-16#36 Warning
Large setup violation  
There is a large setup violation of -1.257 ns between u_cpu/RISC_V_i/microblaze_riscv_0/U0/riscv_core_I/Base.Core/Decode_I/PreFetch_Buffer_I/INSTR_BUFFER_I1/cur_data_i_reg[20]/C (clocked by clk_out1_RISC_V_clk_wiz_1_0) and u_cpu/RISC_V_i/microblaze_riscv_0/U0/riscv_core_I/Base.Core/Decode_I/PC_Module_I/ex_pc_i_reg[24]/CE (clocked by clk_out1_RISC_V_clk_wiz_1_0). Large setup violations at the end of those stages might be difficult to fix during the post-placement implementation flow and could be the result of non-optimal XDC constraints or non-optimal design architecture
Related violations: <none>

TIMING-16#37 Warning
Large setup violation  
There is a large setup violation of -1.257 ns between u_cpu/RISC_V_i/microblaze_riscv_0/U0/riscv_core_I/Base.Core/Decode_I/PreFetch_Buffer_I/INSTR_BUFFER_I1/cur_data_i_reg[20]/C (clocked by clk_out1_RISC_V_clk_wiz_1_0) and u_cpu/RISC_V_i/microblaze_riscv_0/U0/riscv_core_I/Base.Core/Decode_I/PC_Module_I/ex_pc_i_reg[29]/CE (clocked by clk_out1_RISC_V_clk_wiz_1_0). Large setup violations at the end of those stages might be difficult to fix during the post-placement implementation flow and could be the result of non-optimal XDC constraints or non-optimal design architecture
Related violations: <none>

TIMING-16#38 Warning
Large setup violation  
There is a large setup violation of -1.258 ns between u_cpu/RISC_V_i/microblaze_riscv_0/U0/riscv_core_I/Base.Core/Decode_I/PreFetch_Buffer_I/INSTR_BUFFER_I1/cur_data_i_reg[20]/C (clocked by clk_out1_RISC_V_clk_wiz_1_0) and u_cpu/RISC_V_i/microblaze_riscv_0/U0/riscv_core_I/Base.Core/Data_Flow_I/Operand_Select_I/ex_imm_4_reg/D (clocked by clk_out1_RISC_V_clk_wiz_1_0). Large setup violations at the end of those stages might be difficult to fix during the post-placement implementation flow and could be the result of non-optimal XDC constraints or non-optimal design architecture
Related violations: <none>

TIMING-16#39 Warning
Large setup violation  
There is a large setup violation of -1.274 ns between u_cpu/RISC_V_i/microblaze_riscv_0/U0/riscv_core_I/Base.Core/Use_Debug_Logic.Master_Core.Debug_Perf/Performance_Debug_Control.ex_dbg_pc_hit_i_reg/C (clocked by clk_out1_RISC_V_clk_wiz_1_0) and u_cpu/RISC_V_i/microblaze_riscv_0_local_memory/lmb_bram/U0/inst_blk_mem_gen/gnbram.gnative_mem_map_bmg.native_mem_map_blk_mem_gen/valid.cstr/ramloop[6].ram.r/prim_noinit.ram/DEVICE_7SERIES.WITH_BMM_INFO.TRUE_DP.SIMPLE_PRIM36.TDP_SP36_NO_ECC_ATTR.ram/ADDRBWRADDR[11] (clocked by clk_out1_RISC_V_clk_wiz_1_0). Large setup violations at the end of those stages might be difficult to fix during the post-placement implementation flow and could be the result of non-optimal XDC constraints or non-optimal design architecture
Related violations: <none>

TIMING-16#40 Warning
Large setup violation  
There is a large setup violation of -1.278 ns between u_cpu/RISC_V_i/microblaze_riscv_0/U0/riscv_core_I/Base.Core/Decode_I/PreFetch_Buffer_I/INSTR_BUFFER_I1/cur_data_i_reg[20]/C (clocked by clk_out1_RISC_V_clk_wiz_1_0) and u_cpu/RISC_V_i/microblaze_riscv_0/U0/riscv_core_I/Base.Core/Data_Flow_I/Operand_Select_I/ex_imm_not_4_reg[16]/CE (clocked by clk_out1_RISC_V_clk_wiz_1_0). Large setup violations at the end of those stages might be difficult to fix during the post-placement implementation flow and could be the result of non-optimal XDC constraints or non-optimal design architecture
Related violations: <none>

TIMING-16#41 Warning
Large setup violation  
There is a large setup violation of -1.278 ns between u_cpu/RISC_V_i/microblaze_riscv_0/U0/riscv_core_I/Base.Core/Decode_I/PreFetch_Buffer_I/INSTR_BUFFER_I1/cur_data_i_reg[20]/C (clocked by clk_out1_RISC_V_clk_wiz_1_0) and u_cpu/RISC_V_i/microblaze_riscv_0/U0/riscv_core_I/Base.Core/Data_Flow_I/Operand_Select_I/ex_imm_not_4_reg[17]/CE (clocked by clk_out1_RISC_V_clk_wiz_1_0). Large setup violations at the end of those stages might be difficult to fix during the post-placement implementation flow and could be the result of non-optimal XDC constraints or non-optimal design architecture
Related violations: <none>

TIMING-16#42 Warning
Large setup violation  
There is a large setup violation of -1.278 ns between u_cpu/RISC_V_i/microblaze_riscv_0/U0/riscv_core_I/Base.Core/Decode_I/PreFetch_Buffer_I/INSTR_BUFFER_I1/cur_data_i_reg[20]/C (clocked by clk_out1_RISC_V_clk_wiz_1_0) and u_cpu/RISC_V_i/microblaze_riscv_0/U0/riscv_core_I/Base.Core/Data_Flow_I/Operand_Select_I/ex_imm_not_4_reg[18]/CE (clocked by clk_out1_RISC_V_clk_wiz_1_0). Large setup violations at the end of those stages might be difficult to fix during the post-placement implementation flow and could be the result of non-optimal XDC constraints or non-optimal design architecture
Related violations: <none>

TIMING-16#43 Warning
Large setup violation  
There is a large setup violation of -1.278 ns between u_cpu/RISC_V_i/microblaze_riscv_0/U0/riscv_core_I/Base.Core/Decode_I/PreFetch_Buffer_I/INSTR_BUFFER_I1/cur_data_i_reg[20]/C (clocked by clk_out1_RISC_V_clk_wiz_1_0) and u_cpu/RISC_V_i/microblaze_riscv_0/U0/riscv_core_I/Base.Core/Data_Flow_I/Operand_Select_I/ex_imm_not_4_reg[19]/CE (clocked by clk_out1_RISC_V_clk_wiz_1_0). Large setup violations at the end of those stages might be difficult to fix during the post-placement implementation flow and could be the result of non-optimal XDC constraints or non-optimal design architecture
Related violations: <none>

TIMING-16#44 Warning
Large setup violation  
There is a large setup violation of -1.278 ns between u_cpu/RISC_V_i/microblaze_riscv_0/U0/riscv_core_I/Base.Core/Decode_I/PreFetch_Buffer_I/INSTR_BUFFER_I1/cur_data_i_reg[20]/C (clocked by clk_out1_RISC_V_clk_wiz_1_0) and u_cpu/RISC_V_i/microblaze_riscv_0/U0/riscv_core_I/Base.Core/Data_Flow_I/Operand_Select_I/ex_imm_not_4_reg[20]/CE (clocked by clk_out1_RISC_V_clk_wiz_1_0). Large setup violations at the end of those stages might be difficult to fix during the post-placement implementation flow and could be the result of non-optimal XDC constraints or non-optimal design architecture
Related violations: <none>

TIMING-16#45 Warning
Large setup violation  
There is a large setup violation of -1.287 ns between u_cpu/RISC_V_i/microblaze_riscv_0/U0/riscv_core_I/Base.Core/Decode_I/PreFetch_Buffer_I/INSTR_BUFFER_I1/cur_data_i_reg[20]/C (clocked by clk_out1_RISC_V_clk_wiz_1_0) and u_cpu/RISC_V_i/microblaze_riscv_0/U0/riscv_core_I/Base.Core/Data_Flow_I/Operand_Select_I/EX_Op2_reg[22]/CE (clocked by clk_out1_RISC_V_clk_wiz_1_0). Large setup violations at the end of those stages might be difficult to fix during the post-placement implementation flow and could be the result of non-optimal XDC constraints or non-optimal design architecture
Related violations: <none>

TIMING-16#46 Warning
Large setup violation  
There is a large setup violation of -1.287 ns between u_cpu/RISC_V_i/microblaze_riscv_0/U0/riscv_core_I/Base.Core/Decode_I/PreFetch_Buffer_I/INSTR_BUFFER_I1/cur_data_i_reg[20]/C (clocked by clk_out1_RISC_V_clk_wiz_1_0) and u_cpu/RISC_V_i/microblaze_riscv_0/U0/riscv_core_I/Base.Core/Data_Flow_I/Operand_Select_I/ex_imm_not_4_reg[29]/CE (clocked by clk_out1_RISC_V_clk_wiz_1_0). Large setup violations at the end of those stages might be difficult to fix during the post-placement implementation flow and could be the result of non-optimal XDC constraints or non-optimal design architecture
Related violations: <none>

TIMING-16#47 Warning
Large setup violation  
There is a large setup violation of -1.308 ns between u_cpu/RISC_V_i/microblaze_riscv_0/U0/riscv_core_I/Base.Core/Use_Debug_Logic.Master_Core.Debug_Perf/Performance_Debug_Control.ex_dbg_pc_hit_i_reg/C (clocked by clk_out1_RISC_V_clk_wiz_1_0) and u_cpu/RISC_V_i/microblaze_riscv_0_local_memory/lmb_bram/U0/inst_blk_mem_gen/gnbram.gnative_mem_map_bmg.native_mem_map_blk_mem_gen/valid.cstr/ramloop[3].ram.r/prim_noinit.ram/DEVICE_7SERIES.WITH_BMM_INFO.TRUE_DP.SIMPLE_PRIM36.TDP_SP36_NO_ECC_ATTR.ram/ENBWREN (clocked by clk_out1_RISC_V_clk_wiz_1_0). Large setup violations at the end of those stages might be difficult to fix during the post-placement implementation flow and could be the result of non-optimal XDC constraints or non-optimal design architecture
Related violations: <none>

TIMING-16#48 Warning
Large setup violation  
There is a large setup violation of -1.322 ns between u_cpu/RISC_V_i/microblaze_riscv_0/U0/riscv_core_I/Base.Core/Use_Debug_Logic.Master_Core.Debug_Perf/Performance_Debug_Control.ex_dbg_pc_hit_i_reg/C (clocked by clk_out1_RISC_V_clk_wiz_1_0) and u_cpu/RISC_V_i/microblaze_riscv_0_local_memory/lmb_bram/U0/inst_blk_mem_gen/gnbram.gnative_mem_map_bmg.native_mem_map_blk_mem_gen/valid.cstr/ramloop[14].ram.r/prim_noinit.ram/DEVICE_7SERIES.WITH_BMM_INFO.TRUE_DP.SIMPLE_PRIM36.TDP_SP36_NO_ECC_ATTR.ram/ADDRBWRADDR[10] (clocked by clk_out1_RISC_V_clk_wiz_1_0). Large setup violations at the end of those stages might be difficult to fix during the post-placement implementation flow and could be the result of non-optimal XDC constraints or non-optimal design architecture
Related violations: <none>

TIMING-16#49 Warning
Large setup violation  
There is a large setup violation of -1.328 ns between u_cpu/RISC_V_i/microblaze_riscv_0/U0/riscv_core_I/Base.Core/Data_Flow_I/Operand_Select_I/EX_Op1_reg[31]/C (clocked by clk_out1_RISC_V_clk_wiz_1_0) and u_cpu/RISC_V_i/microblaze_riscv_0_local_memory/lmb_bram/U0/inst_blk_mem_gen/gnbram.gnative_mem_map_bmg.native_mem_map_blk_mem_gen/valid.cstr/ramloop[3].ram.r/prim_noinit.ram/DEVICE_7SERIES.WITH_BMM_INFO.TRUE_DP.SIMPLE_PRIM36.TDP_SP36_NO_ECC_ATTR.ram/ENARDEN (clocked by clk_out1_RISC_V_clk_wiz_1_0). Large setup violations at the end of those stages might be difficult to fix during the post-placement implementation flow and could be the result of non-optimal XDC constraints or non-optimal design architecture
Related violations: <none>

TIMING-16#50 Warning
Large setup violation  
There is a large setup violation of -1.340 ns between u_cpu/RISC_V_i/microblaze_riscv_0/U0/riscv_core_I/Base.Core/Use_Debug_Logic.Master_Core.Debug_Perf/Performance_Debug_Control.ex_dbg_pc_hit_i_reg/C (clocked by clk_out1_RISC_V_clk_wiz_1_0) and u_cpu/RISC_V_i/microblaze_riscv_0/U0/riscv_core_I/Base.Core/Data_Flow_I/csr_I/mtval_reg[14]/CE (clocked by clk_out1_RISC_V_clk_wiz_1_0). Large setup violations at the end of those stages might be difficult to fix during the post-placement implementation flow and could be the result of non-optimal XDC constraints or non-optimal design architecture
Related violations: <none>

TIMING-16#51 Warning
Large setup violation  
There is a large setup violation of -1.340 ns between u_cpu/RISC_V_i/microblaze_riscv_0/U0/riscv_core_I/Base.Core/Use_Debug_Logic.Master_Core.Debug_Perf/Performance_Debug_Control.ex_dbg_pc_hit_i_reg/C (clocked by clk_out1_RISC_V_clk_wiz_1_0) and u_cpu/RISC_V_i/microblaze_riscv_0/U0/riscv_core_I/Base.Core/Data_Flow_I/csr_I/mtval_reg[1]/CE (clocked by clk_out1_RISC_V_clk_wiz_1_0). Large setup violations at the end of those stages might be difficult to fix during the post-placement implementation flow and could be the result of non-optimal XDC constraints or non-optimal design architecture
Related violations: <none>

TIMING-16#52 Warning
Large setup violation  
There is a large setup violation of -1.340 ns between u_cpu/RISC_V_i/microblaze_riscv_0/U0/riscv_core_I/Base.Core/Use_Debug_Logic.Master_Core.Debug_Perf/Performance_Debug_Control.ex_dbg_pc_hit_i_reg/C (clocked by clk_out1_RISC_V_clk_wiz_1_0) and u_cpu/RISC_V_i/microblaze_riscv_0/U0/riscv_core_I/Base.Core/Data_Flow_I/csr_I/mtval_reg[7]/CE (clocked by clk_out1_RISC_V_clk_wiz_1_0). Large setup violations at the end of those stages might be difficult to fix during the post-placement implementation flow and could be the result of non-optimal XDC constraints or non-optimal design architecture
Related violations: <none>

TIMING-16#53 Warning
Large setup violation  
There is a large setup violation of -1.340 ns between u_cpu/RISC_V_i/microblaze_riscv_0/U0/riscv_core_I/Base.Core/Use_Debug_Logic.Master_Core.Debug_Perf/Performance_Debug_Control.ex_dbg_pc_hit_i_reg/C (clocked by clk_out1_RISC_V_clk_wiz_1_0) and u_cpu/RISC_V_i/microblaze_riscv_0/U0/riscv_core_I/Base.Core/Data_Flow_I/csr_I/mtval_reg[8]/CE (clocked by clk_out1_RISC_V_clk_wiz_1_0). Large setup violations at the end of those stages might be difficult to fix during the post-placement implementation flow and could be the result of non-optimal XDC constraints or non-optimal design architecture
Related violations: <none>

TIMING-16#54 Warning
Large setup violation  
There is a large setup violation of -1.340 ns between u_cpu/RISC_V_i/microblaze_riscv_0/U0/riscv_core_I/Base.Core/Use_Debug_Logic.Master_Core.Debug_Perf/Performance_Debug_Control.ex_dbg_pc_hit_i_reg/C (clocked by clk_out1_RISC_V_clk_wiz_1_0) and u_cpu/RISC_V_i/microblaze_riscv_0_local_memory/lmb_bram/U0/inst_blk_mem_gen/gnbram.gnative_mem_map_bmg.native_mem_map_blk_mem_gen/valid.cstr/ramloop[1].ram.r/prim_noinit.ram/DEVICE_7SERIES.WITH_BMM_INFO.TRUE_DP.SIMPLE_PRIM36.TDP_SP36_NO_ECC_ATTR.ram/ADDRBWRADDR[12] (clocked by clk_out1_RISC_V_clk_wiz_1_0). Large setup violations at the end of those stages might be difficult to fix during the post-placement implementation flow and could be the result of non-optimal XDC constraints or non-optimal design architecture
Related violations: <none>

TIMING-16#55 Warning
Large setup violation  
There is a large setup violation of -1.342 ns between u_cpu/RISC_V_i/microblaze_riscv_0/U0/riscv_core_I/Base.Core/Use_Debug_Logic.Master_Core.Debug_Perf/Performance_Debug_Control.ex_dbg_pc_hit_i_reg/C (clocked by clk_out1_RISC_V_clk_wiz_1_0) and u_cpu/RISC_V_i/microblaze_riscv_0_local_memory/lmb_bram/U0/inst_blk_mem_gen/gnbram.gnative_mem_map_bmg.native_mem_map_blk_mem_gen/valid.cstr/ramloop[7].ram.r/prim_noinit.ram/DEVICE_7SERIES.WITH_BMM_INFO.TRUE_DP.SIMPLE_PRIM36.TDP_SP36_NO_ECC_ATTR.ram/ADDRBWRADDR[5] (clocked by clk_out1_RISC_V_clk_wiz_1_0). Large setup violations at the end of those stages might be difficult to fix during the post-placement implementation flow and could be the result of non-optimal XDC constraints or non-optimal design architecture
Related violations: <none>

TIMING-16#56 Warning
Large setup violation  
There is a large setup violation of -1.360 ns between u_cpu/RISC_V_i/microblaze_riscv_0/U0/riscv_core_I/Base.Core/Use_Debug_Logic.Master_Core.Debug_Perf/Performance_Debug_Control.ex_dbg_pc_hit_i_reg/C (clocked by clk_out1_RISC_V_clk_wiz_1_0) and u_cpu/RISC_V_i/microblaze_riscv_0_local_memory/lmb_bram/U0/inst_blk_mem_gen/gnbram.gnative_mem_map_bmg.native_mem_map_blk_mem_gen/valid.cstr/ramloop[1].ram.r/prim_noinit.ram/DEVICE_7SERIES.WITH_BMM_INFO.TRUE_DP.SIMPLE_PRIM36.TDP_SP36_NO_ECC_ATTR.ram/ADDRBWRADDR[8] (clocked by clk_out1_RISC_V_clk_wiz_1_0). Large setup violations at the end of those stages might be difficult to fix during the post-placement implementation flow and could be the result of non-optimal XDC constraints or non-optimal design architecture
Related violations: <none>

TIMING-16#57 Warning
Large setup violation  
There is a large setup violation of -1.367 ns between u_cpu/RISC_V_i/microblaze_riscv_0/U0/riscv_core_I/Base.Core/Decode_I/PreFetch_Buffer_I/INSTR_BUFFER_I1/cur_data_i_reg[20]/C (clocked by clk_out1_RISC_V_clk_wiz_1_0) and u_cpu/RISC_V_i/microblaze_riscv_0/U0/riscv_core_I/Base.Core/Use_Debug_Logic.Master_Core.Debug_Perf/start_single_step_reg/D (clocked by clk_out1_RISC_V_clk_wiz_1_0). Large setup violations at the end of those stages might be difficult to fix during the post-placement implementation flow and could be the result of non-optimal XDC constraints or non-optimal design architecture
Related violations: <none>

TIMING-16#58 Warning
Large setup violation  
There is a large setup violation of -1.375 ns between u_cpu/RISC_V_i/microblaze_riscv_0/U0/riscv_core_I/Base.Core/Use_Debug_Logic.Master_Core.Debug_Perf/Performance_Debug_Control.ex_dbg_pc_hit_i_reg/C (clocked by clk_out1_RISC_V_clk_wiz_1_0) and u_cpu/RISC_V_i/microblaze_riscv_0_local_memory/lmb_bram/U0/inst_blk_mem_gen/gnbram.gnative_mem_map_bmg.native_mem_map_blk_mem_gen/valid.cstr/ramloop[7].ram.r/prim_noinit.ram/DEVICE_7SERIES.WITH_BMM_INFO.TRUE_DP.SIMPLE_PRIM36.TDP_SP36_NO_ECC_ATTR.ram/ADDRBWRADDR[6] (clocked by clk_out1_RISC_V_clk_wiz_1_0). Large setup violations at the end of those stages might be difficult to fix during the post-placement implementation flow and could be the result of non-optimal XDC constraints or non-optimal design architecture
Related violations: <none>

TIMING-16#59 Warning
Large setup violation  
There is a large setup violation of -1.402 ns between u_cpu/RISC_V_i/microblaze_riscv_0/U0/riscv_core_I/Base.Core/Use_Debug_Logic.Master_Core.Debug_Perf/Performance_Debug_Control.ex_dbg_pc_hit_i_reg/C (clocked by clk_out1_RISC_V_clk_wiz_1_0) and u_cpu/RISC_V_i/microblaze_riscv_0_local_memory/lmb_bram/U0/inst_blk_mem_gen/gnbram.gnative_mem_map_bmg.native_mem_map_blk_mem_gen/valid.cstr/ramloop[8].ram.r/prim_noinit.ram/DEVICE_7SERIES.WITH_BMM_INFO.TRUE_DP.SIMPLE_PRIM36.TDP_SP36_NO_ECC_ATTR.ram/ADDRBWRADDR[3] (clocked by clk_out1_RISC_V_clk_wiz_1_0). Large setup violations at the end of those stages might be difficult to fix during the post-placement implementation flow and could be the result of non-optimal XDC constraints or non-optimal design architecture
Related violations: <none>

TIMING-16#60 Warning
Large setup violation  
There is a large setup violation of -1.416 ns between u_cpu/RISC_V_i/microblaze_riscv_0/U0/riscv_core_I/Base.Core/Decode_I/PreFetch_Buffer_I/INSTR_BUFFER_I1/cur_data_i_reg[20]/C (clocked by clk_out1_RISC_V_clk_wiz_1_0) and u_cpu/RISC_V_i/microblaze_riscv_0/U0/riscv_core_I/Base.Core/Data_Flow_I/Operand_Select_I/EX_Op1_reg[17]/CE (clocked by clk_out1_RISC_V_clk_wiz_1_0). Large setup violations at the end of those stages might be difficult to fix during the post-placement implementation flow and could be the result of non-optimal XDC constraints or non-optimal design architecture
Related violations: <none>

TIMING-16#61 Warning
Large setup violation  
There is a large setup violation of -1.416 ns between u_cpu/RISC_V_i/microblaze_riscv_0/U0/riscv_core_I/Base.Core/Decode_I/PreFetch_Buffer_I/INSTR_BUFFER_I1/cur_data_i_reg[20]/C (clocked by clk_out1_RISC_V_clk_wiz_1_0) and u_cpu/RISC_V_i/microblaze_riscv_0/U0/riscv_core_I/Base.Core/Data_Flow_I/Operand_Select_I/EX_Op1_reg[22]/CE (clocked by clk_out1_RISC_V_clk_wiz_1_0). Large setup violations at the end of those stages might be difficult to fix during the post-placement implementation flow and could be the result of non-optimal XDC constraints or non-optimal design architecture
Related violations: <none>

TIMING-16#62 Warning
Large setup violation  
There is a large setup violation of -1.416 ns between u_cpu/RISC_V_i/microblaze_riscv_0/U0/riscv_core_I/Base.Core/Decode_I/PreFetch_Buffer_I/INSTR_BUFFER_I1/cur_data_i_reg[20]/C (clocked by clk_out1_RISC_V_clk_wiz_1_0) and u_cpu/RISC_V_i/microblaze_riscv_0/U0/riscv_core_I/Base.Core/Data_Flow_I/Operand_Select_I/EX_Op2_reg[17]/CE (clocked by clk_out1_RISC_V_clk_wiz_1_0). Large setup violations at the end of those stages might be difficult to fix during the post-placement implementation flow and could be the result of non-optimal XDC constraints or non-optimal design architecture
Related violations: <none>

TIMING-16#63 Warning
Large setup violation  
There is a large setup violation of -1.424 ns between u_cpu/RISC_V_i/microblaze_riscv_0/U0/riscv_core_I/Base.Core/Decode_I/PreFetch_Buffer_I/INSTR_BUFFER_I1/cur_data_i_reg[20]/C (clocked by clk_out1_RISC_V_clk_wiz_1_0) and u_cpu/RISC_V_i/microblaze_riscv_0/U0/riscv_core_I/Base.Core/Data_Flow_I/Operand_Select_I/ex_imm_not_4_reg[21]/CE (clocked by clk_out1_RISC_V_clk_wiz_1_0). Large setup violations at the end of those stages might be difficult to fix during the post-placement implementation flow and could be the result of non-optimal XDC constraints or non-optimal design architecture
Related violations: <none>

TIMING-16#64 Warning
Large setup violation  
There is a large setup violation of -1.424 ns between u_cpu/RISC_V_i/microblaze_riscv_0/U0/riscv_core_I/Base.Core/Decode_I/PreFetch_Buffer_I/INSTR_BUFFER_I1/cur_data_i_reg[20]/C (clocked by clk_out1_RISC_V_clk_wiz_1_0) and u_cpu/RISC_V_i/microblaze_riscv_0/U0/riscv_core_I/Base.Core/Data_Flow_I/Operand_Select_I/ex_imm_not_4_reg[22]/CE (clocked by clk_out1_RISC_V_clk_wiz_1_0). Large setup violations at the end of those stages might be difficult to fix during the post-placement implementation flow and could be the result of non-optimal XDC constraints or non-optimal design architecture
Related violations: <none>

TIMING-16#65 Warning
Large setup violation  
There is a large setup violation of -1.424 ns between u_cpu/RISC_V_i/microblaze_riscv_0/U0/riscv_core_I/Base.Core/Decode_I/PreFetch_Buffer_I/INSTR_BUFFER_I1/cur_data_i_reg[20]/C (clocked by clk_out1_RISC_V_clk_wiz_1_0) and u_cpu/RISC_V_i/microblaze_riscv_0/U0/riscv_core_I/Base.Core/Data_Flow_I/Operand_Select_I/ex_imm_not_4_reg[23]/CE (clocked by clk_out1_RISC_V_clk_wiz_1_0). Large setup violations at the end of those stages might be difficult to fix during the post-placement implementation flow and could be the result of non-optimal XDC constraints or non-optimal design architecture
Related violations: <none>

TIMING-16#66 Warning
Large setup violation  
There is a large setup violation of -1.429 ns between u_cpu/RISC_V_i/microblaze_riscv_0/U0/riscv_core_I/Base.Core/Decode_I/PreFetch_Buffer_I/INSTR_BUFFER_I1/cur_data_i_reg[20]/C (clocked by clk_out1_RISC_V_clk_wiz_1_0) and u_cpu/RISC_V_i/microblaze_riscv_0/U0/riscv_core_I/Base.Core/Decode_I/PC_Module_I/ex_pc_i_reg[25]/CE (clocked by clk_out1_RISC_V_clk_wiz_1_0). Large setup violations at the end of those stages might be difficult to fix during the post-placement implementation flow and could be the result of non-optimal XDC constraints or non-optimal design architecture
Related violations: <none>

TIMING-16#67 Warning
Large setup violation  
There is a large setup violation of -1.430 ns between u_cpu/RISC_V_i/microblaze_riscv_0/U0/riscv_core_I/Base.Core/Decode_I/PreFetch_Buffer_I/INSTR_BUFFER_I1/cur_data_i_reg[20]/C (clocked by clk_out1_RISC_V_clk_wiz_1_0) and u_cpu/RISC_V_i/microblaze_riscv_0/U0/riscv_core_I/Base.Core/Decode_I/EX_Arith_Shift_reg/CE (clocked by clk_out1_RISC_V_clk_wiz_1_0). Large setup violations at the end of those stages might be difficult to fix during the post-placement implementation flow and could be the result of non-optimal XDC constraints or non-optimal design architecture
Related violations: <none>

TIMING-16#68 Warning
Large setup violation  
There is a large setup violation of -1.432 ns between u_cpu/RISC_V_i/microblaze_riscv_0/U0/riscv_core_I/Base.Core/Decode_I/PreFetch_Buffer_I/INSTR_BUFFER_I1/cur_data_i_reg[20]/C (clocked by clk_out1_RISC_V_clk_wiz_1_0) and u_cpu/RISC_V_i/microblaze_riscv_0/U0/riscv_core_I/Base.Core/Data_Flow_I/Operand_Select_I/EX_Branch_Base_reg[17]/CE (clocked by clk_out1_RISC_V_clk_wiz_1_0). Large setup violations at the end of those stages might be difficult to fix during the post-placement implementation flow and could be the result of non-optimal XDC constraints or non-optimal design architecture
Related violations: <none>

TIMING-16#69 Warning
Large setup violation  
There is a large setup violation of -1.435 ns between u_cpu/RISC_V_i/microblaze_riscv_0/U0/riscv_core_I/Base.Core/Use_Debug_Logic.Master_Core.Debug_Perf/Performance_Debug_Control.ex_dbg_pc_hit_i_reg/C (clocked by clk_out1_RISC_V_clk_wiz_1_0) and u_cpu/RISC_V_i/microblaze_riscv_0_local_memory/lmb_bram/U0/inst_blk_mem_gen/gnbram.gnative_mem_map_bmg.native_mem_map_blk_mem_gen/valid.cstr/ramloop[11].ram.r/prim_noinit.ram/DEVICE_7SERIES.WITH_BMM_INFO.TRUE_DP.SIMPLE_PRIM36.TDP_SP36_NO_ECC_ATTR.ram/ADDRBWRADDR[11] (clocked by clk_out1_RISC_V_clk_wiz_1_0). Large setup violations at the end of those stages might be difficult to fix during the post-placement implementation flow and could be the result of non-optimal XDC constraints or non-optimal design architecture
Related violations: <none>

TIMING-16#70 Warning
Large setup violation  
There is a large setup violation of -1.439 ns between u_cpu/RISC_V_i/microblaze_riscv_0/U0/riscv_core_I/Base.Core/Decode_I/PreFetch_Buffer_I/INSTR_BUFFER_I1/cur_data_i_reg[20]/C (clocked by clk_out1_RISC_V_clk_wiz_1_0) and u_cpu/RISC_V_i/microblaze_riscv_0/U0/riscv_core_I/Base.Core/Data_Flow_I/Operand_Select_I/EX_Op2_reg[19]/CE (clocked by clk_out1_RISC_V_clk_wiz_1_0). Large setup violations at the end of those stages might be difficult to fix during the post-placement implementation flow and could be the result of non-optimal XDC constraints or non-optimal design architecture
Related violations: <none>

TIMING-16#71 Warning
Large setup violation  
There is a large setup violation of -1.453 ns between u_cpu/RISC_V_i/microblaze_riscv_0/U0/riscv_core_I/Base.Core/Decode_I/PreFetch_Buffer_I/INSTR_BUFFER_I1/cur_data_i_reg[20]/C (clocked by clk_out1_RISC_V_clk_wiz_1_0) and u_cpu/RISC_V_i/microblaze_riscv_0/U0/riscv_core_I/Base.Core/Data_Flow_I/Operand_Select_I/EX_Op1_reg[15]/CE (clocked by clk_out1_RISC_V_clk_wiz_1_0). Large setup violations at the end of those stages might be difficult to fix during the post-placement implementation flow and could be the result of non-optimal XDC constraints or non-optimal design architecture
Related violations: <none>

TIMING-16#72 Warning
Large setup violation  
There is a large setup violation of -1.453 ns between u_cpu/RISC_V_i/microblaze_riscv_0/U0/riscv_core_I/Base.Core/Decode_I/PreFetch_Buffer_I/INSTR_BUFFER_I1/cur_data_i_reg[20]/C (clocked by clk_out1_RISC_V_clk_wiz_1_0) and u_cpu/RISC_V_i/microblaze_riscv_0/U0/riscv_core_I/Base.Core/Data_Flow_I/Operand_Select_I/EX_Op1_reg[31]/CE (clocked by clk_out1_RISC_V_clk_wiz_1_0). Large setup violations at the end of those stages might be difficult to fix during the post-placement implementation flow and could be the result of non-optimal XDC constraints or non-optimal design architecture
Related violations: <none>

TIMING-16#73 Warning
Large setup violation  
There is a large setup violation of -1.453 ns between u_cpu/RISC_V_i/microblaze_riscv_0/U0/riscv_core_I/Base.Core/Decode_I/PreFetch_Buffer_I/INSTR_BUFFER_I1/cur_data_i_reg[20]/C (clocked by clk_out1_RISC_V_clk_wiz_1_0) and u_cpu/RISC_V_i/microblaze_riscv_0/U0/riscv_core_I/Base.Core/Data_Flow_I/Operand_Select_I/EX_Op2_reg[31]/CE (clocked by clk_out1_RISC_V_clk_wiz_1_0). Large setup violations at the end of those stages might be difficult to fix during the post-placement implementation flow and could be the result of non-optimal XDC constraints or non-optimal design architecture
Related violations: <none>

TIMING-16#74 Warning
Large setup violation  
There is a large setup violation of -1.453 ns between u_cpu/RISC_V_i/microblaze_riscv_0/U0/riscv_core_I/Base.Core/Decode_I/PreFetch_Buffer_I/INSTR_BUFFER_I1/cur_data_i_reg[20]/C (clocked by clk_out1_RISC_V_clk_wiz_1_0) and u_cpu/RISC_V_i/microblaze_riscv_0/U0/riscv_core_I/Base.Core/Data_Flow_I/Operand_Select_I/EX_Op2_reg[4]/CE (clocked by clk_out1_RISC_V_clk_wiz_1_0). Large setup violations at the end of those stages might be difficult to fix during the post-placement implementation flow and could be the result of non-optimal XDC constraints or non-optimal design architecture
Related violations: <none>

TIMING-16#75 Warning
Large setup violation  
There is a large setup violation of -1.456 ns between u_cpu/RISC_V_i/microblaze_riscv_0/U0/riscv_core_I/Base.Core/Decode_I/PreFetch_Buffer_I/INSTR_BUFFER_I1/cur_data_i_reg[20]/C (clocked by clk_out1_RISC_V_clk_wiz_1_0) and u_cpu/RISC_V_i/microblaze_riscv_0/U0/riscv_core_I/Base.Core/Data_Flow_I/Operand_Select_I/ex_imm_not_4_reg[28]/CE (clocked by clk_out1_RISC_V_clk_wiz_1_0). Large setup violations at the end of those stages might be difficult to fix during the post-placement implementation flow and could be the result of non-optimal XDC constraints or non-optimal design architecture
Related violations: <none>

TIMING-16#76 Warning
Large setup violation  
There is a large setup violation of -1.457 ns between u_cpu/RISC_V_i/microblaze_riscv_0/U0/riscv_core_I/Base.Core/Use_Debug_Logic.Master_Core.Debug_Perf/Performance_Debug_Control.ex_dbg_pc_hit_i_reg/C (clocked by clk_out1_RISC_V_clk_wiz_1_0) and u_cpu/RISC_V_i/microblaze_riscv_0/U0/riscv_core_I/Base.Core/Data_Flow_I/csr_I/mtval_reg[2]/CE (clocked by clk_out1_RISC_V_clk_wiz_1_0). Large setup violations at the end of those stages might be difficult to fix during the post-placement implementation flow and could be the result of non-optimal XDC constraints or non-optimal design architecture
Related violations: <none>

TIMING-16#77 Warning
Large setup violation  
There is a large setup violation of -1.457 ns between u_cpu/RISC_V_i/microblaze_riscv_0/U0/riscv_core_I/Base.Core/Use_Debug_Logic.Master_Core.Debug_Perf/Performance_Debug_Control.ex_dbg_pc_hit_i_reg/C (clocked by clk_out1_RISC_V_clk_wiz_1_0) and u_cpu/RISC_V_i/microblaze_riscv_0/U0/riscv_core_I/Base.Core/Data_Flow_I/csr_I/mtval_reg[3]/CE (clocked by clk_out1_RISC_V_clk_wiz_1_0). Large setup violations at the end of those stages might be difficult to fix during the post-placement implementation flow and could be the result of non-optimal XDC constraints or non-optimal design architecture
Related violations: <none>

TIMING-16#78 Warning
Large setup violation  
There is a large setup violation of -1.457 ns between u_cpu/RISC_V_i/microblaze_riscv_0/U0/riscv_core_I/Base.Core/Use_Debug_Logic.Master_Core.Debug_Perf/Performance_Debug_Control.ex_dbg_pc_hit_i_reg/C (clocked by clk_out1_RISC_V_clk_wiz_1_0) and u_cpu/RISC_V_i/microblaze_riscv_0/U0/riscv_core_I/Base.Core/Data_Flow_I/csr_I/mtval_reg[6]/CE (clocked by clk_out1_RISC_V_clk_wiz_1_0). Large setup violations at the end of those stages might be difficult to fix during the post-placement implementation flow and could be the result of non-optimal XDC constraints or non-optimal design architecture
Related violations: <none>

TIMING-16#79 Warning
Large setup violation  
There is a large setup violation of -1.476 ns between u_cpu/RISC_V_i/microblaze_riscv_0/U0/riscv_core_I/Base.Core/Use_Debug_Logic.Master_Core.Debug_Perf/Performance_Debug_Control.ex_dbg_pc_hit_i_reg/C (clocked by clk_out1_RISC_V_clk_wiz_1_0) and u_cpu/RISC_V_i/microblaze_riscv_0_local_memory/lmb_bram/U0/inst_blk_mem_gen/gnbram.gnative_mem_map_bmg.native_mem_map_blk_mem_gen/valid.cstr/ramloop[8].ram.r/prim_noinit.ram/DEVICE_7SERIES.WITH_BMM_INFO.TRUE_DP.SIMPLE_PRIM36.TDP_SP36_NO_ECC_ATTR.ram/ADDRBWRADDR[12] (clocked by clk_out1_RISC_V_clk_wiz_1_0). Large setup violations at the end of those stages might be difficult to fix during the post-placement implementation flow and could be the result of non-optimal XDC constraints or non-optimal design architecture
Related violations: <none>

TIMING-16#80 Warning
Large setup violation  
There is a large setup violation of -1.484 ns between u_cpu/RISC_V_i/microblaze_riscv_0/U0/riscv_core_I/Base.Core/Use_Debug_Logic.Master_Core.Debug_Perf/Performance_Debug_Control.ex_dbg_pc_hit_i_reg/C (clocked by clk_out1_RISC_V_clk_wiz_1_0) and u_cpu/RISC_V_i/microblaze_riscv_0_local_memory/lmb_bram/U0/inst_blk_mem_gen/gnbram.gnative_mem_map_bmg.native_mem_map_blk_mem_gen/valid.cstr/ramloop[8].ram.r/prim_noinit.ram/DEVICE_7SERIES.WITH_BMM_INFO.TRUE_DP.SIMPLE_PRIM36.TDP_SP36_NO_ECC_ATTR.ram/ADDRBWRADDR[9] (clocked by clk_out1_RISC_V_clk_wiz_1_0). Large setup violations at the end of those stages might be difficult to fix during the post-placement implementation flow and could be the result of non-optimal XDC constraints or non-optimal design architecture
Related violations: <none>

TIMING-16#81 Warning
Large setup violation  
There is a large setup violation of -1.502 ns between u_cpu/RISC_V_i/microblaze_riscv_0/U0/riscv_core_I/Base.Core/Use_Debug_Logic.Master_Core.Debug_Perf/Performance_Debug_Control.ex_dbg_pc_hit_i_reg/C (clocked by clk_out1_RISC_V_clk_wiz_1_0) and u_cpu/RISC_V_i/microblaze_riscv_0_local_memory/lmb_bram/U0/inst_blk_mem_gen/gnbram.gnative_mem_map_bmg.native_mem_map_blk_mem_gen/valid.cstr/ramloop[6].ram.r/prim_noinit.ram/DEVICE_7SERIES.WITH_BMM_INFO.TRUE_DP.SIMPLE_PRIM36.TDP_SP36_NO_ECC_ATTR.ram/ADDRBWRADDR[10] (clocked by clk_out1_RISC_V_clk_wiz_1_0). Large setup violations at the end of those stages might be difficult to fix during the post-placement implementation flow and could be the result of non-optimal XDC constraints or non-optimal design architecture
Related violations: <none>

TIMING-16#82 Warning
Large setup violation  
There is a large setup violation of -1.510 ns between u_cpu/RISC_V_i/microblaze_riscv_0/U0/riscv_core_I/Base.Core/Decode_I/PreFetch_Buffer_I/INSTR_BUFFER_I1/cur_data_i_reg[20]/C (clocked by clk_out1_RISC_V_clk_wiz_1_0) and u_cpu/RISC_V_i/microblaze_riscv_0/U0/riscv_core_I/Base.Core/Decode_I/ex_gpr_write_addr_reg[1]/CE (clocked by clk_out1_RISC_V_clk_wiz_1_0). Large setup violations at the end of those stages might be difficult to fix during the post-placement implementation flow and could be the result of non-optimal XDC constraints or non-optimal design architecture
Related violations: <none>

TIMING-16#83 Warning
Large setup violation  
There is a large setup violation of -1.510 ns between u_cpu/RISC_V_i/microblaze_riscv_0/U0/riscv_core_I/Base.Core/Decode_I/PreFetch_Buffer_I/INSTR_BUFFER_I1/cur_data_i_reg[20]/C (clocked by clk_out1_RISC_V_clk_wiz_1_0) and u_cpu/RISC_V_i/microblaze_riscv_0/U0/riscv_core_I/Base.Core/Decode_I/ex_gpr_write_addr_reg[2]/CE (clocked by clk_out1_RISC_V_clk_wiz_1_0). Large setup violations at the end of those stages might be difficult to fix during the post-placement implementation flow and could be the result of non-optimal XDC constraints or non-optimal design architecture
Related violations: <none>

TIMING-16#84 Warning
Large setup violation  
There is a large setup violation of -1.510 ns between u_cpu/RISC_V_i/microblaze_riscv_0/U0/riscv_core_I/Base.Core/Decode_I/PreFetch_Buffer_I/INSTR_BUFFER_I1/cur_data_i_reg[20]/C (clocked by clk_out1_RISC_V_clk_wiz_1_0) and u_cpu/RISC_V_i/microblaze_riscv_0/U0/riscv_core_I/Base.Core/Decode_I/ex_gpr_write_addr_reg[3]/CE (clocked by clk_out1_RISC_V_clk_wiz_1_0). Large setup violations at the end of those stages might be difficult to fix during the post-placement implementation flow and could be the result of non-optimal XDC constraints or non-optimal design architecture
Related violations: <none>

TIMING-16#85 Warning
Large setup violation  
There is a large setup violation of -1.530 ns between u_cpu/RISC_V_i/microblaze_riscv_0/U0/riscv_core_I/Base.Core/Decode_I/PreFetch_Buffer_I/INSTR_BUFFER_I1/cur_data_i_reg[20]/C (clocked by clk_out1_RISC_V_clk_wiz_1_0) and u_cpu/RISC_V_i/microblaze_riscv_0/U0/riscv_core_I/Base.Core/Decode_I/ex_valid_jump_reg/D (clocked by clk_out1_RISC_V_clk_wiz_1_0). Large setup violations at the end of those stages might be difficult to fix during the post-placement implementation flow and could be the result of non-optimal XDC constraints or non-optimal design architecture
Related violations: <none>

TIMING-16#86 Warning
Large setup violation  
There is a large setup violation of -1.540 ns between u_cpu/RISC_V_i/microblaze_riscv_0/U0/riscv_core_I/Base.Core/Decode_I/PreFetch_Buffer_I/INSTR_BUFFER_I1/cur_data_i_reg[20]/C (clocked by clk_out1_RISC_V_clk_wiz_1_0) and u_cpu/RISC_V_i/microblaze_riscv_0/U0/riscv_core_I/Base.Core/Decode_I/EX_ALU_PC_Op1_reg/CE (clocked by clk_out1_RISC_V_clk_wiz_1_0). Large setup violations at the end of those stages might be difficult to fix during the post-placement implementation flow and could be the result of non-optimal XDC constraints or non-optimal design architecture
Related violations: <none>

TIMING-16#87 Warning
Large setup violation  
There is a large setup violation of -1.559 ns between u_cpu/RISC_V_i/microblaze_riscv_0/U0/riscv_core_I/Base.Core/Decode_I/PreFetch_Buffer_I/INSTR_BUFFER_I1/cur_data_i_reg[20]/C (clocked by clk_out1_RISC_V_clk_wiz_1_0) and u_cpu/RISC_V_i/microblaze_riscv_0/U0/riscv_core_I/Base.Core/Data_Flow_I/Operand_Select_I/EX_Branch_Base_reg[22]/CE (clocked by clk_out1_RISC_V_clk_wiz_1_0). Large setup violations at the end of those stages might be difficult to fix during the post-placement implementation flow and could be the result of non-optimal XDC constraints or non-optimal design architecture
Related violations: <none>

TIMING-16#88 Warning
Large setup violation  
There is a large setup violation of -1.559 ns between u_cpu/RISC_V_i/microblaze_riscv_0/U0/riscv_core_I/Base.Core/Decode_I/PreFetch_Buffer_I/INSTR_BUFFER_I1/cur_data_i_reg[20]/C (clocked by clk_out1_RISC_V_clk_wiz_1_0) and u_cpu/RISC_V_i/microblaze_riscv_0/U0/riscv_core_I/Base.Core/Data_Flow_I/Operand_Select_I/EX_Branch_Base_reg[26]/CE (clocked by clk_out1_RISC_V_clk_wiz_1_0). Large setup violations at the end of those stages might be difficult to fix during the post-placement implementation flow and could be the result of non-optimal XDC constraints or non-optimal design architecture
Related violations: <none>

TIMING-16#89 Warning
Large setup violation  
There is a large setup violation of -1.559 ns between u_cpu/RISC_V_i/microblaze_riscv_0/U0/riscv_core_I/Base.Core/Decode_I/PreFetch_Buffer_I/INSTR_BUFFER_I1/cur_data_i_reg[20]/C (clocked by clk_out1_RISC_V_clk_wiz_1_0) and u_cpu/RISC_V_i/microblaze_riscv_0/U0/riscv_core_I/Base.Core/Decode_I/PC_Module_I/ex_pc_i_reg[22]/CE (clocked by clk_out1_RISC_V_clk_wiz_1_0). Large setup violations at the end of those stages might be difficult to fix during the post-placement implementation flow and could be the result of non-optimal XDC constraints or non-optimal design architecture
Related violations: <none>

TIMING-16#90 Warning
Large setup violation  
There is a large setup violation of -1.559 ns between u_cpu/RISC_V_i/microblaze_riscv_0/U0/riscv_core_I/Base.Core/Decode_I/PreFetch_Buffer_I/INSTR_BUFFER_I1/cur_data_i_reg[20]/C (clocked by clk_out1_RISC_V_clk_wiz_1_0) and u_cpu/RISC_V_i/microblaze_riscv_0/U0/riscv_core_I/Base.Core/Decode_I/PC_Module_I/ex_pc_i_reg[26]/CE (clocked by clk_out1_RISC_V_clk_wiz_1_0). Large setup violations at the end of those stages might be difficult to fix during the post-placement implementation flow and could be the result of non-optimal XDC constraints or non-optimal design architecture
Related violations: <none>

TIMING-16#91 Warning
Large setup violation  
There is a large setup violation of -1.559 ns between u_cpu/RISC_V_i/microblaze_riscv_0/U0/riscv_core_I/Base.Core/Decode_I/PreFetch_Buffer_I/INSTR_BUFFER_I1/cur_data_i_reg[20]/C (clocked by clk_out1_RISC_V_clk_wiz_1_0) and u_cpu/RISC_V_i/microblaze_riscv_0/U0/riscv_core_I/Base.Core/Decode_I/PC_Module_I/ex_pc_i_reg[27]/CE (clocked by clk_out1_RISC_V_clk_wiz_1_0). Large setup violations at the end of those stages might be difficult to fix during the post-placement implementation flow and could be the result of non-optimal XDC constraints or non-optimal design architecture
Related violations: <none>

TIMING-16#92 Warning
Large setup violation  
There is a large setup violation of -1.559 ns between u_cpu/RISC_V_i/microblaze_riscv_0/U0/riscv_core_I/Base.Core/Decode_I/PreFetch_Buffer_I/INSTR_BUFFER_I1/cur_data_i_reg[20]/C (clocked by clk_out1_RISC_V_clk_wiz_1_0) and u_cpu/RISC_V_i/microblaze_riscv_0/U0/riscv_core_I/Base.Core/Decode_I/PC_Module_I/ex_pc_i_reg[28]/CE (clocked by clk_out1_RISC_V_clk_wiz_1_0). Large setup violations at the end of those stages might be difficult to fix during the post-placement implementation flow and could be the result of non-optimal XDC constraints or non-optimal design architecture
Related violations: <none>

TIMING-16#93 Warning
Large setup violation  
There is a large setup violation of -1.573 ns between u_cpu/RISC_V_i/microblaze_riscv_0/U0/riscv_core_I/Base.Core/Decode_I/PreFetch_Buffer_I/INSTR_BUFFER_I1/cur_data_i_reg[20]/C (clocked by clk_out1_RISC_V_clk_wiz_1_0) and u_cpu/RISC_V_i/microblaze_riscv_0/U0/riscv_core_I/Base.Core/Data_Flow_I/Operand_Select_I/EX_Branch_Base_reg[18]/CE (clocked by clk_out1_RISC_V_clk_wiz_1_0). Large setup violations at the end of those stages might be difficult to fix during the post-placement implementation flow and could be the result of non-optimal XDC constraints or non-optimal design architecture
Related violations: <none>

TIMING-16#94 Warning
Large setup violation  
There is a large setup violation of -1.573 ns between u_cpu/RISC_V_i/microblaze_riscv_0/U0/riscv_core_I/Base.Core/Decode_I/PreFetch_Buffer_I/INSTR_BUFFER_I1/cur_data_i_reg[20]/C (clocked by clk_out1_RISC_V_clk_wiz_1_0) and u_cpu/RISC_V_i/microblaze_riscv_0/U0/riscv_core_I/Base.Core/Decode_I/PC_Module_I/ex_pc_i_reg[18]/CE (clocked by clk_out1_RISC_V_clk_wiz_1_0). Large setup violations at the end of those stages might be difficult to fix during the post-placement implementation flow and could be the result of non-optimal XDC constraints or non-optimal design architecture
Related violations: <none>

TIMING-16#95 Warning
Large setup violation  
There is a large setup violation of -1.596 ns between u_cpu/RISC_V_i/microblaze_riscv_0/U0/riscv_core_I/Base.Core/Decode_I/PreFetch_Buffer_I/INSTR_BUFFER_I1/cur_data_i_reg[20]/C (clocked by clk_out1_RISC_V_clk_wiz_1_0) and u_cpu/RISC_V_i/microblaze_riscv_0/U0/riscv_core_I/Base.Core/Data_Flow_I/Operand_Select_I/EX_Op1_reg[19]/CE (clocked by clk_out1_RISC_V_clk_wiz_1_0). Large setup violations at the end of those stages might be difficult to fix during the post-placement implementation flow and could be the result of non-optimal XDC constraints or non-optimal design architecture
Related violations: <none>

TIMING-16#96 Warning
Large setup violation  
There is a large setup violation of -1.596 ns between u_cpu/RISC_V_i/microblaze_riscv_0/U0/riscv_core_I/Base.Core/Decode_I/PreFetch_Buffer_I/INSTR_BUFFER_I1/cur_data_i_reg[20]/C (clocked by clk_out1_RISC_V_clk_wiz_1_0) and u_cpu/RISC_V_i/microblaze_riscv_0/U0/riscv_core_I/Base.Core/Data_Flow_I/Operand_Select_I/EX_Op1_reg[23]/CE (clocked by clk_out1_RISC_V_clk_wiz_1_0). Large setup violations at the end of those stages might be difficult to fix during the post-placement implementation flow and could be the result of non-optimal XDC constraints or non-optimal design architecture
Related violations: <none>

TIMING-16#97 Warning
Large setup violation  
There is a large setup violation of -1.610 ns between u_cpu/RISC_V_i/microblaze_riscv_0/U0/riscv_core_I/Base.Core/Decode_I/PreFetch_Buffer_I/INSTR_BUFFER_I1/cur_data_i_reg[20]/C (clocked by clk_out1_RISC_V_clk_wiz_1_0) and u_cpu/RISC_V_i/microblaze_riscv_0/U0/riscv_core_I/Base.Core/Data_Flow_I/Operand_Select_I/EX_Op1_reg[25]/CE (clocked by clk_out1_RISC_V_clk_wiz_1_0). Large setup violations at the end of those stages might be difficult to fix during the post-placement implementation flow and could be the result of non-optimal XDC constraints or non-optimal design architecture
Related violations: <none>

TIMING-16#98 Warning
Large setup violation  
There is a large setup violation of -1.610 ns between u_cpu/RISC_V_i/microblaze_riscv_0/U0/riscv_core_I/Base.Core/Decode_I/PreFetch_Buffer_I/INSTR_BUFFER_I1/cur_data_i_reg[20]/C (clocked by clk_out1_RISC_V_clk_wiz_1_0) and u_cpu/RISC_V_i/microblaze_riscv_0/U0/riscv_core_I/Base.Core/Data_Flow_I/Operand_Select_I/EX_Op2_reg[24]/CE (clocked by clk_out1_RISC_V_clk_wiz_1_0). Large setup violations at the end of those stages might be difficult to fix during the post-placement implementation flow and could be the result of non-optimal XDC constraints or non-optimal design architecture
Related violations: <none>

TIMING-16#99 Warning
Large setup violation  
There is a large setup violation of -1.610 ns between u_cpu/RISC_V_i/microblaze_riscv_0/U0/riscv_core_I/Base.Core/Decode_I/PreFetch_Buffer_I/INSTR_BUFFER_I1/cur_data_i_reg[20]/C (clocked by clk_out1_RISC_V_clk_wiz_1_0) and u_cpu/RISC_V_i/microblaze_riscv_0/U0/riscv_core_I/Base.Core/Data_Flow_I/Operand_Select_I/EX_Op2_reg[25]/CE (clocked by clk_out1_RISC_V_clk_wiz_1_0). Large setup violations at the end of those stages might be difficult to fix during the post-placement implementation flow and could be the result of non-optimal XDC constraints or non-optimal design architecture
Related violations: <none>

TIMING-16#100 Warning
Large setup violation  
There is a large setup violation of -1.617 ns between u_cpu/RISC_V_i/microblaze_riscv_0/U0/riscv_core_I/Base.Core/Use_Debug_Logic.Master_Core.Debug_Perf/Performance_Debug_Control.ex_dbg_pc_hit_i_reg/C (clocked by clk_out1_RISC_V_clk_wiz_1_0) and u_cpu/RISC_V_i/microblaze_riscv_0_local_memory/lmb_bram/U0/inst_blk_mem_gen/gnbram.gnative_mem_map_bmg.native_mem_map_blk_mem_gen/valid.cstr/ramloop[5].ram.r/prim_noinit.ram/DEVICE_7SERIES.WITH_BMM_INFO.TRUE_DP.SIMPLE_PRIM36.TDP_SP36_NO_ECC_ATTR.ram/ADDRBWRADDR[11] (clocked by clk_out1_RISC_V_clk_wiz_1_0). Large setup violations at the end of those stages might be difficult to fix during the post-placement implementation flow and could be the result of non-optimal XDC constraints or non-optimal design architecture
Related violations: <none>

TIMING-16#101 Warning
Large setup violation  
There is a large setup violation of -1.619 ns between u_cpu/RISC_V_i/microblaze_riscv_0/U0/riscv_core_I/Base.Core/Decode_I/PreFetch_Buffer_I/INSTR_BUFFER_I1/cur_data_i_reg[20]/C (clocked by clk_out1_RISC_V_clk_wiz_1_0) and u_cpu/RISC_V_i/microblaze_riscv_0/U0/riscv_core_I/Base.Core/Data_Flow_I/Operand_Select_I/EX_Branch_Base_reg[30]/CE (clocked by clk_out1_RISC_V_clk_wiz_1_0). Large setup violations at the end of those stages might be difficult to fix during the post-placement implementation flow and could be the result of non-optimal XDC constraints or non-optimal design architecture
Related violations: <none>

TIMING-16#102 Warning
Large setup violation  
There is a large setup violation of -1.649 ns between u_cpu/RISC_V_i/microblaze_riscv_0/U0/riscv_core_I/Base.Core/Decode_I/PreFetch_Buffer_I/INSTR_BUFFER_I1/cur_data_i_reg[20]/C (clocked by clk_out1_RISC_V_clk_wiz_1_0) and u_cpu/RISC_V_i/microblaze_riscv_0/U0/riscv_core_I/Base.Core/Data_Flow_I/Operand_Select_I/EX_Op1_reg[16]/CE (clocked by clk_out1_RISC_V_clk_wiz_1_0). Large setup violations at the end of those stages might be difficult to fix during the post-placement implementation flow and could be the result of non-optimal XDC constraints or non-optimal design architecture
Related violations: <none>

TIMING-16#103 Warning
Large setup violation  
There is a large setup violation of -1.649 ns between u_cpu/RISC_V_i/microblaze_riscv_0/U0/riscv_core_I/Base.Core/Decode_I/PreFetch_Buffer_I/INSTR_BUFFER_I1/cur_data_i_reg[20]/C (clocked by clk_out1_RISC_V_clk_wiz_1_0) and u_cpu/RISC_V_i/microblaze_riscv_0/U0/riscv_core_I/Base.Core/Data_Flow_I/Operand_Select_I/EX_Op1_reg[18]/CE (clocked by clk_out1_RISC_V_clk_wiz_1_0). Large setup violations at the end of those stages might be difficult to fix during the post-placement implementation flow and could be the result of non-optimal XDC constraints or non-optimal design architecture
Related violations: <none>

TIMING-16#104 Warning
Large setup violation  
There is a large setup violation of -1.649 ns between u_cpu/RISC_V_i/microblaze_riscv_0/U0/riscv_core_I/Base.Core/Decode_I/PreFetch_Buffer_I/INSTR_BUFFER_I1/cur_data_i_reg[20]/C (clocked by clk_out1_RISC_V_clk_wiz_1_0) and u_cpu/RISC_V_i/microblaze_riscv_0/U0/riscv_core_I/Base.Core/Data_Flow_I/Operand_Select_I/EX_Op2_reg[16]/CE (clocked by clk_out1_RISC_V_clk_wiz_1_0). Large setup violations at the end of those stages might be difficult to fix during the post-placement implementation flow and could be the result of non-optimal XDC constraints or non-optimal design architecture
Related violations: <none>

TIMING-16#105 Warning
Large setup violation  
There is a large setup violation of -1.649 ns between u_cpu/RISC_V_i/microblaze_riscv_0/U0/riscv_core_I/Base.Core/Decode_I/PreFetch_Buffer_I/INSTR_BUFFER_I1/cur_data_i_reg[20]/C (clocked by clk_out1_RISC_V_clk_wiz_1_0) and u_cpu/RISC_V_i/microblaze_riscv_0/U0/riscv_core_I/Base.Core/Data_Flow_I/Operand_Select_I/EX_Op2_reg[18]/CE (clocked by clk_out1_RISC_V_clk_wiz_1_0). Large setup violations at the end of those stages might be difficult to fix during the post-placement implementation flow and could be the result of non-optimal XDC constraints or non-optimal design architecture
Related violations: <none>

TIMING-16#106 Warning
Large setup violation  
There is a large setup violation of -1.658 ns between u_cpu/RISC_V_i/microblaze_riscv_0/U0/riscv_core_I/Base.Core/Decode_I/PreFetch_Buffer_I/INSTR_BUFFER_I1/cur_data_i_reg[20]/C (clocked by clk_out1_RISC_V_clk_wiz_1_0) and u_cpu/RISC_V_i/microblaze_riscv_0/U0/riscv_core_I/Base.Core/Decode_I/EX_Gen_Bits[2].EX_Instr_Reg_FF/Using_FPGA.Native/CE (clocked by clk_out1_RISC_V_clk_wiz_1_0). Large setup violations at the end of those stages might be difficult to fix during the post-placement implementation flow and could be the result of non-optimal XDC constraints or non-optimal design architecture
Related violations: <none>

TIMING-16#107 Warning
Large setup violation  
There is a large setup violation of -1.658 ns between u_cpu/RISC_V_i/microblaze_riscv_0/U0/riscv_core_I/Base.Core/Decode_I/PreFetch_Buffer_I/INSTR_BUFFER_I1/cur_data_i_reg[20]/C (clocked by clk_out1_RISC_V_clk_wiz_1_0) and u_cpu/RISC_V_i/microblaze_riscv_0/U0/riscv_core_I/Base.Core/Decode_I/EX_Gen_Bits[5].EX_Instr_Reg_FF/Using_FPGA.Native/CE (clocked by clk_out1_RISC_V_clk_wiz_1_0). Large setup violations at the end of those stages might be difficult to fix during the post-placement implementation flow and could be the result of non-optimal XDC constraints or non-optimal design architecture
Related violations: <none>

TIMING-16#108 Warning
Large setup violation  
There is a large setup violation of -1.658 ns between u_cpu/RISC_V_i/microblaze_riscv_0/U0/riscv_core_I/Base.Core/Decode_I/PreFetch_Buffer_I/INSTR_BUFFER_I1/cur_data_i_reg[20]/C (clocked by clk_out1_RISC_V_clk_wiz_1_0) and u_cpu/RISC_V_i/microblaze_riscv_0/U0/riscv_core_I/Base.Core/Decode_I/EX_Gen_Bits[6].EX_Instr_Reg_FF/Using_FPGA.Native/CE (clocked by clk_out1_RISC_V_clk_wiz_1_0). Large setup violations at the end of those stages might be difficult to fix during the post-placement implementation flow and could be the result of non-optimal XDC constraints or non-optimal design architecture
Related violations: <none>

TIMING-16#109 Warning
Large setup violation  
There is a large setup violation of -1.663 ns between u_cpu/RISC_V_i/microblaze_riscv_0/U0/riscv_core_I/Base.Core/Use_Debug_Logic.Master_Core.Debug_Perf/Performance_Debug_Control.ex_dbg_pc_hit_i_reg/C (clocked by clk_out1_RISC_V_clk_wiz_1_0) and u_cpu/RISC_V_i/microblaze_riscv_0_local_memory/lmb_bram/U0/inst_blk_mem_gen/gnbram.gnative_mem_map_bmg.native_mem_map_blk_mem_gen/valid.cstr/ramloop[11].ram.r/prim_noinit.ram/DEVICE_7SERIES.WITH_BMM_INFO.TRUE_DP.SIMPLE_PRIM36.TDP_SP36_NO_ECC_ATTR.ram/ADDRBWRADDR[10] (clocked by clk_out1_RISC_V_clk_wiz_1_0). Large setup violations at the end of those stages might be difficult to fix during the post-placement implementation flow and could be the result of non-optimal XDC constraints or non-optimal design architecture
Related violations: <none>

TIMING-16#110 Warning
Large setup violation  
There is a large setup violation of -1.680 ns between u_cpu/RISC_V_i/microblaze_riscv_0/U0/riscv_core_I/Base.Core/Decode_I/PreFetch_Buffer_I/INSTR_BUFFER_I1/cur_data_i_reg[20]/C (clocked by clk_out1_RISC_V_clk_wiz_1_0) and u_cpu/RISC_V_i/microblaze_riscv_0/U0/riscv_core_I/Base.Core/Decode_I/EX_Gen_Bits[9].EX_Instr_Reg_FF/Using_FPGA.Native/CE (clocked by clk_out1_RISC_V_clk_wiz_1_0). Large setup violations at the end of those stages might be difficult to fix during the post-placement implementation flow and could be the result of non-optimal XDC constraints or non-optimal design architecture
Related violations: <none>

TIMING-16#111 Warning
Large setup violation  
There is a large setup violation of -1.683 ns between u_cpu/RISC_V_i/microblaze_riscv_0/U0/riscv_core_I/Base.Core/Use_Debug_Logic.Master_Core.Debug_Perf/Performance_Debug_Control.ex_dbg_pc_hit_i_reg/C (clocked by clk_out1_RISC_V_clk_wiz_1_0) and u_cpu/RISC_V_i/microblaze_riscv_0_local_memory/lmb_bram/U0/inst_blk_mem_gen/gnbram.gnative_mem_map_bmg.native_mem_map_blk_mem_gen/valid.cstr/ramloop[8].ram.r/prim_noinit.ram/DEVICE_7SERIES.WITH_BMM_INFO.TRUE_DP.SIMPLE_PRIM36.TDP_SP36_NO_ECC_ATTR.ram/ADDRBWRADDR[5] (clocked by clk_out1_RISC_V_clk_wiz_1_0). Large setup violations at the end of those stages might be difficult to fix during the post-placement implementation flow and could be the result of non-optimal XDC constraints or non-optimal design architecture
Related violations: <none>

TIMING-16#112 Warning
Large setup violation  
There is a large setup violation of -1.691 ns between u_cpu/RISC_V_i/microblaze_riscv_0/U0/riscv_core_I/Base.Core/Decode_I/PreFetch_Buffer_I/INSTR_BUFFER_I1/cur_data_i_reg[20]/C (clocked by clk_out1_RISC_V_clk_wiz_1_0) and u_cpu/RISC_V_i/microblaze_riscv_0/U0/riscv_core_I/Base.Core/Data_Flow_I/Operand_Select_I/ex_imm_not_4_reg[1]/CE (clocked by clk_out1_RISC_V_clk_wiz_1_0). Large setup violations at the end of those stages might be difficult to fix during the post-placement implementation flow and could be the result of non-optimal XDC constraints or non-optimal design architecture
Related violations: <none>

TIMING-16#113 Warning
Large setup violation  
There is a large setup violation of -1.699 ns between u_cpu/RISC_V_i/microblaze_riscv_0/U0/riscv_core_I/Base.Core/Decode_I/PreFetch_Buffer_I/INSTR_BUFFER_I1/cur_data_i_reg[20]/C (clocked by clk_out1_RISC_V_clk_wiz_1_0) and u_cpu/RISC_V_i/microblaze_riscv_0/U0/riscv_core_I/Base.Core/Data_Flow_I/Operand_Select_I/EX_Op1_reg[6]/CE (clocked by clk_out1_RISC_V_clk_wiz_1_0). Large setup violations at the end of those stages might be difficult to fix during the post-placement implementation flow and could be the result of non-optimal XDC constraints or non-optimal design architecture
Related violations: <none>

TIMING-16#114 Warning
Large setup violation  
There is a large setup violation of -1.699 ns between u_cpu/RISC_V_i/microblaze_riscv_0/U0/riscv_core_I/Base.Core/Decode_I/PreFetch_Buffer_I/INSTR_BUFFER_I1/cur_data_i_reg[20]/C (clocked by clk_out1_RISC_V_clk_wiz_1_0) and u_cpu/RISC_V_i/microblaze_riscv_0/U0/riscv_core_I/Base.Core/Data_Flow_I/Operand_Select_I/EX_Op2_reg[6]/CE (clocked by clk_out1_RISC_V_clk_wiz_1_0). Large setup violations at the end of those stages might be difficult to fix during the post-placement implementation flow and could be the result of non-optimal XDC constraints or non-optimal design architecture
Related violations: <none>

TIMING-16#115 Warning
Large setup violation  
There is a large setup violation of -1.713 ns between u_cpu/RISC_V_i/microblaze_riscv_0/U0/riscv_core_I/Base.Core/Decode_I/PreFetch_Buffer_I/INSTR_BUFFER_I1/cur_data_i_reg[20]/C (clocked by clk_out1_RISC_V_clk_wiz_1_0) and u_cpu/RISC_V_i/microblaze_riscv_0/U0/riscv_core_I/Base.Core/Decode_I/ex_gpr_write_addr_reg[4]/CE (clocked by clk_out1_RISC_V_clk_wiz_1_0). Large setup violations at the end of those stages might be difficult to fix during the post-placement implementation flow and could be the result of non-optimal XDC constraints or non-optimal design architecture
Related violations: <none>

TIMING-16#116 Warning
Large setup violation  
There is a large setup violation of -1.716 ns between u_cpu/RISC_V_i/microblaze_riscv_0/U0/riscv_core_I/Base.Core/Use_Debug_Logic.Master_Core.Debug_Perf/Performance_Debug_Control.ex_dbg_pc_hit_i_reg/C (clocked by clk_out1_RISC_V_clk_wiz_1_0) and u_cpu/RISC_V_i/microblaze_riscv_0_local_memory/lmb_bram/U0/inst_blk_mem_gen/gnbram.gnative_mem_map_bmg.native_mem_map_blk_mem_gen/valid.cstr/ramloop[8].ram.r/prim_noinit.ram/DEVICE_7SERIES.WITH_BMM_INFO.TRUE_DP.SIMPLE_PRIM36.TDP_SP36_NO_ECC_ATTR.ram/ADDRBWRADDR[6] (clocked by clk_out1_RISC_V_clk_wiz_1_0). Large setup violations at the end of those stages might be difficult to fix during the post-placement implementation flow and could be the result of non-optimal XDC constraints or non-optimal design architecture
Related violations: <none>

TIMING-16#117 Warning
Large setup violation  
There is a large setup violation of -1.725 ns between u_cpu/RISC_V_i/microblaze_riscv_0/U0/riscv_core_I/Base.Core/Use_Debug_Logic.Master_Core.Debug_Perf/Performance_Debug_Control.ex_dbg_pc_hit_i_reg/C (clocked by clk_out1_RISC_V_clk_wiz_1_0) and u_cpu/RISC_V_i/microblaze_riscv_0/U0/riscv_core_I/Base.Core/Data_Flow_I/csr_I/mtval_reg[4]/CE (clocked by clk_out1_RISC_V_clk_wiz_1_0). Large setup violations at the end of those stages might be difficult to fix during the post-placement implementation flow and could be the result of non-optimal XDC constraints or non-optimal design architecture
Related violations: <none>

TIMING-16#118 Warning
Large setup violation  
There is a large setup violation of -1.725 ns between u_cpu/RISC_V_i/microblaze_riscv_0/U0/riscv_core_I/Base.Core/Use_Debug_Logic.Master_Core.Debug_Perf/Performance_Debug_Control.ex_dbg_pc_hit_i_reg/C (clocked by clk_out1_RISC_V_clk_wiz_1_0) and u_cpu/RISC_V_i/microblaze_riscv_0/U0/riscv_core_I/Base.Core/Data_Flow_I/csr_I/mtval_reg[5]/CE (clocked by clk_out1_RISC_V_clk_wiz_1_0). Large setup violations at the end of those stages might be difficult to fix during the post-placement implementation flow and could be the result of non-optimal XDC constraints or non-optimal design architecture
Related violations: <none>

TIMING-16#119 Warning
Large setup violation  
There is a large setup violation of -1.735 ns between u_cpu/RISC_V_i/microblaze_riscv_0/U0/riscv_core_I/Base.Core/Use_Debug_Logic.Master_Core.Debug_Perf/Performance_Debug_Control.ex_dbg_pc_hit_i_reg/C (clocked by clk_out1_RISC_V_clk_wiz_1_0) and u_cpu/RISC_V_i/microblaze_riscv_0_local_memory/lmb_bram/U0/inst_blk_mem_gen/gnbram.gnative_mem_map_bmg.native_mem_map_blk_mem_gen/valid.cstr/ramloop[13].ram.r/prim_noinit.ram/DEVICE_7SERIES.WITH_BMM_INFO.TRUE_DP.SIMPLE_PRIM36.TDP_SP36_NO_ECC_ATTR.ram/ADDRBWRADDR[3] (clocked by clk_out1_RISC_V_clk_wiz_1_0). Large setup violations at the end of those stages might be difficult to fix during the post-placement implementation flow and could be the result of non-optimal XDC constraints or non-optimal design architecture
Related violations: <none>

TIMING-16#120 Warning
Large setup violation  
There is a large setup violation of -1.750 ns between u_cpu/RISC_V_i/microblaze_riscv_0/U0/riscv_core_I/Base.Core/Decode_I/PreFetch_Buffer_I/INSTR_BUFFER_I1/cur_data_i_reg[20]/C (clocked by clk_out1_RISC_V_clk_wiz_1_0) and u_cpu/RISC_V_i/microblaze_riscv_0/U0/riscv_core_I/Base.Core/Data_Flow_I/Operand_Select_I/EX_Op2_reg[23]/CE (clocked by clk_out1_RISC_V_clk_wiz_1_0). Large setup violations at the end of those stages might be difficult to fix during the post-placement implementation flow and could be the result of non-optimal XDC constraints or non-optimal design architecture
Related violations: <none>

TIMING-16#121 Warning
Large setup violation  
There is a large setup violation of -1.755 ns between u_cpu/RISC_V_i/microblaze_riscv_0/U0/riscv_core_I/Base.Core/Use_Debug_Logic.Master_Core.Debug_Perf/Performance_Debug_Control.ex_dbg_pc_hit_i_reg/C (clocked by clk_out1_RISC_V_clk_wiz_1_0) and u_cpu/RISC_V_i/microblaze_riscv_0_local_memory/lmb_bram/U0/inst_blk_mem_gen/gnbram.gnative_mem_map_bmg.native_mem_map_blk_mem_gen/valid.cstr/ramloop[14].ram.r/prim_noinit.ram/DEVICE_7SERIES.WITH_BMM_INFO.TRUE_DP.SIMPLE_PRIM36.TDP_SP36_NO_ECC_ATTR.ram/ENBWREN (clocked by clk_out1_RISC_V_clk_wiz_1_0). Large setup violations at the end of those stages might be difficult to fix during the post-placement implementation flow and could be the result of non-optimal XDC constraints or non-optimal design architecture
Related violations: <none>

TIMING-16#122 Warning
Large setup violation  
There is a large setup violation of -1.761 ns between u_cpu/RISC_V_i/microblaze_riscv_0/U0/riscv_core_I/Base.Core/Decode_I/PreFetch_Buffer_I/INSTR_BUFFER_I1/cur_data_i_reg[20]/C (clocked by clk_out1_RISC_V_clk_wiz_1_0) and u_cpu/RISC_V_i/microblaze_riscv_0/U0/riscv_core_I/Base.Core/Data_Flow_I/Operand_Select_I/EX_Branch_Base_reg[27]/CE (clocked by clk_out1_RISC_V_clk_wiz_1_0). Large setup violations at the end of those stages might be difficult to fix during the post-placement implementation flow and could be the result of non-optimal XDC constraints or non-optimal design architecture
Related violations: <none>

TIMING-16#123 Warning
Large setup violation  
There is a large setup violation of -1.761 ns between u_cpu/RISC_V_i/microblaze_riscv_0/U0/riscv_core_I/Base.Core/Decode_I/PreFetch_Buffer_I/INSTR_BUFFER_I1/cur_data_i_reg[20]/C (clocked by clk_out1_RISC_V_clk_wiz_1_0) and u_cpu/RISC_V_i/microblaze_riscv_0/U0/riscv_core_I/Base.Core/Data_Flow_I/Operand_Select_I/EX_Branch_Base_reg[31]/CE (clocked by clk_out1_RISC_V_clk_wiz_1_0). Large setup violations at the end of those stages might be difficult to fix during the post-placement implementation flow and could be the result of non-optimal XDC constraints or non-optimal design architecture
Related violations: <none>

TIMING-16#124 Warning
Large setup violation  
There is a large setup violation of -1.761 ns between u_cpu/RISC_V_i/microblaze_riscv_0/U0/riscv_core_I/Base.Core/Decode_I/PreFetch_Buffer_I/INSTR_BUFFER_I1/cur_data_i_reg[20]/C (clocked by clk_out1_RISC_V_clk_wiz_1_0) and u_cpu/RISC_V_i/microblaze_riscv_0/U0/riscv_core_I/Base.Core/Decode_I/PC_Module_I/ex_pc_i_reg[30]/CE (clocked by clk_out1_RISC_V_clk_wiz_1_0). Large setup violations at the end of those stages might be difficult to fix during the post-placement implementation flow and could be the result of non-optimal XDC constraints or non-optimal design architecture
Related violations: <none>

TIMING-16#125 Warning
Large setup violation  
There is a large setup violation of -1.761 ns between u_cpu/RISC_V_i/microblaze_riscv_0/U0/riscv_core_I/Base.Core/Decode_I/PreFetch_Buffer_I/INSTR_BUFFER_I1/cur_data_i_reg[20]/C (clocked by clk_out1_RISC_V_clk_wiz_1_0) and u_cpu/RISC_V_i/microblaze_riscv_0/U0/riscv_core_I/Base.Core/Decode_I/PC_Module_I/ex_pc_i_reg[31]/CE (clocked by clk_out1_RISC_V_clk_wiz_1_0). Large setup violations at the end of those stages might be difficult to fix during the post-placement implementation flow and could be the result of non-optimal XDC constraints or non-optimal design architecture
Related violations: <none>

TIMING-16#126 Warning
Large setup violation  
There is a large setup violation of -1.765 ns between u_cpu/RISC_V_i/microblaze_riscv_0/U0/riscv_core_I/Base.Core/Decode_I/PreFetch_Buffer_I/INSTR_BUFFER_I1/cur_data_i_reg[20]/C (clocked by clk_out1_RISC_V_clk_wiz_1_0) and u_cpu/RISC_V_i/microblaze_riscv_0/U0/riscv_core_I/Base.Core/Data_Flow_I/Operand_Select_I/ex_imm_not_4_reg[12]/CE (clocked by clk_out1_RISC_V_clk_wiz_1_0). Large setup violations at the end of those stages might be difficult to fix during the post-placement implementation flow and could be the result of non-optimal XDC constraints or non-optimal design architecture
Related violations: <none>

TIMING-16#127 Warning
Large setup violation  
There is a large setup violation of -1.765 ns between u_cpu/RISC_V_i/microblaze_riscv_0/U0/riscv_core_I/Base.Core/Decode_I/PreFetch_Buffer_I/INSTR_BUFFER_I1/cur_data_i_reg[20]/C (clocked by clk_out1_RISC_V_clk_wiz_1_0) and u_cpu/RISC_V_i/microblaze_riscv_0/U0/riscv_core_I/Base.Core/Data_Flow_I/Operand_Select_I/ex_imm_not_4_reg[13]/CE (clocked by clk_out1_RISC_V_clk_wiz_1_0). Large setup violations at the end of those stages might be difficult to fix during the post-placement implementation flow and could be the result of non-optimal XDC constraints or non-optimal design architecture
Related violations: <none>

TIMING-16#128 Warning
Large setup violation  
There is a large setup violation of -1.765 ns between u_cpu/RISC_V_i/microblaze_riscv_0/U0/riscv_core_I/Base.Core/Decode_I/PreFetch_Buffer_I/INSTR_BUFFER_I1/cur_data_i_reg[20]/C (clocked by clk_out1_RISC_V_clk_wiz_1_0) and u_cpu/RISC_V_i/microblaze_riscv_0/U0/riscv_core_I/Base.Core/Data_Flow_I/Operand_Select_I/ex_imm_not_4_reg[14]/CE (clocked by clk_out1_RISC_V_clk_wiz_1_0). Large setup violations at the end of those stages might be difficult to fix during the post-placement implementation flow and could be the result of non-optimal XDC constraints or non-optimal design architecture
Related violations: <none>

TIMING-16#129 Warning
Large setup violation  
There is a large setup violation of -1.765 ns between u_cpu/RISC_V_i/microblaze_riscv_0/U0/riscv_core_I/Base.Core/Decode_I/PreFetch_Buffer_I/INSTR_BUFFER_I1/cur_data_i_reg[20]/C (clocked by clk_out1_RISC_V_clk_wiz_1_0) and u_cpu/RISC_V_i/microblaze_riscv_0/U0/riscv_core_I/Base.Core/Data_Flow_I/Operand_Select_I/ex_imm_not_4_reg[15]/CE (clocked by clk_out1_RISC_V_clk_wiz_1_0). Large setup violations at the end of those stages might be difficult to fix during the post-placement implementation flow and could be the result of non-optimal XDC constraints or non-optimal design architecture
Related violations: <none>

TIMING-16#130 Warning
Large setup violation  
There is a large setup violation of -1.773 ns between u_cpu/RISC_V_i/microblaze_riscv_0/U0/riscv_core_I/Base.Core/Decode_I/PreFetch_Buffer_I/INSTR_BUFFER_I1/cur_data_i_reg[20]/C (clocked by clk_out1_RISC_V_clk_wiz_1_0) and u_cpu/RISC_V_i/microblaze_riscv_0/U0/riscv_core_I/Base.Core/Data_Flow_I/Operand_Select_I/EX_Op1_reg[20]/CE (clocked by clk_out1_RISC_V_clk_wiz_1_0). Large setup violations at the end of those stages might be difficult to fix during the post-placement implementation flow and could be the result of non-optimal XDC constraints or non-optimal design architecture
Related violations: <none>

TIMING-16#131 Warning
Large setup violation  
There is a large setup violation of -1.773 ns between u_cpu/RISC_V_i/microblaze_riscv_0/U0/riscv_core_I/Base.Core/Decode_I/PreFetch_Buffer_I/INSTR_BUFFER_I1/cur_data_i_reg[20]/C (clocked by clk_out1_RISC_V_clk_wiz_1_0) and u_cpu/RISC_V_i/microblaze_riscv_0/U0/riscv_core_I/Base.Core/Data_Flow_I/Operand_Select_I/EX_Op1_reg[26]/CE (clocked by clk_out1_RISC_V_clk_wiz_1_0). Large setup violations at the end of those stages might be difficult to fix during the post-placement implementation flow and could be the result of non-optimal XDC constraints or non-optimal design architecture
Related violations: <none>

TIMING-16#132 Warning
Large setup violation  
There is a large setup violation of -1.775 ns between u_cpu/RISC_V_i/microblaze_riscv_0/U0/riscv_core_I/Base.Core/Data_Flow_I/Operand_Select_I/EX_Op1_reg[31]/C (clocked by clk_out1_RISC_V_clk_wiz_1_0) and u_cpu/RISC_V_i/microblaze_riscv_0_local_memory/lmb_bram/U0/inst_blk_mem_gen/gnbram.gnative_mem_map_bmg.native_mem_map_blk_mem_gen/valid.cstr/ramloop[14].ram.r/prim_noinit.ram/DEVICE_7SERIES.WITH_BMM_INFO.TRUE_DP.SIMPLE_PRIM36.TDP_SP36_NO_ECC_ATTR.ram/ENARDEN (clocked by clk_out1_RISC_V_clk_wiz_1_0). Large setup violations at the end of those stages might be difficult to fix during the post-placement implementation flow and could be the result of non-optimal XDC constraints or non-optimal design architecture
Related violations: <none>

TIMING-16#133 Warning
Large setup violation  
There is a large setup violation of -1.777 ns between u_cpu/RISC_V_i/microblaze_riscv_0/U0/riscv_core_I/Base.Core/Decode_I/PreFetch_Buffer_I/INSTR_BUFFER_I1/cur_data_i_reg[20]/C (clocked by clk_out1_RISC_V_clk_wiz_1_0) and u_cpu/RISC_V_i/microblaze_riscv_0/U0/riscv_core_I/Base.Core/Decode_I/ex_Take_Intr_or_Exc_keep_reg/CE (clocked by clk_out1_RISC_V_clk_wiz_1_0). Large setup violations at the end of those stages might be difficult to fix during the post-placement implementation flow and could be the result of non-optimal XDC constraints or non-optimal design architecture
Related violations: <none>

TIMING-16#134 Warning
Large setup violation  
There is a large setup violation of -1.777 ns between u_cpu/RISC_V_i/microblaze_riscv_0/U0/riscv_core_I/Base.Core/Decode_I/PreFetch_Buffer_I/INSTR_BUFFER_I1/cur_data_i_reg[20]/C (clocked by clk_out1_RISC_V_clk_wiz_1_0) and u_cpu/RISC_V_i/microblaze_riscv_0/U0/riscv_core_I/Base.Core/Use_Debug_Logic.Master_Core.Debug_Perf/single_Step_N_reg/CE (clocked by clk_out1_RISC_V_clk_wiz_1_0). Large setup violations at the end of those stages might be difficult to fix during the post-placement implementation flow and could be the result of non-optimal XDC constraints or non-optimal design architecture
Related violations: <none>

TIMING-16#135 Warning
Large setup violation  
There is a large setup violation of -1.787 ns between u_cpu/RISC_V_i/microblaze_riscv_0/U0/riscv_core_I/Base.Core/Use_Debug_Logic.Master_Core.Debug_Perf/Performance_Debug_Control.ex_dbg_pc_hit_i_reg/C (clocked by clk_out1_RISC_V_clk_wiz_1_0) and u_cpu/RISC_V_i/microblaze_riscv_0/U0/riscv_core_I/Base.Core/Data_Flow_I/csr_I/mtval_reg[9]/CE (clocked by clk_out1_RISC_V_clk_wiz_1_0). Large setup violations at the end of those stages might be difficult to fix during the post-placement implementation flow and could be the result of non-optimal XDC constraints or non-optimal design architecture
Related violations: <none>

TIMING-16#136 Warning
Large setup violation  
There is a large setup violation of -1.788 ns between u_cpu/RISC_V_i/microblaze_riscv_0/U0/riscv_core_I/Base.Core/Decode_I/PreFetch_Buffer_I/INSTR_BUFFER_I1/cur_data_i_reg[20]/C (clocked by clk_out1_RISC_V_clk_wiz_1_0) and u_cpu/RISC_V_i/microblaze_riscv_0/U0/riscv_core_I/Base.Core/Decode_I/PreFetch_Buffer_I/INSTR_BUFFER_I1/Generating_Control_Logic.Using_FPGA.Gen_Mux_Select_LUT6[1].Gen_Sel_DFF/Using_FPGA.Native/D (clocked by clk_out1_RISC_V_clk_wiz_1_0). Large setup violations at the end of those stages might be difficult to fix during the post-placement implementation flow and could be the result of non-optimal XDC constraints or non-optimal design architecture
Related violations: <none>

TIMING-16#137 Warning
Large setup violation  
There is a large setup violation of -1.794 ns between u_cpu/RISC_V_i/microblaze_riscv_0/U0/riscv_core_I/Base.Core/Decode_I/PreFetch_Buffer_I/INSTR_BUFFER_I1/cur_data_i_reg[20]/C (clocked by clk_out1_RISC_V_clk_wiz_1_0) and u_cpu/RISC_V_i/microblaze_riscv_0/U0/riscv_core_I/Base.Core/Decode_I/ex_first_cycle_reg/D (clocked by clk_out1_RISC_V_clk_wiz_1_0). Large setup violations at the end of those stages might be difficult to fix during the post-placement implementation flow and could be the result of non-optimal XDC constraints or non-optimal design architecture
Related violations: <none>

TIMING-16#138 Warning
Large setup violation  
There is a large setup violation of -1.799 ns between u_cpu/RISC_V_i/microblaze_riscv_0/U0/riscv_core_I/Base.Core/Decode_I/PreFetch_Buffer_I/INSTR_BUFFER_I1/cur_data_i_reg[20]/C (clocked by clk_out1_RISC_V_clk_wiz_1_0) and u_cpu/RISC_V_i/microblaze_riscv_0/U0/riscv_core_I/Base.Core/Data_Flow_I/Operand_Select_I/EX_Op1_reg[21]/CE (clocked by clk_out1_RISC_V_clk_wiz_1_0). Large setup violations at the end of those stages might be difficult to fix during the post-placement implementation flow and could be the result of non-optimal XDC constraints or non-optimal design architecture
Related violations: <none>

TIMING-16#139 Warning
Large setup violation  
There is a large setup violation of -1.799 ns between u_cpu/RISC_V_i/microblaze_riscv_0/U0/riscv_core_I/Base.Core/Decode_I/PreFetch_Buffer_I/INSTR_BUFFER_I1/cur_data_i_reg[20]/C (clocked by clk_out1_RISC_V_clk_wiz_1_0) and u_cpu/RISC_V_i/microblaze_riscv_0/U0/riscv_core_I/Base.Core/Data_Flow_I/Operand_Select_I/EX_Op2_reg[21]/CE (clocked by clk_out1_RISC_V_clk_wiz_1_0). Large setup violations at the end of those stages might be difficult to fix during the post-placement implementation flow and could be the result of non-optimal XDC constraints or non-optimal design architecture
Related violations: <none>

TIMING-16#140 Warning
Large setup violation  
There is a large setup violation of -1.809 ns between u_cpu/RISC_V_i/microblaze_riscv_0/U0/riscv_core_I/Base.Core/Use_Debug_Logic.Master_Core.Debug_Perf/Performance_Debug_Control.ex_dbg_pc_hit_i_reg/C (clocked by clk_out1_RISC_V_clk_wiz_1_0) and u_cpu/RISC_V_i/microblaze_riscv_0_local_memory/lmb_bram/U0/inst_blk_mem_gen/gnbram.gnative_mem_map_bmg.native_mem_map_blk_mem_gen/valid.cstr/ramloop[13].ram.r/prim_noinit.ram/DEVICE_7SERIES.WITH_BMM_INFO.TRUE_DP.SIMPLE_PRIM36.TDP_SP36_NO_ECC_ATTR.ram/ADDRBWRADDR[12] (clocked by clk_out1_RISC_V_clk_wiz_1_0). Large setup violations at the end of those stages might be difficult to fix during the post-placement implementation flow and could be the result of non-optimal XDC constraints or non-optimal design architecture
Related violations: <none>

TIMING-16#141 Warning
Large setup violation  
There is a large setup violation of -1.810 ns between u_cpu/RISC_V_i/microblaze_riscv_0/U0/riscv_core_I/Base.Core/Decode_I/PreFetch_Buffer_I/INSTR_BUFFER_I1/cur_data_i_reg[20]/C (clocked by clk_out1_RISC_V_clk_wiz_1_0) and u_cpu/RISC_V_i/microblaze_riscv_0/U0/riscv_core_I/Base.Core/Data_Flow_I/Operand_Select_I/EX_Op1_reg[29]/CE (clocked by clk_out1_RISC_V_clk_wiz_1_0). Large setup violations at the end of those stages might be difficult to fix during the post-placement implementation flow and could be the result of non-optimal XDC constraints or non-optimal design architecture
Related violations: <none>

TIMING-16#142 Warning
Large setup violation  
There is a large setup violation of -1.810 ns between u_cpu/RISC_V_i/microblaze_riscv_0/U0/riscv_core_I/Base.Core/Decode_I/PreFetch_Buffer_I/INSTR_BUFFER_I1/cur_data_i_reg[20]/C (clocked by clk_out1_RISC_V_clk_wiz_1_0) and u_cpu/RISC_V_i/microblaze_riscv_0/U0/riscv_core_I/Base.Core/Data_Flow_I/Operand_Select_I/EX_Op2_reg[29]/CE (clocked by clk_out1_RISC_V_clk_wiz_1_0). Large setup violations at the end of those stages might be difficult to fix during the post-placement implementation flow and could be the result of non-optimal XDC constraints or non-optimal design architecture
Related violations: <none>

TIMING-16#143 Warning
Large setup violation  
There is a large setup violation of -1.812 ns between u_cpu/RISC_V_i/microblaze_riscv_0/U0/riscv_core_I/Base.Core/Use_Debug_Logic.Master_Core.Debug_Perf/Performance_Debug_Control.ex_dbg_pc_hit_i_reg/C (clocked by clk_out1_RISC_V_clk_wiz_1_0) and u_cpu/RISC_V_i/microblaze_riscv_0_local_memory/lmb_bram/U0/inst_blk_mem_gen/gnbram.gnative_mem_map_bmg.native_mem_map_blk_mem_gen/valid.cstr/ramloop[7].ram.r/prim_noinit.ram/DEVICE_7SERIES.WITH_BMM_INFO.TRUE_DP.SIMPLE_PRIM36.TDP_SP36_NO_ECC_ATTR.ram/ADDRBWRADDR[1] (clocked by clk_out1_RISC_V_clk_wiz_1_0). Large setup violations at the end of those stages might be difficult to fix during the post-placement implementation flow and could be the result of non-optimal XDC constraints or non-optimal design architecture
Related violations: <none>

TIMING-16#144 Warning
Large setup violation  
There is a large setup violation of -1.817 ns between u_cpu/RISC_V_i/microblaze_riscv_0/U0/riscv_core_I/Base.Core/Use_Debug_Logic.Master_Core.Debug_Perf/Performance_Debug_Control.ex_dbg_pc_hit_i_reg/C (clocked by clk_out1_RISC_V_clk_wiz_1_0) and u_cpu/RISC_V_i/microblaze_riscv_0_local_memory/lmb_bram/U0/inst_blk_mem_gen/gnbram.gnative_mem_map_bmg.native_mem_map_blk_mem_gen/valid.cstr/ramloop[13].ram.r/prim_noinit.ram/DEVICE_7SERIES.WITH_BMM_INFO.TRUE_DP.SIMPLE_PRIM36.TDP_SP36_NO_ECC_ATTR.ram/ADDRBWRADDR[9] (clocked by clk_out1_RISC_V_clk_wiz_1_0). Large setup violations at the end of those stages might be difficult to fix during the post-placement implementation flow and could be the result of non-optimal XDC constraints or non-optimal design architecture
Related violations: <none>

TIMING-16#145 Warning
Large setup violation  
There is a large setup violation of -1.826 ns between u_cpu/RISC_V_i/microblaze_riscv_0/U0/riscv_core_I/Base.Core/Use_Debug_Logic.Master_Core.Debug_Perf/Performance_Debug_Control.ex_dbg_pc_hit_i_reg/C (clocked by clk_out1_RISC_V_clk_wiz_1_0) and u_cpu/RISC_V_i/microblaze_riscv_0_local_memory/lmb_bram/U0/inst_blk_mem_gen/gnbram.gnative_mem_map_bmg.native_mem_map_blk_mem_gen/valid.cstr/ramloop[11].ram.r/prim_noinit.ram/DEVICE_7SERIES.WITH_BMM_INFO.TRUE_DP.SIMPLE_PRIM36.TDP_SP36_NO_ECC_ATTR.ram/ENBWREN (clocked by clk_out1_RISC_V_clk_wiz_1_0). Large setup violations at the end of those stages might be difficult to fix during the post-placement implementation flow and could be the result of non-optimal XDC constraints or non-optimal design architecture
Related violations: <none>

TIMING-16#146 Warning
Large setup violation  
There is a large setup violation of -1.837 ns between u_cpu/RISC_V_i/microblaze_riscv_0/U0/riscv_core_I/Base.Core/Decode_I/PreFetch_Buffer_I/INSTR_BUFFER_I1/cur_data_i_reg[20]/C (clocked by clk_out1_RISC_V_clk_wiz_1_0) and u_cpu/RISC_V_i/microblaze_riscv_0/U0/riscv_core_I/Base.Core/Decode_I/EX_Gen_Bits[10].EX_Instr_Reg_FF/Using_FPGA.Native/CE (clocked by clk_out1_RISC_V_clk_wiz_1_0). Large setup violations at the end of those stages might be difficult to fix during the post-placement implementation flow and could be the result of non-optimal XDC constraints or non-optimal design architecture
Related violations: <none>

TIMING-16#147 Warning
Large setup violation  
There is a large setup violation of -1.837 ns between u_cpu/RISC_V_i/microblaze_riscv_0/U0/riscv_core_I/Base.Core/Decode_I/PreFetch_Buffer_I/INSTR_BUFFER_I1/cur_data_i_reg[20]/C (clocked by clk_out1_RISC_V_clk_wiz_1_0) and u_cpu/RISC_V_i/microblaze_riscv_0/U0/riscv_core_I/Base.Core/Decode_I/EX_Gen_Bits[11].EX_Instr_Reg_FF/Using_FPGA.Native/CE (clocked by clk_out1_RISC_V_clk_wiz_1_0). Large setup violations at the end of those stages might be difficult to fix during the post-placement implementation flow and could be the result of non-optimal XDC constraints or non-optimal design architecture
Related violations: <none>

TIMING-16#148 Warning
Large setup violation  
There is a large setup violation of -1.837 ns between u_cpu/RISC_V_i/microblaze_riscv_0/U0/riscv_core_I/Base.Core/Decode_I/PreFetch_Buffer_I/INSTR_BUFFER_I1/cur_data_i_reg[20]/C (clocked by clk_out1_RISC_V_clk_wiz_1_0) and u_cpu/RISC_V_i/microblaze_riscv_0/U0/riscv_core_I/Base.Core/Decode_I/EX_Gen_Bits[1].EX_Instr_Reg_FF/Using_FPGA.Native/CE (clocked by clk_out1_RISC_V_clk_wiz_1_0). Large setup violations at the end of those stages might be difficult to fix during the post-placement implementation flow and could be the result of non-optimal XDC constraints or non-optimal design architecture
Related violations: <none>

TIMING-16#149 Warning
Large setup violation  
There is a large setup violation of -1.837 ns between u_cpu/RISC_V_i/microblaze_riscv_0/U0/riscv_core_I/Base.Core/Decode_I/PreFetch_Buffer_I/INSTR_BUFFER_I1/cur_data_i_reg[20]/C (clocked by clk_out1_RISC_V_clk_wiz_1_0) and u_cpu/RISC_V_i/microblaze_riscv_0/U0/riscv_core_I/Base.Core/Decode_I/EX_Gen_Bits[8].EX_Instr_Reg_FF/Using_FPGA.Native/CE (clocked by clk_out1_RISC_V_clk_wiz_1_0). Large setup violations at the end of those stages might be difficult to fix during the post-placement implementation flow and could be the result of non-optimal XDC constraints or non-optimal design architecture
Related violations: <none>

TIMING-16#150 Warning
Large setup violation  
There is a large setup violation of -1.841 ns between u_cpu/RISC_V_i/microblaze_riscv_0/U0/riscv_core_I/Base.Core/Decode_I/PreFetch_Buffer_I/INSTR_BUFFER_I1/cur_data_i_reg[20]/C (clocked by clk_out1_RISC_V_clk_wiz_1_0) and u_cpu/RISC_V_i/microblaze_riscv_0/U0/riscv_core_I/Base.Core/Decode_I/PreFetch_Buffer_I/INSTR_BUFFER_I1/Generating_Control_Logic.Using_FPGA.Gen_Mux_Select_LUT6[2].Gen_Sel_DFF/Using_FPGA.Native/D (clocked by clk_out1_RISC_V_clk_wiz_1_0). Large setup violations at the end of those stages might be difficult to fix during the post-placement implementation flow and could be the result of non-optimal XDC constraints or non-optimal design architecture
Related violations: <none>

TIMING-16#151 Warning
Large setup violation  
There is a large setup violation of -1.845 ns between u_cpu/RISC_V_i/microblaze_riscv_0/U0/riscv_core_I/Base.Core/Use_Debug_Logic.Master_Core.Debug_Perf/Performance_Debug_Control.ex_dbg_pc_hit_i_reg/C (clocked by clk_out1_RISC_V_clk_wiz_1_0) and u_cpu/RISC_V_i/microblaze_riscv_0_local_memory/lmb_bram/U0/inst_blk_mem_gen/gnbram.gnative_mem_map_bmg.native_mem_map_blk_mem_gen/valid.cstr/ramloop[5].ram.r/prim_noinit.ram/DEVICE_7SERIES.WITH_BMM_INFO.TRUE_DP.SIMPLE_PRIM36.TDP_SP36_NO_ECC_ATTR.ram/ADDRBWRADDR[10] (clocked by clk_out1_RISC_V_clk_wiz_1_0). Large setup violations at the end of those stages might be difficult to fix during the post-placement implementation flow and could be the result of non-optimal XDC constraints or non-optimal design architecture
Related violations: <none>

TIMING-16#152 Warning
Large setup violation  
There is a large setup violation of -1.847 ns between u_cpu/RISC_V_i/microblaze_riscv_0/U0/riscv_core_I/Base.Core/Decode_I/PreFetch_Buffer_I/INSTR_BUFFER_I1/cur_data_i_reg[20]/C (clocked by clk_out1_RISC_V_clk_wiz_1_0) and u_cpu/RISC_V_i/microblaze_riscv_0/U0/riscv_core_I/Base.Core/Data_Flow_I/Operand_Select_I/EX_Op1_reg[7]/CE (clocked by clk_out1_RISC_V_clk_wiz_1_0). Large setup violations at the end of those stages might be difficult to fix during the post-placement implementation flow and could be the result of non-optimal XDC constraints or non-optimal design architecture
Related violations: <none>

TIMING-16#153 Warning
Large setup violation  
There is a large setup violation of -1.847 ns between u_cpu/RISC_V_i/microblaze_riscv_0/U0/riscv_core_I/Base.Core/Decode_I/PreFetch_Buffer_I/INSTR_BUFFER_I1/cur_data_i_reg[20]/C (clocked by clk_out1_RISC_V_clk_wiz_1_0) and u_cpu/RISC_V_i/microblaze_riscv_0/U0/riscv_core_I/Base.Core/Data_Flow_I/Operand_Select_I/EX_Op2_reg[7]/CE (clocked by clk_out1_RISC_V_clk_wiz_1_0). Large setup violations at the end of those stages might be difficult to fix during the post-placement implementation flow and could be the result of non-optimal XDC constraints or non-optimal design architecture
Related violations: <none>

TIMING-16#154 Warning
Large setup violation  
There is a large setup violation of -1.852 ns between u_cpu/RISC_V_i/microblaze_riscv_0/U0/riscv_core_I/Base.Core/Use_Debug_Logic.Master_Core.Debug_Perf/Performance_Debug_Control.ex_dbg_pc_hit_i_reg/C (clocked by clk_out1_RISC_V_clk_wiz_1_0) and u_cpu/RISC_V_i/microblaze_riscv_0_local_memory/lmb_bram/U0/inst_blk_mem_gen/gnbram.gnative_mem_map_bmg.native_mem_map_blk_mem_gen/valid.cstr/ramloop[7].ram.r/prim_noinit.ram/DEVICE_7SERIES.WITH_BMM_INFO.TRUE_DP.SIMPLE_PRIM36.TDP_SP36_NO_ECC_ATTR.ram/ADDRBWRADDR[4] (clocked by clk_out1_RISC_V_clk_wiz_1_0). Large setup violations at the end of those stages might be difficult to fix during the post-placement implementation flow and could be the result of non-optimal XDC constraints or non-optimal design architecture
Related violations: <none>

TIMING-16#155 Warning
Large setup violation  
There is a large setup violation of -1.870 ns between u_cpu/RISC_V_i/microblaze_riscv_0/U0/riscv_core_I/Base.Core/Decode_I/PreFetch_Buffer_I/INSTR_BUFFER_I1/cur_data_i_reg[20]/C (clocked by clk_out1_RISC_V_clk_wiz_1_0) and u_cpu/RISC_V_i/microblaze_riscv_0/U0/riscv_core_I/Base.Core/Decode_I/EX_Gen_Bits[15].EX_Instr_Reg_FF/Using_FPGA.Native/CE (clocked by clk_out1_RISC_V_clk_wiz_1_0). Large setup violations at the end of those stages might be difficult to fix during the post-placement implementation flow and could be the result of non-optimal XDC constraints or non-optimal design architecture
Related violations: <none>

TIMING-16#156 Warning
Large setup violation  
There is a large setup violation of -1.870 ns between u_cpu/RISC_V_i/microblaze_riscv_0/U0/riscv_core_I/Base.Core/Decode_I/PreFetch_Buffer_I/INSTR_BUFFER_I1/cur_data_i_reg[20]/C (clocked by clk_out1_RISC_V_clk_wiz_1_0) and u_cpu/RISC_V_i/microblaze_riscv_0/U0/riscv_core_I/Base.Core/Decode_I/EX_Gen_Bits[4].EX_Instr_Reg_FF/Using_FPGA.Native/CE (clocked by clk_out1_RISC_V_clk_wiz_1_0). Large setup violations at the end of those stages might be difficult to fix during the post-placement implementation flow and could be the result of non-optimal XDC constraints or non-optimal design architecture
Related violations: <none>

TIMING-16#157 Warning
Large setup violation  
There is a large setup violation of -1.871 ns between u_cpu/RISC_V_i/microblaze_riscv_0/U0/riscv_core_I/Base.Core/Decode_I/PreFetch_Buffer_I/INSTR_BUFFER_I1/cur_data_i_reg[20]/C (clocked by clk_out1_RISC_V_clk_wiz_1_0) and u_cpu/RISC_V_i/microblaze_riscv_0/U0/riscv_core_I/Base.Core/Decode_I/EX_Gen_Bits[12].EX_Instr_Reg_FF/Using_FPGA.Native/CE (clocked by clk_out1_RISC_V_clk_wiz_1_0). Large setup violations at the end of those stages might be difficult to fix during the post-placement implementation flow and could be the result of non-optimal XDC constraints or non-optimal design architecture
Related violations: <none>

TIMING-16#158 Warning
Large setup violation  
There is a large setup violation of -1.871 ns between u_cpu/RISC_V_i/microblaze_riscv_0/U0/riscv_core_I/Base.Core/Decode_I/PreFetch_Buffer_I/INSTR_BUFFER_I1/cur_data_i_reg[20]/C (clocked by clk_out1_RISC_V_clk_wiz_1_0) and u_cpu/RISC_V_i/microblaze_riscv_0/U0/riscv_core_I/Base.Core/Decode_I/EX_Gen_Bits[7].EX_Instr_Reg_FF/Using_FPGA.Native/CE (clocked by clk_out1_RISC_V_clk_wiz_1_0). Large setup violations at the end of those stages might be difficult to fix during the post-placement implementation flow and could be the result of non-optimal XDC constraints or non-optimal design architecture
Related violations: <none>

TIMING-16#159 Warning
Large setup violation  
There is a large setup violation of -1.874 ns between u_cpu/RISC_V_i/microblaze_riscv_0/U0/riscv_core_I/Base.Core/Use_Debug_Logic.Master_Core.Debug_Perf/Performance_Debug_Control.ex_dbg_pc_hit_i_reg/C (clocked by clk_out1_RISC_V_clk_wiz_1_0) and u_cpu/RISC_V_i/microblaze_riscv_0_local_memory/lmb_bram/U0/inst_blk_mem_gen/gnbram.gnative_mem_map_bmg.native_mem_map_blk_mem_gen/valid.cstr/ramloop[7].ram.r/prim_noinit.ram/DEVICE_7SERIES.WITH_BMM_INFO.TRUE_DP.SIMPLE_PRIM36.TDP_SP36_NO_ECC_ATTR.ram/ADDRBWRADDR[7] (clocked by clk_out1_RISC_V_clk_wiz_1_0). Large setup violations at the end of those stages might be difficult to fix during the post-placement implementation flow and could be the result of non-optimal XDC constraints or non-optimal design architecture
Related violations: <none>

TIMING-16#160 Warning
Large setup violation  
There is a large setup violation of -1.875 ns between u_cpu/RISC_V_i/microblaze_riscv_0/U0/riscv_core_I/Base.Core/Decode_I/PreFetch_Buffer_I/INSTR_BUFFER_I1/cur_data_i_reg[20]/C (clocked by clk_out1_RISC_V_clk_wiz_1_0) and u_cpu/RISC_V_i/microblaze_riscv_0/U0/riscv_core_I/Base.Core/Decode_I/PC_Module_I/Instruction_Prefetch_Mux[28].Gen_Instr_DFF/Using_FPGA.Native/D (clocked by clk_out1_RISC_V_clk_wiz_1_0). Large setup violations at the end of those stages might be difficult to fix during the post-placement implementation flow and could be the result of non-optimal XDC constraints or non-optimal design architecture
Related violations: <none>

TIMING-16#161 Warning
Large setup violation  
There is a large setup violation of -1.886 ns between u_cpu/RISC_V_i/microblaze_riscv_0/U0/riscv_core_I/Base.Core/Decode_I/PreFetch_Buffer_I/INSTR_BUFFER_I1/cur_data_i_reg[20]/C (clocked by clk_out1_RISC_V_clk_wiz_1_0) and u_cpu/RISC_V_i/microblaze_riscv_0/U0/riscv_core_I/Base.Core/Decode_I/OF_Sel_CSR_reg[dcsr]/R (clocked by clk_out1_RISC_V_clk_wiz_1_0). Large setup violations at the end of those stages might be difficult to fix during the post-placement implementation flow and could be the result of non-optimal XDC constraints or non-optimal design architecture
Related violations: <none>

TIMING-16#162 Warning
Large setup violation  
There is a large setup violation of -1.886 ns between u_cpu/RISC_V_i/microblaze_riscv_0/U0/riscv_core_I/Base.Core/Decode_I/PreFetch_Buffer_I/INSTR_BUFFER_I1/cur_data_i_reg[20]/C (clocked by clk_out1_RISC_V_clk_wiz_1_0) and u_cpu/RISC_V_i/microblaze_riscv_0/U0/riscv_core_I/Base.Core/Decode_I/OF_Sel_CSR_reg[dpc]/R (clocked by clk_out1_RISC_V_clk_wiz_1_0). Large setup violations at the end of those stages might be difficult to fix during the post-placement implementation flow and could be the result of non-optimal XDC constraints or non-optimal design architecture
Related violations: <none>

TIMING-16#163 Warning
Large setup violation  
There is a large setup violation of -1.909 ns between u_cpu/RISC_V_i/microblaze_riscv_0/U0/riscv_core_I/Base.Core/Decode_I/PreFetch_Buffer_I/INSTR_BUFFER_I1/cur_data_i_reg[20]/C (clocked by clk_out1_RISC_V_clk_wiz_1_0) and u_cpu/RISC_V_i/microblaze_riscv_0/U0/riscv_core_I/Base.Core/Data_Flow_I/Operand_Select_I/ex_imm_not_4_reg[27]/CE (clocked by clk_out1_RISC_V_clk_wiz_1_0). Large setup violations at the end of those stages might be difficult to fix during the post-placement implementation flow and could be the result of non-optimal XDC constraints or non-optimal design architecture
Related violations: <none>

TIMING-16#164 Warning
Large setup violation  
There is a large setup violation of -1.909 ns between u_cpu/RISC_V_i/microblaze_riscv_0/U0/riscv_core_I/Base.Core/Decode_I/PreFetch_Buffer_I/INSTR_BUFFER_I1/cur_data_i_reg[20]/C (clocked by clk_out1_RISC_V_clk_wiz_1_0) and u_cpu/RISC_V_i/microblaze_riscv_0/U0/riscv_core_I/Base.Core/Data_Flow_I/Operand_Select_I/ex_imm_not_4_reg[30]/CE (clocked by clk_out1_RISC_V_clk_wiz_1_0). Large setup violations at the end of those stages might be difficult to fix during the post-placement implementation flow and could be the result of non-optimal XDC constraints or non-optimal design architecture
Related violations: <none>

TIMING-16#165 Warning
Large setup violation  
There is a large setup violation of -1.914 ns between u_cpu/RISC_V_i/microblaze_riscv_0/U0/riscv_core_I/Base.Core/Decode_I/PreFetch_Buffer_I/INSTR_BUFFER_I1/cur_data_i_reg[20]/C (clocked by clk_out1_RISC_V_clk_wiz_1_0) and u_cpu/RISC_V_i/microblaze_riscv_0/U0/riscv_core_I/Base.Core/Decode_I/PC_Module_I/Instruction_Prefetch_Mux[18].Gen_Instr_DFF/Using_FPGA.Native/D (clocked by clk_out1_RISC_V_clk_wiz_1_0). Large setup violations at the end of those stages might be difficult to fix during the post-placement implementation flow and could be the result of non-optimal XDC constraints or non-optimal design architecture
Related violations: <none>

TIMING-16#166 Warning
Large setup violation  
There is a large setup violation of -1.952 ns between u_cpu/RISC_V_i/microblaze_riscv_0/U0/riscv_core_I/Base.Core/Use_Debug_Logic.Master_Core.Debug_Perf/Performance_Debug_Control.ex_dbg_pc_hit_i_reg/C (clocked by clk_out1_RISC_V_clk_wiz_1_0) and u_cpu/RISC_V_i/microblaze_riscv_0_local_memory/lmb_bram/U0/inst_blk_mem_gen/gnbram.gnative_mem_map_bmg.native_mem_map_blk_mem_gen/valid.cstr/ramloop[1].ram.r/prim_noinit.ram/DEVICE_7SERIES.WITH_BMM_INFO.TRUE_DP.SIMPLE_PRIM36.TDP_SP36_NO_ECC_ATTR.ram/ADDRBWRADDR[11] (clocked by clk_out1_RISC_V_clk_wiz_1_0). Large setup violations at the end of those stages might be difficult to fix during the post-placement implementation flow and could be the result of non-optimal XDC constraints or non-optimal design architecture
Related violations: <none>

TIMING-16#167 Warning
Large setup violation  
There is a large setup violation of -1.980 ns between u_cpu/RISC_V_i/microblaze_riscv_0/U0/riscv_core_I/Base.Core/Decode_I/PreFetch_Buffer_I/INSTR_BUFFER_I1/cur_data_i_reg[20]/C (clocked by clk_out1_RISC_V_clk_wiz_1_0) and u_cpu/RISC_V_i/microblaze_riscv_0/U0/riscv_core_I/Base.Core/Decode_I/PC_Module_I/Instruction_Prefetch_Mux[17].Gen_Instr_DFF/Using_FPGA.Native/D (clocked by clk_out1_RISC_V_clk_wiz_1_0). Large setup violations at the end of those stages might be difficult to fix during the post-placement implementation flow and could be the result of non-optimal XDC constraints or non-optimal design architecture
Related violations: <none>

TIMING-16#168 Warning
Large setup violation  
There is a large setup violation of -1.983 ns between u_cpu/RISC_V_i/microblaze_riscv_0/U0/riscv_core_I/Base.Core/Decode_I/PreFetch_Buffer_I/INSTR_BUFFER_I1/cur_data_i_reg[20]/C (clocked by clk_out1_RISC_V_clk_wiz_1_0) and u_cpu/RISC_V_i/microblaze_riscv_0/U0/riscv_core_I/Base.Core/Decode_I/ex_is_bs_instr_I_reg/CE (clocked by clk_out1_RISC_V_clk_wiz_1_0). Large setup violations at the end of those stages might be difficult to fix during the post-placement implementation flow and could be the result of non-optimal XDC constraints or non-optimal design architecture
Related violations: <none>

TIMING-16#169 Warning
Large setup violation  
There is a large setup violation of -1.984 ns between u_cpu/RISC_V_i/microblaze_riscv_0/U0/riscv_core_I/Base.Core/Decode_I/PreFetch_Buffer_I/INSTR_BUFFER_I1/cur_data_i_reg[20]/C (clocked by clk_out1_RISC_V_clk_wiz_1_0) and u_cpu/RISC_V_i/microblaze_riscv_0/U0/riscv_core_I/Base.Core/Decode_I/EX_Left_Shift_reg/CE (clocked by clk_out1_RISC_V_clk_wiz_1_0). Large setup violations at the end of those stages might be difficult to fix during the post-placement implementation flow and could be the result of non-optimal XDC constraints or non-optimal design architecture
Related violations: <none>

TIMING-16#170 Warning
Large setup violation  
There is a large setup violation of -1.984 ns between u_cpu/RISC_V_i/microblaze_riscv_0/U0/riscv_core_I/Base.Core/Decode_I/PreFetch_Buffer_I/INSTR_BUFFER_I1/cur_data_i_reg[20]/C (clocked by clk_out1_RISC_V_clk_wiz_1_0) and u_cpu/RISC_V_i/microblaze_riscv_0/U0/riscv_core_I/Base.Core/Decode_I/Using_FPGA_2.ex_signed_access_Inst/Using_FPGA.Native/CE (clocked by clk_out1_RISC_V_clk_wiz_1_0). Large setup violations at the end of those stages might be difficult to fix during the post-placement implementation flow and could be the result of non-optimal XDC constraints or non-optimal design architecture
Related violations: <none>

TIMING-16#171 Warning
Large setup violation  
There is a large setup violation of -1.988 ns between u_cpu/RISC_V_i/microblaze_riscv_0/U0/riscv_core_I/Base.Core/Data_Flow_I/Operand_Select_I/EX_Op1_reg[31]/C (clocked by clk_out1_RISC_V_clk_wiz_1_0) and u_cpu/RISC_V_i/microblaze_riscv_0_local_memory/lmb_bram/U0/inst_blk_mem_gen/gnbram.gnative_mem_map_bmg.native_mem_map_blk_mem_gen/valid.cstr/ramloop[11].ram.r/prim_noinit.ram/DEVICE_7SERIES.WITH_BMM_INFO.TRUE_DP.SIMPLE_PRIM36.TDP_SP36_NO_ECC_ATTR.ram/ENARDEN (clocked by clk_out1_RISC_V_clk_wiz_1_0). Large setup violations at the end of those stages might be difficult to fix during the post-placement implementation flow and could be the result of non-optimal XDC constraints or non-optimal design architecture
Related violations: <none>

TIMING-16#172 Warning
Large setup violation  
There is a large setup violation of -1.994 ns between u_cpu/RISC_V_i/microblaze_riscv_0/U0/riscv_core_I/Base.Core/Decode_I/PreFetch_Buffer_I/INSTR_BUFFER_I1/cur_data_i_reg[20]/C (clocked by clk_out1_RISC_V_clk_wiz_1_0) and u_cpu/RISC_V_i/microblaze_riscv_0/U0/riscv_core_I/Base.Core/Decode_I/OF_Sel_CSR_reg[mcause]/R (clocked by clk_out1_RISC_V_clk_wiz_1_0). Large setup violations at the end of those stages might be difficult to fix during the post-placement implementation flow and could be the result of non-optimal XDC constraints or non-optimal design architecture
Related violations: <none>

TIMING-16#173 Warning
Large setup violation  
There is a large setup violation of -1.994 ns between u_cpu/RISC_V_i/microblaze_riscv_0/U0/riscv_core_I/Base.Core/Decode_I/PreFetch_Buffer_I/INSTR_BUFFER_I1/cur_data_i_reg[20]/C (clocked by clk_out1_RISC_V_clk_wiz_1_0) and u_cpu/RISC_V_i/microblaze_riscv_0/U0/riscv_core_I/Base.Core/Decode_I/OF_Sel_CSR_reg[misa]/R (clocked by clk_out1_RISC_V_clk_wiz_1_0). Large setup violations at the end of those stages might be difficult to fix during the post-placement implementation flow and could be the result of non-optimal XDC constraints or non-optimal design architecture
Related violations: <none>

TIMING-16#174 Warning
Large setup violation  
There is a large setup violation of -1.994 ns between u_cpu/RISC_V_i/microblaze_riscv_0/U0/riscv_core_I/Base.Core/Decode_I/PreFetch_Buffer_I/INSTR_BUFFER_I1/cur_data_i_reg[20]/C (clocked by clk_out1_RISC_V_clk_wiz_1_0) and u_cpu/RISC_V_i/microblaze_riscv_0/U0/riscv_core_I/Base.Core/Decode_I/OF_Sel_CSR_reg[mtval]/R (clocked by clk_out1_RISC_V_clk_wiz_1_0). Large setup violations at the end of those stages might be difficult to fix during the post-placement implementation flow and could be the result of non-optimal XDC constraints or non-optimal design architecture
Related violations: <none>

TIMING-16#175 Warning
Large setup violation  
There is a large setup violation of -1.994 ns between u_cpu/RISC_V_i/microblaze_riscv_0/U0/riscv_core_I/Base.Core/Decode_I/PreFetch_Buffer_I/INSTR_BUFFER_I1/cur_data_i_reg[20]/C (clocked by clk_out1_RISC_V_clk_wiz_1_0) and u_cpu/RISC_V_i/microblaze_riscv_0/U0/riscv_core_I/Base.Core/Decode_I/OF_Sel_CSR_reg[mtvec]/R (clocked by clk_out1_RISC_V_clk_wiz_1_0). Large setup violations at the end of those stages might be difficult to fix during the post-placement implementation flow and could be the result of non-optimal XDC constraints or non-optimal design architecture
Related violations: <none>

TIMING-16#176 Warning
Large setup violation  
There is a large setup violation of -2.016 ns between u_cpu/RISC_V_i/microblaze_riscv_0/U0/riscv_core_I/Base.Core/Use_Debug_Logic.Master_Core.Debug_Perf/Performance_Debug_Control.ex_dbg_pc_hit_i_reg/C (clocked by clk_out1_RISC_V_clk_wiz_1_0) and u_cpu/RISC_V_i/microblaze_riscv_0_local_memory/lmb_bram/U0/inst_blk_mem_gen/gnbram.gnative_mem_map_bmg.native_mem_map_blk_mem_gen/valid.cstr/ramloop[13].ram.r/prim_noinit.ram/DEVICE_7SERIES.WITH_BMM_INFO.TRUE_DP.SIMPLE_PRIM36.TDP_SP36_NO_ECC_ATTR.ram/ADDRBWRADDR[5] (clocked by clk_out1_RISC_V_clk_wiz_1_0). Large setup violations at the end of those stages might be difficult to fix during the post-placement implementation flow and could be the result of non-optimal XDC constraints or non-optimal design architecture
Related violations: <none>

TIMING-16#177 Warning
Large setup violation  
There is a large setup violation of -2.030 ns between u_cpu/RISC_V_i/microblaze_riscv_0/U0/riscv_core_I/Base.Core/Decode_I/PreFetch_Buffer_I/INSTR_BUFFER_I1/cur_data_i_reg[20]/C (clocked by clk_out1_RISC_V_clk_wiz_1_0) and u_cpu/RISC_V_i/microblaze_riscv_0/U0/riscv_core_I/Base.Core/Data_Flow_I/Operand_Select_I/EX_Op1_reg[14]/CE (clocked by clk_out1_RISC_V_clk_wiz_1_0). Large setup violations at the end of those stages might be difficult to fix during the post-placement implementation flow and could be the result of non-optimal XDC constraints or non-optimal design architecture
Related violations: <none>

TIMING-16#178 Warning
Large setup violation  
There is a large setup violation of -2.030 ns between u_cpu/RISC_V_i/microblaze_riscv_0/U0/riscv_core_I/Base.Core/Decode_I/PreFetch_Buffer_I/INSTR_BUFFER_I1/cur_data_i_reg[20]/C (clocked by clk_out1_RISC_V_clk_wiz_1_0) and u_cpu/RISC_V_i/microblaze_riscv_0/U0/riscv_core_I/Base.Core/Data_Flow_I/Operand_Select_I/EX_Op1_reg[8]/CE (clocked by clk_out1_RISC_V_clk_wiz_1_0). Large setup violations at the end of those stages might be difficult to fix during the post-placement implementation flow and could be the result of non-optimal XDC constraints or non-optimal design architecture
Related violations: <none>

TIMING-16#179 Warning
Large setup violation  
There is a large setup violation of -2.030 ns between u_cpu/RISC_V_i/microblaze_riscv_0/U0/riscv_core_I/Base.Core/Decode_I/PreFetch_Buffer_I/INSTR_BUFFER_I1/cur_data_i_reg[20]/C (clocked by clk_out1_RISC_V_clk_wiz_1_0) and u_cpu/RISC_V_i/microblaze_riscv_0/U0/riscv_core_I/Base.Core/Data_Flow_I/Operand_Select_I/EX_Op2_reg[14]/CE (clocked by clk_out1_RISC_V_clk_wiz_1_0). Large setup violations at the end of those stages might be difficult to fix during the post-placement implementation flow and could be the result of non-optimal XDC constraints or non-optimal design architecture
Related violations: <none>

TIMING-16#180 Warning
Large setup violation  
There is a large setup violation of -2.030 ns between u_cpu/RISC_V_i/microblaze_riscv_0/U0/riscv_core_I/Base.Core/Decode_I/PreFetch_Buffer_I/INSTR_BUFFER_I1/cur_data_i_reg[20]/C (clocked by clk_out1_RISC_V_clk_wiz_1_0) and u_cpu/RISC_V_i/microblaze_riscv_0/U0/riscv_core_I/Base.Core/Data_Flow_I/Operand_Select_I/EX_Op2_reg[15]/CE (clocked by clk_out1_RISC_V_clk_wiz_1_0). Large setup violations at the end of those stages might be difficult to fix during the post-placement implementation flow and could be the result of non-optimal XDC constraints or non-optimal design architecture
Related violations: <none>

TIMING-16#181 Warning
Large setup violation  
There is a large setup violation of -2.030 ns between u_cpu/RISC_V_i/microblaze_riscv_0/U0/riscv_core_I/Base.Core/Decode_I/PreFetch_Buffer_I/INSTR_BUFFER_I1/cur_data_i_reg[20]/C (clocked by clk_out1_RISC_V_clk_wiz_1_0) and u_cpu/RISC_V_i/microblaze_riscv_0/U0/riscv_core_I/Base.Core/Decode_I/EX_Gen_Bits[3].EX_Instr_Reg_FF/Using_FPGA.Native/CE (clocked by clk_out1_RISC_V_clk_wiz_1_0). Large setup violations at the end of those stages might be difficult to fix during the post-placement implementation flow and could be the result of non-optimal XDC constraints or non-optimal design architecture
Related violations: <none>

TIMING-16#182 Warning
Large setup violation  
There is a large setup violation of -2.038 ns between u_cpu/RISC_V_i/microblaze_riscv_0/U0/riscv_core_I/Base.Core/Decode_I/PreFetch_Buffer_I/INSTR_BUFFER_I1/cur_data_i_reg[20]/C (clocked by clk_out1_RISC_V_clk_wiz_1_0) and u_cpu/RISC_V_i/microblaze_riscv_0/U0/riscv_core_I/Base.Core/Decode_I/PreFetch_Buffer_I/INSTR_BUFFER_I1/Generating_Control_Logic.Using_FPGA.OF_Valid_DFF/Using_FPGA.Native/D (clocked by clk_out1_RISC_V_clk_wiz_1_0). Large setup violations at the end of those stages might be difficult to fix during the post-placement implementation flow and could be the result of non-optimal XDC constraints or non-optimal design architecture
Related violations: <none>

TIMING-16#183 Warning
Large setup violation  
There is a large setup violation of -2.049 ns between u_cpu/RISC_V_i/microblaze_riscv_0/U0/riscv_core_I/Base.Core/Use_Debug_Logic.Master_Core.Debug_Perf/Performance_Debug_Control.ex_dbg_pc_hit_i_reg/C (clocked by clk_out1_RISC_V_clk_wiz_1_0) and u_cpu/RISC_V_i/microblaze_riscv_0_local_memory/lmb_bram/U0/inst_blk_mem_gen/gnbram.gnative_mem_map_bmg.native_mem_map_blk_mem_gen/valid.cstr/ramloop[13].ram.r/prim_noinit.ram/DEVICE_7SERIES.WITH_BMM_INFO.TRUE_DP.SIMPLE_PRIM36.TDP_SP36_NO_ECC_ATTR.ram/ADDRBWRADDR[6] (clocked by clk_out1_RISC_V_clk_wiz_1_0). Large setup violations at the end of those stages might be difficult to fix during the post-placement implementation flow and could be the result of non-optimal XDC constraints or non-optimal design architecture
Related violations: <none>

TIMING-16#184 Warning
Large setup violation  
There is a large setup violation of -2.067 ns between u_cpu/RISC_V_i/microblaze_riscv_0/U0/riscv_core_I/Base.Core/Decode_I/PreFetch_Buffer_I/INSTR_BUFFER_I1/cur_data_i_reg[20]/C (clocked by clk_out1_RISC_V_clk_wiz_1_0) and u_cpu/RISC_V_i/microblaze_riscv_0/U0/riscv_core_I/Base.Core/Decode_I/PC_Module_I/Instruction_Prefetch_Mux[22].Gen_Instr_DFF/Using_FPGA.Native/D (clocked by clk_out1_RISC_V_clk_wiz_1_0). Large setup violations at the end of those stages might be difficult to fix during the post-placement implementation flow and could be the result of non-optimal XDC constraints or non-optimal design architecture
Related violations: <none>

TIMING-16#185 Warning
Large setup violation  
There is a large setup violation of -2.067 ns between u_cpu/RISC_V_i/microblaze_riscv_0/U0/riscv_core_I/Base.Core/Decode_I/PreFetch_Buffer_I/INSTR_BUFFER_I1/cur_data_i_reg[20]/C (clocked by clk_out1_RISC_V_clk_wiz_1_0) and u_cpu/RISC_V_i/microblaze_riscv_0/U0/riscv_core_I/Base.Core/Decode_I/PC_Module_I/Instruction_Prefetch_Mux[27].Gen_Instr_DFF/Using_FPGA.Native/D (clocked by clk_out1_RISC_V_clk_wiz_1_0). Large setup violations at the end of those stages might be difficult to fix during the post-placement implementation flow and could be the result of non-optimal XDC constraints or non-optimal design architecture
Related violations: <none>

TIMING-16#186 Warning
Large setup violation  
There is a large setup violation of -2.071 ns between u_cpu/RISC_V_i/microblaze_riscv_0/U0/riscv_core_I/Base.Core/Use_Debug_Logic.Master_Core.Debug_Perf/Performance_Debug_Control.ex_dbg_pc_hit_i_reg/C (clocked by clk_out1_RISC_V_clk_wiz_1_0) and u_cpu/RISC_V_i/microblaze_riscv_0_local_memory/lmb_bram/U0/inst_blk_mem_gen/gnbram.gnative_mem_map_bmg.native_mem_map_blk_mem_gen/valid.cstr/ramloop[7].ram.r/prim_noinit.ram/DEVICE_7SERIES.WITH_BMM_INFO.TRUE_DP.SIMPLE_PRIM36.TDP_SP36_NO_ECC_ATTR.ram/ADDRBWRADDR[13] (clocked by clk_out1_RISC_V_clk_wiz_1_0). Large setup violations at the end of those stages might be difficult to fix during the post-placement implementation flow and could be the result of non-optimal XDC constraints or non-optimal design architecture
Related violations: <none>

TIMING-16#187 Warning
Large setup violation  
There is a large setup violation of -2.092 ns between u_cpu/RISC_V_i/microblaze_riscv_0/U0/riscv_core_I/Base.Core/Decode_I/PreFetch_Buffer_I/INSTR_BUFFER_I1/cur_data_i_reg[20]/C (clocked by clk_out1_RISC_V_clk_wiz_1_0) and u_cpu/RISC_V_i/microblaze_riscv_0/U0/riscv_core_I/Base.Core/Data_Flow_I/Operand_Select_I/EX_Op1_reg[30]/CE (clocked by clk_out1_RISC_V_clk_wiz_1_0). Large setup violations at the end of those stages might be difficult to fix during the post-placement implementation flow and could be the result of non-optimal XDC constraints or non-optimal design architecture
Related violations: <none>

TIMING-16#188 Warning
Large setup violation  
There is a large setup violation of -2.092 ns between u_cpu/RISC_V_i/microblaze_riscv_0/U0/riscv_core_I/Base.Core/Decode_I/PreFetch_Buffer_I/INSTR_BUFFER_I1/cur_data_i_reg[20]/C (clocked by clk_out1_RISC_V_clk_wiz_1_0) and u_cpu/RISC_V_i/microblaze_riscv_0/U0/riscv_core_I/Base.Core/Data_Flow_I/Operand_Select_I/EX_Op2_reg[30]/CE (clocked by clk_out1_RISC_V_clk_wiz_1_0). Large setup violations at the end of those stages might be difficult to fix during the post-placement implementation flow and could be the result of non-optimal XDC constraints or non-optimal design architecture
Related violations: <none>

TIMING-16#189 Warning
Large setup violation  
There is a large setup violation of -2.099 ns between u_cpu/RISC_V_i/microblaze_riscv_0/U0/riscv_core_I/Base.Core/Decode_I/PreFetch_Buffer_I/INSTR_BUFFER_I1/cur_data_i_reg[20]/C (clocked by clk_out1_RISC_V_clk_wiz_1_0) and u_cpu/RISC_V_i/microblaze_riscv_0/U0/riscv_core_I/Base.Core/Use_Debug_Logic.Master_Core.Debug_Perf/Performance_Debug_Control.ex_dbg_pc_hit_i_reg/D (clocked by clk_out1_RISC_V_clk_wiz_1_0). Large setup violations at the end of those stages might be difficult to fix during the post-placement implementation flow and could be the result of non-optimal XDC constraints or non-optimal design architecture
Related violations: <none>

TIMING-16#190 Warning
Large setup violation  
There is a large setup violation of -2.111 ns between u_cpu/RISC_V_i/microblaze_riscv_0/U0/riscv_core_I/Base.Core/Decode_I/PreFetch_Buffer_I/INSTR_BUFFER_I1/cur_data_i_reg[20]/C (clocked by clk_out1_RISC_V_clk_wiz_1_0) and u_cpu/RISC_V_i/microblaze_riscv_0/U0/riscv_core_I/Base.Core/Data_Flow_I/Operand_Select_I/EX_Op1_reg[28]/CE (clocked by clk_out1_RISC_V_clk_wiz_1_0). Large setup violations at the end of those stages might be difficult to fix during the post-placement implementation flow and could be the result of non-optimal XDC constraints or non-optimal design architecture
Related violations: <none>

TIMING-16#191 Warning
Large setup violation  
There is a large setup violation of -2.111 ns between u_cpu/RISC_V_i/microblaze_riscv_0/U0/riscv_core_I/Base.Core/Decode_I/PreFetch_Buffer_I/INSTR_BUFFER_I1/cur_data_i_reg[20]/C (clocked by clk_out1_RISC_V_clk_wiz_1_0) and u_cpu/RISC_V_i/microblaze_riscv_0/U0/riscv_core_I/Base.Core/Data_Flow_I/Operand_Select_I/EX_Op2_reg[28]/CE (clocked by clk_out1_RISC_V_clk_wiz_1_0). Large setup violations at the end of those stages might be difficult to fix during the post-placement implementation flow and could be the result of non-optimal XDC constraints or non-optimal design architecture
Related violations: <none>

TIMING-16#192 Warning
Large setup violation  
There is a large setup violation of -2.134 ns between u_cpu/RISC_V_i/microblaze_riscv_0/U0/riscv_core_I/Base.Core/Decode_I/PreFetch_Buffer_I/INSTR_BUFFER_I1/cur_data_i_reg[20]/C (clocked by clk_out1_RISC_V_clk_wiz_1_0) and u_cpu/RISC_V_i/microblaze_riscv_0/U0/riscv_core_I/Base.Core/Data_Flow_I/Operand_Select_I/ex_imm_not_4_reg[24]/CE (clocked by clk_out1_RISC_V_clk_wiz_1_0). Large setup violations at the end of those stages might be difficult to fix during the post-placement implementation flow and could be the result of non-optimal XDC constraints or non-optimal design architecture
Related violations: <none>

TIMING-16#193 Warning
Large setup violation  
There is a large setup violation of -2.134 ns between u_cpu/RISC_V_i/microblaze_riscv_0/U0/riscv_core_I/Base.Core/Decode_I/PreFetch_Buffer_I/INSTR_BUFFER_I1/cur_data_i_reg[20]/C (clocked by clk_out1_RISC_V_clk_wiz_1_0) and u_cpu/RISC_V_i/microblaze_riscv_0/U0/riscv_core_I/Base.Core/Data_Flow_I/Operand_Select_I/ex_imm_not_4_reg[25]/CE (clocked by clk_out1_RISC_V_clk_wiz_1_0). Large setup violations at the end of those stages might be difficult to fix during the post-placement implementation flow and could be the result of non-optimal XDC constraints or non-optimal design architecture
Related violations: <none>

TIMING-16#194 Warning
Large setup violation  
There is a large setup violation of -2.134 ns between u_cpu/RISC_V_i/microblaze_riscv_0/U0/riscv_core_I/Base.Core/Decode_I/PreFetch_Buffer_I/INSTR_BUFFER_I1/cur_data_i_reg[20]/C (clocked by clk_out1_RISC_V_clk_wiz_1_0) and u_cpu/RISC_V_i/microblaze_riscv_0/U0/riscv_core_I/Base.Core/Data_Flow_I/Operand_Select_I/ex_imm_not_4_reg[26]/CE (clocked by clk_out1_RISC_V_clk_wiz_1_0). Large setup violations at the end of those stages might be difficult to fix during the post-placement implementation flow and could be the result of non-optimal XDC constraints or non-optimal design architecture
Related violations: <none>

TIMING-16#195 Warning
Large setup violation  
There is a large setup violation of -2.150 ns between u_cpu/RISC_V_i/microblaze_riscv_0/U0/riscv_core_I/Base.Core/Decode_I/PreFetch_Buffer_I/INSTR_BUFFER_I1/cur_data_i_reg[20]/C (clocked by clk_out1_RISC_V_clk_wiz_1_0) and u_cpu/RISC_V_i/microblaze_riscv_0/U0/riscv_core_I/Base.Core/Data_Flow_I/Operand_Select_I/EX_Op1_reg[2]/CE (clocked by clk_out1_RISC_V_clk_wiz_1_0). Large setup violations at the end of those stages might be difficult to fix during the post-placement implementation flow and could be the result of non-optimal XDC constraints or non-optimal design architecture
Related violations: <none>

TIMING-16#196 Warning
Large setup violation  
There is a large setup violation of -2.150 ns between u_cpu/RISC_V_i/microblaze_riscv_0/U0/riscv_core_I/Base.Core/Decode_I/PreFetch_Buffer_I/INSTR_BUFFER_I1/cur_data_i_reg[20]/C (clocked by clk_out1_RISC_V_clk_wiz_1_0) and u_cpu/RISC_V_i/microblaze_riscv_0/U0/riscv_core_I/Base.Core/Data_Flow_I/Operand_Select_I/EX_Op2_reg[2]/CE (clocked by clk_out1_RISC_V_clk_wiz_1_0). Large setup violations at the end of those stages might be difficult to fix during the post-placement implementation flow and could be the result of non-optimal XDC constraints or non-optimal design architecture
Related violations: <none>

TIMING-16#197 Warning
Large setup violation  
There is a large setup violation of -2.152 ns between u_cpu/RISC_V_i/microblaze_riscv_0/U0/riscv_core_I/Base.Core/Decode_I/PreFetch_Buffer_I/INSTR_BUFFER_I1/cur_data_i_reg[20]/C (clocked by clk_out1_RISC_V_clk_wiz_1_0) and u_cpu/RISC_V_i/microblaze_riscv_0/U0/riscv_core_I/Base.Core/Decode_I/PC_Module_I/Instruction_Prefetch_Mux[30].Gen_Instr_DFF/Using_FPGA.Native/D (clocked by clk_out1_RISC_V_clk_wiz_1_0). Large setup violations at the end of those stages might be difficult to fix during the post-placement implementation flow and could be the result of non-optimal XDC constraints or non-optimal design architecture
Related violations: <none>

TIMING-16#198 Warning
Large setup violation  
There is a large setup violation of -2.153 ns between u_cpu/RISC_V_i/microblaze_riscv_0/U0/riscv_core_I/Base.Core/Use_Debug_Logic.Master_Core.Debug_Perf/Performance_Debug_Control.ex_dbg_pc_hit_i_reg/C (clocked by clk_out1_RISC_V_clk_wiz_1_0) and u_cpu/RISC_V_i/microblaze_riscv_0_local_memory/lmb_bram/U0/inst_blk_mem_gen/gnbram.gnative_mem_map_bmg.native_mem_map_blk_mem_gen/valid.cstr/ramloop[8].ram.r/prim_noinit.ram/DEVICE_7SERIES.WITH_BMM_INFO.TRUE_DP.SIMPLE_PRIM36.TDP_SP36_NO_ECC_ATTR.ram/ADDRBWRADDR[1] (clocked by clk_out1_RISC_V_clk_wiz_1_0). Large setup violations at the end of those stages might be difficult to fix during the post-placement implementation flow and could be the result of non-optimal XDC constraints or non-optimal design architecture
Related violations: <none>

TIMING-16#199 Warning
Large setup violation  
There is a large setup violation of -2.180 ns between u_cpu/RISC_V_i/microblaze_riscv_0/U0/riscv_core_I/Base.Core/Use_Debug_Logic.Master_Core.Debug_Perf/Performance_Debug_Control.ex_dbg_pc_hit_i_reg/C (clocked by clk_out1_RISC_V_clk_wiz_1_0) and u_cpu/RISC_V_i/microblaze_riscv_0_local_memory/lmb_bram/U0/inst_blk_mem_gen/gnbram.gnative_mem_map_bmg.native_mem_map_blk_mem_gen/valid.cstr/ramloop[1].ram.r/prim_noinit.ram/DEVICE_7SERIES.WITH_BMM_INFO.TRUE_DP.SIMPLE_PRIM36.TDP_SP36_NO_ECC_ATTR.ram/ADDRBWRADDR[10] (clocked by clk_out1_RISC_V_clk_wiz_1_0). Large setup violations at the end of those stages might be difficult to fix during the post-placement implementation flow and could be the result of non-optimal XDC constraints or non-optimal design architecture
Related violations: <none>

TIMING-16#200 Warning
Large setup violation  
There is a large setup violation of -2.182 ns between u_cpu/RISC_V_i/microblaze_riscv_0/U0/riscv_core_I/Base.Core/Decode_I/PreFetch_Buffer_I/INSTR_BUFFER_I1/cur_data_i_reg[20]/C (clocked by clk_out1_RISC_V_clk_wiz_1_0) and u_cpu/RISC_V_i/microblaze_riscv_0/U0/riscv_core_I/Base.Core/Decode_I/PreFetch_Buffer_I/INSTR_BUFFER_I1/Generating_Control_Logic.Using_FPGA.Last_Sel_DFF/Using_FPGA.Native/D (clocked by clk_out1_RISC_V_clk_wiz_1_0). Large setup violations at the end of those stages might be difficult to fix during the post-placement implementation flow and could be the result of non-optimal XDC constraints or non-optimal design architecture
Related violations: <none>

TIMING-16#201 Warning
Large setup violation  
There is a large setup violation of -2.186 ns between u_cpu/RISC_V_i/microblaze_riscv_0/U0/riscv_core_I/Base.Core/Decode_I/PreFetch_Buffer_I/INSTR_BUFFER_I1/cur_data_i_reg[20]/C (clocked by clk_out1_RISC_V_clk_wiz_1_0) and u_cpu/RISC_V_i/microblaze_riscv_0/U0/riscv_core_I/Base.Core/Decode_I/PC_Module_I/Instruction_Prefetch_Mux[19].Gen_Instr_DFF/Using_FPGA.Native/D (clocked by clk_out1_RISC_V_clk_wiz_1_0). Large setup violations at the end of those stages might be difficult to fix during the post-placement implementation flow and could be the result of non-optimal XDC constraints or non-optimal design architecture
Related violations: <none>

TIMING-16#202 Warning
Large setup violation  
There is a large setup violation of -2.188 ns between u_cpu/RISC_V_i/microblaze_riscv_0/U0/riscv_core_I/Base.Core/Decode_I/PreFetch_Buffer_I/INSTR_BUFFER_I1/cur_data_i_reg[20]/C (clocked by clk_out1_RISC_V_clk_wiz_1_0) and u_cpu/RISC_V_i/microblaze_riscv_0/U0/riscv_core_I/Base.Core/Decode_I/EX_Gen_Bits[13].EX_Instr_Reg_FF/Using_FPGA.Native/CE (clocked by clk_out1_RISC_V_clk_wiz_1_0). Large setup violations at the end of those stages might be difficult to fix during the post-placement implementation flow and could be the result of non-optimal XDC constraints or non-optimal design architecture
Related violations: <none>

TIMING-16#203 Warning
Large setup violation  
There is a large setup violation of -2.188 ns between u_cpu/RISC_V_i/microblaze_riscv_0/U0/riscv_core_I/Base.Core/Decode_I/PreFetch_Buffer_I/INSTR_BUFFER_I1/cur_data_i_reg[20]/C (clocked by clk_out1_RISC_V_clk_wiz_1_0) and u_cpu/RISC_V_i/microblaze_riscv_0/U0/riscv_core_I/Base.Core/Decode_I/EX_Gen_Bits[14].EX_Instr_Reg_FF/Using_FPGA.Native/CE (clocked by clk_out1_RISC_V_clk_wiz_1_0). Large setup violations at the end of those stages might be difficult to fix during the post-placement implementation flow and could be the result of non-optimal XDC constraints or non-optimal design architecture
Related violations: <none>

TIMING-16#204 Warning
Large setup violation  
There is a large setup violation of -2.189 ns between u_cpu/RISC_V_i/microblaze_riscv_0/U0/riscv_core_I/Base.Core/Decode_I/PreFetch_Buffer_I/INSTR_BUFFER_I1/cur_data_i_reg[20]/C (clocked by clk_out1_RISC_V_clk_wiz_1_0) and u_cpu/RISC_V_i/microblaze_riscv_0/U0/riscv_core_I/Base.Core/Data_Flow_I/Operand_Select_I/EX_Op1_reg[13]/CE (clocked by clk_out1_RISC_V_clk_wiz_1_0). Large setup violations at the end of those stages might be difficult to fix during the post-placement implementation flow and could be the result of non-optimal XDC constraints or non-optimal design architecture
Related violations: <none>

TIMING-16#205 Warning
Large setup violation  
There is a large setup violation of -2.189 ns between u_cpu/RISC_V_i/microblaze_riscv_0/U0/riscv_core_I/Base.Core/Decode_I/PreFetch_Buffer_I/INSTR_BUFFER_I1/cur_data_i_reg[20]/C (clocked by clk_out1_RISC_V_clk_wiz_1_0) and u_cpu/RISC_V_i/microblaze_riscv_0/U0/riscv_core_I/Base.Core/Data_Flow_I/Operand_Select_I/EX_Op2_reg[13]/CE (clocked by clk_out1_RISC_V_clk_wiz_1_0). Large setup violations at the end of those stages might be difficult to fix during the post-placement implementation flow and could be the result of non-optimal XDC constraints or non-optimal design architecture
Related violations: <none>

TIMING-16#206 Warning
Large setup violation  
There is a large setup violation of -2.193 ns between u_cpu/RISC_V_i/microblaze_riscv_0/U0/riscv_core_I/Base.Core/Use_Debug_Logic.Master_Core.Debug_Perf/Performance_Debug_Control.ex_dbg_pc_hit_i_reg/C (clocked by clk_out1_RISC_V_clk_wiz_1_0) and u_cpu/RISC_V_i/microblaze_riscv_0_local_memory/lmb_bram/U0/inst_blk_mem_gen/gnbram.gnative_mem_map_bmg.native_mem_map_blk_mem_gen/valid.cstr/ramloop[8].ram.r/prim_noinit.ram/DEVICE_7SERIES.WITH_BMM_INFO.TRUE_DP.SIMPLE_PRIM36.TDP_SP36_NO_ECC_ATTR.ram/ADDRBWRADDR[4] (clocked by clk_out1_RISC_V_clk_wiz_1_0). Large setup violations at the end of those stages might be difficult to fix during the post-placement implementation flow and could be the result of non-optimal XDC constraints or non-optimal design architecture
Related violations: <none>

TIMING-16#207 Warning
Large setup violation  
There is a large setup violation of -2.215 ns between u_cpu/RISC_V_i/microblaze_riscv_0/U0/riscv_core_I/Base.Core/Use_Debug_Logic.Master_Core.Debug_Perf/Performance_Debug_Control.ex_dbg_pc_hit_i_reg/C (clocked by clk_out1_RISC_V_clk_wiz_1_0) and u_cpu/RISC_V_i/microblaze_riscv_0_local_memory/lmb_bram/U0/inst_blk_mem_gen/gnbram.gnative_mem_map_bmg.native_mem_map_blk_mem_gen/valid.cstr/ramloop[8].ram.r/prim_noinit.ram/DEVICE_7SERIES.WITH_BMM_INFO.TRUE_DP.SIMPLE_PRIM36.TDP_SP36_NO_ECC_ATTR.ram/ADDRBWRADDR[7] (clocked by clk_out1_RISC_V_clk_wiz_1_0). Large setup violations at the end of those stages might be difficult to fix during the post-placement implementation flow and could be the result of non-optimal XDC constraints or non-optimal design architecture
Related violations: <none>

TIMING-16#208 Warning
Large setup violation  
There is a large setup violation of -2.224 ns between u_cpu/RISC_V_i/microblaze_riscv_0/U0/riscv_core_I/Base.Core/Decode_I/PreFetch_Buffer_I/INSTR_BUFFER_I1/cur_data_i_reg[20]/C (clocked by clk_out1_RISC_V_clk_wiz_1_0) and u_cpu/RISC_V_i/microblaze_riscv_0/U0/riscv_core_I/Base.Core/Decode_I/PC_Module_I/Instruction_Prefetch_Mux[29].Gen_Instr_DFF/Using_FPGA.Native/D (clocked by clk_out1_RISC_V_clk_wiz_1_0). Large setup violations at the end of those stages might be difficult to fix during the post-placement implementation flow and could be the result of non-optimal XDC constraints or non-optimal design architecture
Related violations: <none>

TIMING-16#209 Warning
Large setup violation  
There is a large setup violation of -2.225 ns between u_cpu/RISC_V_i/microblaze_riscv_0/U0/riscv_core_I/Base.Core/Decode_I/PreFetch_Buffer_I/INSTR_BUFFER_I1/cur_data_i_reg[20]/C (clocked by clk_out1_RISC_V_clk_wiz_1_0) and u_cpu/RISC_V_i/microblaze_riscv_0/U0/riscv_core_I/Base.Core/Decode_I/PC_Module_I/Instruction_Prefetch_Mux[31].Gen_Instr_DFF/Using_FPGA.Native/D (clocked by clk_out1_RISC_V_clk_wiz_1_0). Large setup violations at the end of those stages might be difficult to fix during the post-placement implementation flow and could be the result of non-optimal XDC constraints or non-optimal design architecture
Related violations: <none>

TIMING-16#210 Warning
Large setup violation  
There is a large setup violation of -2.227 ns between u_cpu/RISC_V_i/microblaze_riscv_0/U0/riscv_core_I/Base.Core/Decode_I/PreFetch_Buffer_I/INSTR_BUFFER_I1/cur_data_i_reg[20]/C (clocked by clk_out1_RISC_V_clk_wiz_1_0) and u_cpu/RISC_V_i/microblaze_riscv_0/U0/riscv_core_I/Base.Core/Decode_I/PreFetch_Buffer_I/INSTR_BUFFER_I1/Generating_Control_Logic.Using_FPGA.Gen_Mux_Select_LUT6[3].Gen_Sel_DFF/Using_FPGA.Native/D (clocked by clk_out1_RISC_V_clk_wiz_1_0). Large setup violations at the end of those stages might be difficult to fix during the post-placement implementation flow and could be the result of non-optimal XDC constraints or non-optimal design architecture
Related violations: <none>

TIMING-16#211 Warning
Large setup violation  
There is a large setup violation of -2.245 ns between u_cpu/RISC_V_i/microblaze_riscv_0/U0/riscv_core_I/Base.Core/Decode_I/PreFetch_Buffer_I/INSTR_BUFFER_I1/cur_data_i_reg[20]/C (clocked by clk_out1_RISC_V_clk_wiz_1_0) and u_cpu/RISC_V_i/microblaze_riscv_0/U0/riscv_core_I/Base.Core/Data_Flow_I/Operand_Select_I/EX_Op1_reg[11]/CE (clocked by clk_out1_RISC_V_clk_wiz_1_0). Large setup violations at the end of those stages might be difficult to fix during the post-placement implementation flow and could be the result of non-optimal XDC constraints or non-optimal design architecture
Related violations: <none>

TIMING-16#212 Warning
Large setup violation  
There is a large setup violation of -2.245 ns between u_cpu/RISC_V_i/microblaze_riscv_0/U0/riscv_core_I/Base.Core/Decode_I/PreFetch_Buffer_I/INSTR_BUFFER_I1/cur_data_i_reg[20]/C (clocked by clk_out1_RISC_V_clk_wiz_1_0) and u_cpu/RISC_V_i/microblaze_riscv_0/U0/riscv_core_I/Base.Core/Data_Flow_I/Operand_Select_I/EX_Op2_reg[11]/CE (clocked by clk_out1_RISC_V_clk_wiz_1_0). Large setup violations at the end of those stages might be difficult to fix during the post-placement implementation flow and could be the result of non-optimal XDC constraints or non-optimal design architecture
Related violations: <none>

TIMING-16#213 Warning
Large setup violation  
There is a large setup violation of -2.246 ns between u_cpu/RISC_V_i/microblaze_riscv_0/U0/riscv_core_I/Base.Core/Decode_I/PreFetch_Buffer_I/INSTR_BUFFER_I1/cur_data_i_reg[20]/C (clocked by clk_out1_RISC_V_clk_wiz_1_0) and u_cpu/RISC_V_i/microblaze_riscv_0/U0/riscv_core_I/Base.Core/Decode_I/PreFetch_Buffer_I/INSTR_BUFFER_I1/Generating_Control_Logic.Using_FPGA.Gen_Mux_Select_LUT6[4].Gen_Sel_DFF/Using_FPGA.Native/D (clocked by clk_out1_RISC_V_clk_wiz_1_0). Large setup violations at the end of those stages might be difficult to fix during the post-placement implementation flow and could be the result of non-optimal XDC constraints or non-optimal design architecture
Related violations: <none>

TIMING-16#214 Warning
Large setup violation  
There is a large setup violation of -2.278 ns between u_cpu/RISC_V_i/microblaze_riscv_0/U0/riscv_core_I/Base.Core/Decode_I/PreFetch_Buffer_I/INSTR_BUFFER_I1/cur_data_i_reg[20]/C (clocked by clk_out1_RISC_V_clk_wiz_1_0) and u_cpu/RISC_V_i/microblaze_riscv_0/U0/riscv_core_I/Base.Core/Decode_I/PC_Module_I/Instruction_Prefetch_Mux[26].Gen_Instr_DFF/Using_FPGA.Native/D (clocked by clk_out1_RISC_V_clk_wiz_1_0). Large setup violations at the end of those stages might be difficult to fix during the post-placement implementation flow and could be the result of non-optimal XDC constraints or non-optimal design architecture
Related violations: <none>

TIMING-16#215 Warning
Large setup violation  
There is a large setup violation of -2.320 ns between u_cpu/RISC_V_i/microblaze_riscv_0/U0/riscv_core_I/Base.Core/Decode_I/PreFetch_Buffer_I/INSTR_BUFFER_I1/cur_data_i_reg[20]/C (clocked by clk_out1_RISC_V_clk_wiz_1_0) and u_cpu/RISC_V_i/microblaze_riscv_0/U0/riscv_core_I/Base.Core/Decode_I/of_Take_Exception_hold_reg/D (clocked by clk_out1_RISC_V_clk_wiz_1_0). Large setup violations at the end of those stages might be difficult to fix during the post-placement implementation flow and could be the result of non-optimal XDC constraints or non-optimal design architecture
Related violations: <none>

TIMING-16#216 Warning
Large setup violation  
There is a large setup violation of -2.335 ns between u_cpu/RISC_V_i/microblaze_riscv_0/U0/riscv_core_I/Base.Core/Decode_I/PreFetch_Buffer_I/INSTR_BUFFER_I1/cur_data_i_reg[20]/C (clocked by clk_out1_RISC_V_clk_wiz_1_0) and u_cpu/RISC_V_i/microblaze_riscv_0/U0/riscv_core_I/Base.Core/Data_Flow_I/Operand_Select_I/EX_Op2_reg[20]/CE (clocked by clk_out1_RISC_V_clk_wiz_1_0). Large setup violations at the end of those stages might be difficult to fix during the post-placement implementation flow and could be the result of non-optimal XDC constraints or non-optimal design architecture
Related violations: <none>

TIMING-16#217 Warning
Large setup violation  
There is a large setup violation of -2.335 ns between u_cpu/RISC_V_i/microblaze_riscv_0/U0/riscv_core_I/Base.Core/Decode_I/PreFetch_Buffer_I/INSTR_BUFFER_I1/cur_data_i_reg[20]/C (clocked by clk_out1_RISC_V_clk_wiz_1_0) and u_cpu/RISC_V_i/microblaze_riscv_0/U0/riscv_core_I/Base.Core/Data_Flow_I/Operand_Select_I/EX_Op2_reg[26]/CE (clocked by clk_out1_RISC_V_clk_wiz_1_0). Large setup violations at the end of those stages might be difficult to fix during the post-placement implementation flow and could be the result of non-optimal XDC constraints or non-optimal design architecture
Related violations: <none>

TIMING-16#218 Warning
Large setup violation  
There is a large setup violation of -2.338 ns between u_cpu/RISC_V_i/microblaze_riscv_0/U0/riscv_core_I/Base.Core/Decode_I/PreFetch_Buffer_I/INSTR_BUFFER_I1/cur_data_i_reg[20]/C (clocked by clk_out1_RISC_V_clk_wiz_1_0) and u_cpu/RISC_V_i/microblaze_riscv_0/U0/riscv_core_I/Base.Core/Decode_I/ex_is_slt_instr_i_reg/CE (clocked by clk_out1_RISC_V_clk_wiz_1_0). Large setup violations at the end of those stages might be difficult to fix during the post-placement implementation flow and could be the result of non-optimal XDC constraints or non-optimal design architecture
Related violations: <none>

TIMING-16#219 Warning
Large setup violation  
There is a large setup violation of -2.338 ns between u_cpu/RISC_V_i/microblaze_riscv_0/U0/riscv_core_I/Base.Core/Use_Debug_Logic.Master_Core.Debug_Perf/Performance_Debug_Control.ex_dbg_pc_hit_i_reg/C (clocked by clk_out1_RISC_V_clk_wiz_1_0) and u_cpu/RISC_V_i/microblaze_riscv_0_local_memory/lmb_bram/U0/inst_blk_mem_gen/gnbram.gnative_mem_map_bmg.native_mem_map_blk_mem_gen/valid.cstr/ramloop[7].ram.r/prim_noinit.ram/DEVICE_7SERIES.WITH_BMM_INFO.TRUE_DP.SIMPLE_PRIM36.TDP_SP36_NO_ECC_ATTR.ram/ADDRBWRADDR[2] (clocked by clk_out1_RISC_V_clk_wiz_1_0). Large setup violations at the end of those stages might be difficult to fix during the post-placement implementation flow and could be the result of non-optimal XDC constraints or non-optimal design architecture
Related violations: <none>

TIMING-16#220 Warning
Large setup violation  
There is a large setup violation of -2.340 ns between u_cpu/RISC_V_i/microblaze_riscv_0/U0/riscv_core_I/Base.Core/Decode_I/PreFetch_Buffer_I/INSTR_BUFFER_I1/cur_data_i_reg[20]/C (clocked by clk_out1_RISC_V_clk_wiz_1_0) and u_cpu/RISC_V_i/microblaze_riscv_0/U0/riscv_core_I/Base.Core/Data_Flow_I/Operand_Select_I/EX_Op1_reg[1]/CE (clocked by clk_out1_RISC_V_clk_wiz_1_0). Large setup violations at the end of those stages might be difficult to fix during the post-placement implementation flow and could be the result of non-optimal XDC constraints or non-optimal design architecture
Related violations: <none>

TIMING-16#221 Warning
Large setup violation  
There is a large setup violation of -2.340 ns between u_cpu/RISC_V_i/microblaze_riscv_0/U0/riscv_core_I/Base.Core/Decode_I/PreFetch_Buffer_I/INSTR_BUFFER_I1/cur_data_i_reg[20]/C (clocked by clk_out1_RISC_V_clk_wiz_1_0) and u_cpu/RISC_V_i/microblaze_riscv_0/U0/riscv_core_I/Base.Core/Data_Flow_I/Operand_Select_I/EX_Op2_reg[1]/CE (clocked by clk_out1_RISC_V_clk_wiz_1_0). Large setup violations at the end of those stages might be difficult to fix during the post-placement implementation flow and could be the result of non-optimal XDC constraints or non-optimal design architecture
Related violations: <none>

TIMING-16#222 Warning
Large setup violation  
There is a large setup violation of -2.372 ns between u_cpu/RISC_V_i/microblaze_riscv_0/U0/riscv_core_I/Base.Core/Data_Flow_I/Operand_Select_I/EX_Op1_reg[31]/C (clocked by clk_out1_RISC_V_clk_wiz_1_0) and u_cpu/RISC_V_i/microblaze_riscv_0_local_memory/lmb_bram/U0/inst_blk_mem_gen/gnbram.gnative_mem_map_bmg.native_mem_map_blk_mem_gen/valid.cstr/ramloop[13].ram.r/prim_noinit.ram/DEVICE_7SERIES.WITH_BMM_INFO.TRUE_DP.SIMPLE_PRIM36.TDP_SP36_NO_ECC_ATTR.ram/WEA[0] (clocked by clk_out1_RISC_V_clk_wiz_1_0). Large setup violations at the end of those stages might be difficult to fix during the post-placement implementation flow and could be the result of non-optimal XDC constraints or non-optimal design architecture
Related violations: <none>

TIMING-16#223 Warning
Large setup violation  
There is a large setup violation of -2.389 ns between u_cpu/RISC_V_i/microblaze_riscv_0/U0/riscv_core_I/Base.Core/Decode_I/PreFetch_Buffer_I/INSTR_BUFFER_I1/cur_data_i_reg[20]/C (clocked by clk_out1_RISC_V_clk_wiz_1_0) and u_cpu/RISC_V_i/microblaze_riscv_0/U0/riscv_core_I/Base.Core/Data_Flow_I/Operand_Select_I/EX_Op1_reg[27]/CE (clocked by clk_out1_RISC_V_clk_wiz_1_0). Large setup violations at the end of those stages might be difficult to fix during the post-placement implementation flow and could be the result of non-optimal XDC constraints or non-optimal design architecture
Related violations: <none>

TIMING-16#224 Warning
Large setup violation  
There is a large setup violation of -2.389 ns between u_cpu/RISC_V_i/microblaze_riscv_0/U0/riscv_core_I/Base.Core/Decode_I/PreFetch_Buffer_I/INSTR_BUFFER_I1/cur_data_i_reg[20]/C (clocked by clk_out1_RISC_V_clk_wiz_1_0) and u_cpu/RISC_V_i/microblaze_riscv_0/U0/riscv_core_I/Base.Core/Data_Flow_I/Operand_Select_I/EX_Op2_reg[27]/CE (clocked by clk_out1_RISC_V_clk_wiz_1_0). Large setup violations at the end of those stages might be difficult to fix during the post-placement implementation flow and could be the result of non-optimal XDC constraints or non-optimal design architecture
Related violations: <none>

TIMING-16#225 Warning
Large setup violation  
There is a large setup violation of -2.394 ns between u_cpu/RISC_V_i/microblaze_riscv_0/U0/riscv_core_I/Base.Core/Decode_I/PreFetch_Buffer_I/INSTR_BUFFER_I1/cur_data_i_reg[20]/C (clocked by clk_out1_RISC_V_clk_wiz_1_0) and u_cpu/RISC_V_i/microblaze_riscv_0/U0/riscv_core_I/Base.Core/Decode_I/PC_Module_I/Instruction_Prefetch_Mux[25].Gen_Instr_DFF/Using_FPGA.Native/D (clocked by clk_out1_RISC_V_clk_wiz_1_0). Large setup violations at the end of those stages might be difficult to fix during the post-placement implementation flow and could be the result of non-optimal XDC constraints or non-optimal design architecture
Related violations: <none>

TIMING-16#226 Warning
Large setup violation  
There is a large setup violation of -2.400 ns between u_cpu/RISC_V_i/microblaze_riscv_0/U0/riscv_core_I/Base.Core/Decode_I/PreFetch_Buffer_I/INSTR_BUFFER_I1/cur_data_i_reg[20]/C (clocked by clk_out1_RISC_V_clk_wiz_1_0) and u_cpu/RISC_V_i/microblaze_riscv_0/U0/riscv_core_I/Base.Core/Decode_I/PC_Module_I/Instruction_Prefetch_Mux[23].Gen_Instr_DFF/Using_FPGA.Native/D (clocked by clk_out1_RISC_V_clk_wiz_1_0). Large setup violations at the end of those stages might be difficult to fix during the post-placement implementation flow and could be the result of non-optimal XDC constraints or non-optimal design architecture
Related violations: <none>

TIMING-16#227 Warning
Large setup violation  
There is a large setup violation of -2.401 ns between u_cpu/RISC_V_i/microblaze_riscv_0/U0/riscv_core_I/Base.Core/Decode_I/PreFetch_Buffer_I/INSTR_BUFFER_I1/cur_data_i_reg[20]/C (clocked by clk_out1_RISC_V_clk_wiz_1_0) and u_cpu/RISC_V_i/microblaze_riscv_0/U0/riscv_core_I/Base.Core/Data_Flow_I/Operand_Select_I/EX_Op1_reg[12]/CE (clocked by clk_out1_RISC_V_clk_wiz_1_0). Large setup violations at the end of those stages might be difficult to fix during the post-placement implementation flow and could be the result of non-optimal XDC constraints or non-optimal design architecture
Related violations: <none>

TIMING-16#228 Warning
Large setup violation  
There is a large setup violation of -2.401 ns between u_cpu/RISC_V_i/microblaze_riscv_0/U0/riscv_core_I/Base.Core/Decode_I/PreFetch_Buffer_I/INSTR_BUFFER_I1/cur_data_i_reg[20]/C (clocked by clk_out1_RISC_V_clk_wiz_1_0) and u_cpu/RISC_V_i/microblaze_riscv_0/U0/riscv_core_I/Base.Core/Data_Flow_I/Operand_Select_I/EX_Op2_reg[12]/CE (clocked by clk_out1_RISC_V_clk_wiz_1_0). Large setup violations at the end of those stages might be difficult to fix during the post-placement implementation flow and could be the result of non-optimal XDC constraints or non-optimal design architecture
Related violations: <none>

TIMING-16#229 Warning
Large setup violation  
There is a large setup violation of -2.412 ns between u_cpu/RISC_V_i/microblaze_riscv_0/U0/riscv_core_I/Base.Core/Use_Debug_Logic.Master_Core.Debug_Perf/Performance_Debug_Control.ex_dbg_pc_hit_i_reg/C (clocked by clk_out1_RISC_V_clk_wiz_1_0) and u_cpu/RISC_V_i/microblaze_riscv_0_local_memory/lmb_bram/U0/inst_blk_mem_gen/gnbram.gnative_mem_map_bmg.native_mem_map_blk_mem_gen/valid.cstr/ramloop[8].ram.r/prim_noinit.ram/DEVICE_7SERIES.WITH_BMM_INFO.TRUE_DP.SIMPLE_PRIM36.TDP_SP36_NO_ECC_ATTR.ram/ADDRBWRADDR[13] (clocked by clk_out1_RISC_V_clk_wiz_1_0). Large setup violations at the end of those stages might be difficult to fix during the post-placement implementation flow and could be the result of non-optimal XDC constraints or non-optimal design architecture
Related violations: <none>

TIMING-16#230 Warning
Large setup violation  
There is a large setup violation of -2.423 ns between u_cpu/RISC_V_i/microblaze_riscv_0/U0/riscv_core_I/Base.Core/Decode_I/PreFetch_Buffer_I/INSTR_BUFFER_I1/cur_data_i_reg[20]/C (clocked by clk_out1_RISC_V_clk_wiz_1_0) and u_cpu/RISC_V_i/microblaze_riscv_0/U0/riscv_core_I/Base.Core/Decode_I/OF_Sel_CSR_reg[mepc]/R (clocked by clk_out1_RISC_V_clk_wiz_1_0). Large setup violations at the end of those stages might be difficult to fix during the post-placement implementation flow and could be the result of non-optimal XDC constraints or non-optimal design architecture
Related violations: <none>

TIMING-16#231 Warning
Large setup violation  
There is a large setup violation of -2.423 ns between u_cpu/RISC_V_i/microblaze_riscv_0/U0/riscv_core_I/Base.Core/Decode_I/PreFetch_Buffer_I/INSTR_BUFFER_I1/cur_data_i_reg[20]/C (clocked by clk_out1_RISC_V_clk_wiz_1_0) and u_cpu/RISC_V_i/microblaze_riscv_0/U0/riscv_core_I/Base.Core/Decode_I/OF_Sel_CSR_reg[minstret]/R (clocked by clk_out1_RISC_V_clk_wiz_1_0). Large setup violations at the end of those stages might be difficult to fix during the post-placement implementation flow and could be the result of non-optimal XDC constraints or non-optimal design architecture
Related violations: <none>

TIMING-16#232 Warning
Large setup violation  
There is a large setup violation of -2.423 ns between u_cpu/RISC_V_i/microblaze_riscv_0/U0/riscv_core_I/Base.Core/Decode_I/PreFetch_Buffer_I/INSTR_BUFFER_I1/cur_data_i_reg[20]/C (clocked by clk_out1_RISC_V_clk_wiz_1_0) and u_cpu/RISC_V_i/microblaze_riscv_0/U0/riscv_core_I/Base.Core/Decode_I/OF_Sel_CSR_reg[mscratch]/R (clocked by clk_out1_RISC_V_clk_wiz_1_0). Large setup violations at the end of those stages might be difficult to fix during the post-placement implementation flow and could be the result of non-optimal XDC constraints or non-optimal design architecture
Related violations: <none>

TIMING-16#233 Warning
Large setup violation  
There is a large setup violation of -2.434 ns between u_cpu/RISC_V_i/microblaze_riscv_0/U0/riscv_core_I/Base.Core/Data_Flow_I/Operand_Select_I/EX_Op1_reg[31]/C (clocked by clk_out1_RISC_V_clk_wiz_1_0) and u_cpu/RISC_V_i/microblaze_riscv_0_local_memory/lmb_bram/U0/inst_blk_mem_gen/gnbram.gnative_mem_map_bmg.native_mem_map_blk_mem_gen/valid.cstr/ramloop[7].ram.r/prim_noinit.ram/DEVICE_7SERIES.WITH_BMM_INFO.TRUE_DP.SIMPLE_PRIM36.TDP_SP36_NO_ECC_ATTR.ram/WEA[0] (clocked by clk_out1_RISC_V_clk_wiz_1_0). Large setup violations at the end of those stages might be difficult to fix during the post-placement implementation flow and could be the result of non-optimal XDC constraints or non-optimal design architecture
Related violations: <none>

TIMING-16#234 Warning
Large setup violation  
There is a large setup violation of -2.486 ns between u_cpu/RISC_V_i/microblaze_riscv_0/U0/riscv_core_I/Base.Core/Use_Debug_Logic.Master_Core.Debug_Perf/Performance_Debug_Control.ex_dbg_pc_hit_i_reg/C (clocked by clk_out1_RISC_V_clk_wiz_1_0) and u_cpu/RISC_V_i/microblaze_riscv_0_local_memory/lmb_bram/U0/inst_blk_mem_gen/gnbram.gnative_mem_map_bmg.native_mem_map_blk_mem_gen/valid.cstr/ramloop[13].ram.r/prim_noinit.ram/DEVICE_7SERIES.WITH_BMM_INFO.TRUE_DP.SIMPLE_PRIM36.TDP_SP36_NO_ECC_ATTR.ram/ADDRBWRADDR[1] (clocked by clk_out1_RISC_V_clk_wiz_1_0). Large setup violations at the end of those stages might be difficult to fix during the post-placement implementation flow and could be the result of non-optimal XDC constraints or non-optimal design architecture
Related violations: <none>

TIMING-16#235 Warning
Large setup violation  
There is a large setup violation of -2.504 ns between u_cpu/RISC_V_i/microblaze_riscv_0/U0/riscv_core_I/Base.Core/Use_Debug_Logic.Master_Core.Debug_Perf/Performance_Debug_Control.ex_dbg_pc_hit_i_reg/C (clocked by clk_out1_RISC_V_clk_wiz_1_0) and u_cpu/RISC_V_i/microblaze_riscv_0_local_memory/lmb_bram/U0/inst_blk_mem_gen/gnbram.gnative_mem_map_bmg.native_mem_map_blk_mem_gen/valid.cstr/ramloop[7].ram.r/prim_noinit.ram/DEVICE_7SERIES.WITH_BMM_INFO.TRUE_DP.SIMPLE_PRIM36.TDP_SP36_NO_ECC_ATTR.ram/ADDRBWRADDR[8] (clocked by clk_out1_RISC_V_clk_wiz_1_0). Large setup violations at the end of those stages might be difficult to fix during the post-placement implementation flow and could be the result of non-optimal XDC constraints or non-optimal design architecture
Related violations: <none>

TIMING-16#236 Warning
Large setup violation  
There is a large setup violation of -2.526 ns between u_cpu/RISC_V_i/microblaze_riscv_0/U0/riscv_core_I/Base.Core/Use_Debug_Logic.Master_Core.Debug_Perf/Performance_Debug_Control.ex_dbg_pc_hit_i_reg/C (clocked by clk_out1_RISC_V_clk_wiz_1_0) and u_cpu/RISC_V_i/microblaze_riscv_0_local_memory/lmb_bram/U0/inst_blk_mem_gen/gnbram.gnative_mem_map_bmg.native_mem_map_blk_mem_gen/valid.cstr/ramloop[13].ram.r/prim_noinit.ram/DEVICE_7SERIES.WITH_BMM_INFO.TRUE_DP.SIMPLE_PRIM36.TDP_SP36_NO_ECC_ATTR.ram/ADDRBWRADDR[4] (clocked by clk_out1_RISC_V_clk_wiz_1_0). Large setup violations at the end of those stages might be difficult to fix during the post-placement implementation flow and could be the result of non-optimal XDC constraints or non-optimal design architecture
Related violations: <none>

TIMING-16#237 Warning
Large setup violation  
There is a large setup violation of -2.548 ns between u_cpu/RISC_V_i/microblaze_riscv_0/U0/riscv_core_I/Base.Core/Decode_I/PreFetch_Buffer_I/INSTR_BUFFER_I1/cur_data_i_reg[20]/C (clocked by clk_out1_RISC_V_clk_wiz_1_0) and u_cpu/RISC_V_i/microblaze_riscv_0/U0/riscv_core_I/Base.Core/Decode_I/Using_FPGA_2.ex_byte_access_i_Inst/Using_FPGA.Native/CE (clocked by clk_out1_RISC_V_clk_wiz_1_0). Large setup violations at the end of those stages might be difficult to fix during the post-placement implementation flow and could be the result of non-optimal XDC constraints or non-optimal design architecture
Related violations: <none>

TIMING-16#238 Warning
Large setup violation  
There is a large setup violation of -2.548 ns between u_cpu/RISC_V_i/microblaze_riscv_0/U0/riscv_core_I/Base.Core/Use_Debug_Logic.Master_Core.Debug_Perf/Performance_Debug_Control.ex_dbg_pc_hit_i_reg/C (clocked by clk_out1_RISC_V_clk_wiz_1_0) and u_cpu/RISC_V_i/microblaze_riscv_0_local_memory/lmb_bram/U0/inst_blk_mem_gen/gnbram.gnative_mem_map_bmg.native_mem_map_blk_mem_gen/valid.cstr/ramloop[13].ram.r/prim_noinit.ram/DEVICE_7SERIES.WITH_BMM_INFO.TRUE_DP.SIMPLE_PRIM36.TDP_SP36_NO_ECC_ATTR.ram/ADDRBWRADDR[7] (clocked by clk_out1_RISC_V_clk_wiz_1_0). Large setup violations at the end of those stages might be difficult to fix during the post-placement implementation flow and could be the result of non-optimal XDC constraints or non-optimal design architecture
Related violations: <none>

TIMING-16#239 Warning
Large setup violation  
There is a large setup violation of -2.563 ns between u_cpu/RISC_V_i/microblaze_riscv_0/U0/riscv_core_I/Base.Core/Decode_I/PreFetch_Buffer_I/INSTR_BUFFER_I1/cur_data_i_reg[20]/C (clocked by clk_out1_RISC_V_clk_wiz_1_0) and u_cpu/RISC_V_i/microblaze_riscv_0/U0/riscv_core_I/Base.Core/Decode_I/PC_Module_I/Instruction_Prefetch_Mux[21].Gen_Instr_DFF/Using_FPGA.Native/D (clocked by clk_out1_RISC_V_clk_wiz_1_0). Large setup violations at the end of those stages might be difficult to fix during the post-placement implementation flow and could be the result of non-optimal XDC constraints or non-optimal design architecture
Related violations: <none>

TIMING-16#240 Warning
Large setup violation  
There is a large setup violation of -2.578 ns between u_cpu/RISC_V_i/microblaze_riscv_0/U0/riscv_core_I/Base.Core/Decode_I/PreFetch_Buffer_I/INSTR_BUFFER_I1/cur_data_i_reg[20]/C (clocked by clk_out1_RISC_V_clk_wiz_1_0) and u_cpu/RISC_V_i/microblaze_riscv_0/U0/riscv_core_I/Base.Core/Data_Flow_I/Operand_Select_I/EX_Op1_reg[24]/CE (clocked by clk_out1_RISC_V_clk_wiz_1_0). Large setup violations at the end of those stages might be difficult to fix during the post-placement implementation flow and could be the result of non-optimal XDC constraints or non-optimal design architecture
Related violations: <none>

TIMING-16#241 Warning
Large setup violation  
There is a large setup violation of -2.582 ns between u_cpu/RISC_V_i/microblaze_riscv_0/U0/riscv_core_I/Base.Core/Decode_I/PreFetch_Buffer_I/INSTR_BUFFER_I1/cur_data_i_reg[20]/C (clocked by clk_out1_RISC_V_clk_wiz_1_0) and u_cpu/RISC_V_i/microblaze_riscv_0/U0/riscv_core_I/Base.Core/Decode_I/OF_Sel_CSR_reg[instret]/R (clocked by clk_out1_RISC_V_clk_wiz_1_0). Large setup violations at the end of those stages might be difficult to fix during the post-placement implementation flow and could be the result of non-optimal XDC constraints or non-optimal design architecture
Related violations: <none>

TIMING-16#242 Warning
Large setup violation  
There is a large setup violation of -2.582 ns between u_cpu/RISC_V_i/microblaze_riscv_0/U0/riscv_core_I/Base.Core/Decode_I/PreFetch_Buffer_I/INSTR_BUFFER_I1/cur_data_i_reg[20]/C (clocked by clk_out1_RISC_V_clk_wiz_1_0) and u_cpu/RISC_V_i/microblaze_riscv_0/U0/riscv_core_I/Base.Core/Decode_I/OF_Sel_CSR_reg[instreth]/R (clocked by clk_out1_RISC_V_clk_wiz_1_0). Large setup violations at the end of those stages might be difficult to fix during the post-placement implementation flow and could be the result of non-optimal XDC constraints or non-optimal design architecture
Related violations: <none>

TIMING-16#243 Warning
Large setup violation  
There is a large setup violation of -2.589 ns between u_cpu/RISC_V_i/microblaze_riscv_0/U0/riscv_core_I/Base.Core/Decode_I/PreFetch_Buffer_I/INSTR_BUFFER_I1/cur_data_i_reg[20]/C (clocked by clk_out1_RISC_V_clk_wiz_1_0) and u_cpu/RISC_V_i/microblaze_riscv_0/U0/riscv_core_I/Base.Core/Decode_I/PC_Module_I/Instruction_Prefetch_Mux[24].Gen_Instr_DFF/Using_FPGA.Native/D (clocked by clk_out1_RISC_V_clk_wiz_1_0). Large setup violations at the end of those stages might be difficult to fix during the post-placement implementation flow and could be the result of non-optimal XDC constraints or non-optimal design architecture
Related violations: <none>

TIMING-16#244 Warning
Large setup violation  
There is a large setup violation of -2.590 ns between u_cpu/RISC_V_i/microblaze_riscv_0/U0/riscv_core_I/Base.Core/Decode_I/PreFetch_Buffer_I/INSTR_BUFFER_I1/cur_data_i_reg[20]/C (clocked by clk_out1_RISC_V_clk_wiz_1_0) and u_cpu/RISC_V_i/microblaze_riscv_0/U0/riscv_core_I/Base.Core/Decode_I/PC_Module_I/Instruction_Prefetch_Mux[20].Gen_Instr_DFF/Using_FPGA.Native/D (clocked by clk_out1_RISC_V_clk_wiz_1_0). Large setup violations at the end of those stages might be difficult to fix during the post-placement implementation flow and could be the result of non-optimal XDC constraints or non-optimal design architecture
Related violations: <none>

TIMING-16#245 Warning
Large setup violation  
There is a large setup violation of -2.647 ns between u_cpu/RISC_V_i/microblaze_riscv_0/U0/riscv_core_I/Base.Core/Decode_I/PreFetch_Buffer_I/INSTR_BUFFER_I1/cur_data_i_reg[20]/C (clocked by clk_out1_RISC_V_clk_wiz_1_0) and u_cpu/RISC_V_i/microblaze_riscv_0/U0/riscv_core_I/Base.Core/Decode_I/OF_Sel_CSR_reg[marchid]/R (clocked by clk_out1_RISC_V_clk_wiz_1_0). Large setup violations at the end of those stages might be difficult to fix during the post-placement implementation flow and could be the result of non-optimal XDC constraints or non-optimal design architecture
Related violations: <none>

TIMING-16#246 Warning
Large setup violation  
There is a large setup violation of -2.647 ns between u_cpu/RISC_V_i/microblaze_riscv_0/U0/riscv_core_I/Base.Core/Decode_I/PreFetch_Buffer_I/INSTR_BUFFER_I1/cur_data_i_reg[20]/C (clocked by clk_out1_RISC_V_clk_wiz_1_0) and u_cpu/RISC_V_i/microblaze_riscv_0/U0/riscv_core_I/Base.Core/Decode_I/OF_Sel_CSR_reg[mhartid]/R (clocked by clk_out1_RISC_V_clk_wiz_1_0). Large setup violations at the end of those stages might be difficult to fix during the post-placement implementation flow and could be the result of non-optimal XDC constraints or non-optimal design architecture
Related violations: <none>

TIMING-16#247 Warning
Large setup violation  
There is a large setup violation of -2.647 ns between u_cpu/RISC_V_i/microblaze_riscv_0/U0/riscv_core_I/Base.Core/Decode_I/PreFetch_Buffer_I/INSTR_BUFFER_I1/cur_data_i_reg[20]/C (clocked by clk_out1_RISC_V_clk_wiz_1_0) and u_cpu/RISC_V_i/microblaze_riscv_0/U0/riscv_core_I/Base.Core/Decode_I/OF_Sel_CSR_reg[mimpid]/R (clocked by clk_out1_RISC_V_clk_wiz_1_0). Large setup violations at the end of those stages might be difficult to fix during the post-placement implementation flow and could be the result of non-optimal XDC constraints or non-optimal design architecture
Related violations: <none>

TIMING-16#248 Warning
Large setup violation  
There is a large setup violation of -2.647 ns between u_cpu/RISC_V_i/microblaze_riscv_0/U0/riscv_core_I/Base.Core/Decode_I/PreFetch_Buffer_I/INSTR_BUFFER_I1/cur_data_i_reg[20]/C (clocked by clk_out1_RISC_V_clk_wiz_1_0) and u_cpu/RISC_V_i/microblaze_riscv_0/U0/riscv_core_I/Base.Core/Decode_I/OF_Sel_CSR_reg[mvendorid]/R (clocked by clk_out1_RISC_V_clk_wiz_1_0). Large setup violations at the end of those stages might be difficult to fix during the post-placement implementation flow and could be the result of non-optimal XDC constraints or non-optimal design architecture
Related violations: <none>

TIMING-16#249 Warning
Large setup violation  
There is a large setup violation of -2.647 ns between u_cpu/RISC_V_i/microblaze_riscv_0/U0/riscv_core_I/Base.Core/Decode_I/PreFetch_Buffer_I/INSTR_BUFFER_I1/cur_data_i_reg[20]/C (clocked by clk_out1_RISC_V_clk_wiz_1_0) and u_cpu/RISC_V_i/microblaze_riscv_0/U0/riscv_core_I/Base.Core/Decode_I/OF_Sel_CSR_reg[tinfo]/R (clocked by clk_out1_RISC_V_clk_wiz_1_0). Large setup violations at the end of those stages might be difficult to fix during the post-placement implementation flow and could be the result of non-optimal XDC constraints or non-optimal design architecture
Related violations: <none>

TIMING-16#250 Warning
Large setup violation  
There is a large setup violation of -2.679 ns between u_cpu/RISC_V_i/microblaze_riscv_0/U0/riscv_core_I/Base.Core/Use_Debug_Logic.Master_Core.Debug_Perf/Performance_Debug_Control.ex_dbg_pc_hit_i_reg/C (clocked by clk_out1_RISC_V_clk_wiz_1_0) and u_cpu/RISC_V_i/microblaze_riscv_0_local_memory/lmb_bram/U0/inst_blk_mem_gen/gnbram.gnative_mem_map_bmg.native_mem_map_blk_mem_gen/valid.cstr/ramloop[8].ram.r/prim_noinit.ram/DEVICE_7SERIES.WITH_BMM_INFO.TRUE_DP.SIMPLE_PRIM36.TDP_SP36_NO_ECC_ATTR.ram/ADDRBWRADDR[2] (clocked by clk_out1_RISC_V_clk_wiz_1_0). Large setup violations at the end of those stages might be difficult to fix during the post-placement implementation flow and could be the result of non-optimal XDC constraints or non-optimal design architecture
Related violations: <none>

TIMING-16#251 Warning
Large setup violation  
There is a large setup violation of -2.744 ns between u_cpu/RISC_V_i/microblaze_riscv_0/U0/riscv_core_I/Base.Core/Decode_I/PreFetch_Buffer_I/INSTR_BUFFER_I1/cur_data_i_reg[20]/C (clocked by clk_out1_RISC_V_clk_wiz_1_0) and u_cpu/RISC_V_i/microblaze_riscv_0/U0/riscv_core_I/Base.Core/Use_Debug_Logic.Master_Core.Debug_Perf/Performance_Debug_Control.ex_trigger_action_reg/D (clocked by clk_out1_RISC_V_clk_wiz_1_0). Large setup violations at the end of those stages might be difficult to fix during the post-placement implementation flow and could be the result of non-optimal XDC constraints or non-optimal design architecture
Related violations: <none>

TIMING-16#252 Warning
Large setup violation  
There is a large setup violation of -2.745 ns between u_cpu/RISC_V_i/microblaze_riscv_0/U0/riscv_core_I/Base.Core/Use_Debug_Logic.Master_Core.Debug_Perf/Performance_Debug_Control.ex_dbg_pc_hit_i_reg/C (clocked by clk_out1_RISC_V_clk_wiz_1_0) and u_cpu/RISC_V_i/microblaze_riscv_0_local_memory/lmb_bram/U0/inst_blk_mem_gen/gnbram.gnative_mem_map_bmg.native_mem_map_blk_mem_gen/valid.cstr/ramloop[13].ram.r/prim_noinit.ram/DEVICE_7SERIES.WITH_BMM_INFO.TRUE_DP.SIMPLE_PRIM36.TDP_SP36_NO_ECC_ATTR.ram/ADDRBWRADDR[13] (clocked by clk_out1_RISC_V_clk_wiz_1_0). Large setup violations at the end of those stages might be difficult to fix during the post-placement implementation flow and could be the result of non-optimal XDC constraints or non-optimal design architecture
Related violations: <none>

TIMING-16#253 Warning
Large setup violation  
There is a large setup violation of -2.759 ns between u_cpu/RISC_V_i/microblaze_riscv_0/U0/riscv_core_I/Base.Core/Decode_I/PreFetch_Buffer_I/INSTR_BUFFER_I1/cur_data_i_reg[20]/C (clocked by clk_out1_RISC_V_clk_wiz_1_0) and u_cpu/RISC_V_i/microblaze_riscv_0/U0/riscv_core_I/Base.Core/Decode_I/PC_Module_I/Instruction_Prefetch_Mux[16].Gen_Instr_DFF/Using_FPGA.Native/D (clocked by clk_out1_RISC_V_clk_wiz_1_0). Large setup violations at the end of those stages might be difficult to fix during the post-placement implementation flow and could be the result of non-optimal XDC constraints or non-optimal design architecture
Related violations: <none>

TIMING-16#254 Warning
Large setup violation  
There is a large setup violation of -2.845 ns between u_cpu/RISC_V_i/microblaze_riscv_0/U0/riscv_core_I/Base.Core/Use_Debug_Logic.Master_Core.Debug_Perf/Performance_Debug_Control.ex_dbg_pc_hit_i_reg/C (clocked by clk_out1_RISC_V_clk_wiz_1_0) and u_cpu/RISC_V_i/microblaze_riscv_0_local_memory/lmb_bram/U0/inst_blk_mem_gen/gnbram.gnative_mem_map_bmg.native_mem_map_blk_mem_gen/valid.cstr/ramloop[8].ram.r/prim_noinit.ram/DEVICE_7SERIES.WITH_BMM_INFO.TRUE_DP.SIMPLE_PRIM36.TDP_SP36_NO_ECC_ATTR.ram/ADDRBWRADDR[8] (clocked by clk_out1_RISC_V_clk_wiz_1_0). Large setup violations at the end of those stages might be difficult to fix during the post-placement implementation flow and could be the result of non-optimal XDC constraints or non-optimal design architecture
Related violations: <none>

TIMING-16#255 Warning
Large setup violation  
There is a large setup violation of -2.902 ns between u_cpu/RISC_V_i/microblaze_riscv_0/U0/riscv_core_I/Base.Core/Decode_I/PreFetch_Buffer_I/INSTR_BUFFER_I1/cur_data_i_reg[20]/C (clocked by clk_out1_RISC_V_clk_wiz_1_0) and u_cpu/RISC_V_i/microblaze_riscv_0/U0/riscv_core_I/Base.Core/Use_Debug_Logic.Master_Core.Debug_Perf/Performance_Debug_Control.single_Step_hold_reg/D (clocked by clk_out1_RISC_V_clk_wiz_1_0). Large setup violations at the end of those stages might be difficult to fix during the post-placement implementation flow and could be the result of non-optimal XDC constraints or non-optimal design architecture
Related violations: <none>

TIMING-16#256 Warning
Large setup violation  
There is a large setup violation of -2.984 ns between u_cpu/RISC_V_i/microblaze_riscv_0/U0/riscv_core_I/Base.Core/Decode_I/PreFetch_Buffer_I/INSTR_BUFFER_I1/cur_data_i_reg[20]/C (clocked by clk_out1_RISC_V_clk_wiz_1_0) and u_cpu/RISC_V_i/microblaze_riscv_0/U0/riscv_core_I/Base.Core/Decode_I/ex_mbar_is_sleep_reg/D (clocked by clk_out1_RISC_V_clk_wiz_1_0). Large setup violations at the end of those stages might be difficult to fix during the post-placement implementation flow and could be the result of non-optimal XDC constraints or non-optimal design architecture
Related violations: <none>

TIMING-16#257 Warning
Large setup violation  
There is a large setup violation of -3.012 ns between u_cpu/RISC_V_i/microblaze_riscv_0/U0/riscv_core_I/Base.Core/Use_Debug_Logic.Master_Core.Debug_Perf/Performance_Debug_Control.ex_dbg_pc_hit_i_reg/C (clocked by clk_out1_RISC_V_clk_wiz_1_0) and u_cpu/RISC_V_i/microblaze_riscv_0_local_memory/lmb_bram/U0/inst_blk_mem_gen/gnbram.gnative_mem_map_bmg.native_mem_map_blk_mem_gen/valid.cstr/ramloop[13].ram.r/prim_noinit.ram/DEVICE_7SERIES.WITH_BMM_INFO.TRUE_DP.SIMPLE_PRIM36.TDP_SP36_NO_ECC_ATTR.ram/ADDRBWRADDR[2] (clocked by clk_out1_RISC_V_clk_wiz_1_0). Large setup violations at the end of those stages might be difficult to fix during the post-placement implementation flow and could be the result of non-optimal XDC constraints or non-optimal design architecture
Related violations: <none>

TIMING-16#258 Warning
Large setup violation  
There is a large setup violation of -3.092 ns between u_cpu/RISC_V_i/microblaze_riscv_0/U0/riscv_core_I/Base.Core/Decode_I/PreFetch_Buffer_I/INSTR_BUFFER_I1/cur_data_i_reg[20]/C (clocked by clk_out1_RISC_V_clk_wiz_1_0) and u_cpu/RISC_V_i/microblaze_riscv_0/U0/riscv_core_I/Base.Core/Decode_I/OF_Sel_CSR_reg[mcycle]/R (clocked by clk_out1_RISC_V_clk_wiz_1_0). Large setup violations at the end of those stages might be difficult to fix during the post-placement implementation flow and could be the result of non-optimal XDC constraints or non-optimal design architecture
Related violations: <none>

TIMING-16#259 Warning
Large setup violation  
There is a large setup violation of -3.092 ns between u_cpu/RISC_V_i/microblaze_riscv_0/U0/riscv_core_I/Base.Core/Decode_I/PreFetch_Buffer_I/INSTR_BUFFER_I1/cur_data_i_reg[20]/C (clocked by clk_out1_RISC_V_clk_wiz_1_0) and u_cpu/RISC_V_i/microblaze_riscv_0/U0/riscv_core_I/Base.Core/Decode_I/OF_Sel_CSR_reg[mcycleh]/R (clocked by clk_out1_RISC_V_clk_wiz_1_0). Large setup violations at the end of those stages might be difficult to fix during the post-placement implementation flow and could be the result of non-optimal XDC constraints or non-optimal design architecture
Related violations: <none>

TIMING-16#260 Warning
Large setup violation  
There is a large setup violation of -3.116 ns between u_cpu/RISC_V_i/microblaze_riscv_0/U0/riscv_core_I/Base.Core/Decode_I/PreFetch_Buffer_I/INSTR_BUFFER_I1/cur_data_i_reg[20]/C (clocked by clk_out1_RISC_V_clk_wiz_1_0) and u_cpu/RISC_V_i/microblaze_riscv_0/U0/riscv_core_I/Base.Core/Decode_I/OF_Sel_CSR_reg[mcountinhibit]/R (clocked by clk_out1_RISC_V_clk_wiz_1_0). Large setup violations at the end of those stages might be difficult to fix during the post-placement implementation flow and could be the result of non-optimal XDC constraints or non-optimal design architecture
Related violations: <none>

TIMING-16#261 Warning
Large setup violation  
There is a large setup violation of -3.116 ns between u_cpu/RISC_V_i/microblaze_riscv_0/U0/riscv_core_I/Base.Core/Decode_I/PreFetch_Buffer_I/INSTR_BUFFER_I1/cur_data_i_reg[20]/C (clocked by clk_out1_RISC_V_clk_wiz_1_0) and u_cpu/RISC_V_i/microblaze_riscv_0/U0/riscv_core_I/Base.Core/Decode_I/OF_Sel_CSR_reg[mstatus]/R (clocked by clk_out1_RISC_V_clk_wiz_1_0). Large setup violations at the end of those stages might be difficult to fix during the post-placement implementation flow and could be the result of non-optimal XDC constraints or non-optimal design architecture
Related violations: <none>

TIMING-16#262 Warning
Large setup violation  
There is a large setup violation of -3.135 ns between u_cpu/RISC_V_i/microblaze_riscv_0/U0/riscv_core_I/Base.Core/Decode_I/PreFetch_Buffer_I/INSTR_BUFFER_I1/cur_data_i_reg[20]/C (clocked by clk_out1_RISC_V_clk_wiz_1_0) and u_cpu/RISC_V_i/microblaze_riscv_0/U0/riscv_core_I/Base.Core/Data_Flow_I/Operand_Select_I/ex_imm_not_4_reg[1]/R (clocked by clk_out1_RISC_V_clk_wiz_1_0). Large setup violations at the end of those stages might be difficult to fix during the post-placement implementation flow and could be the result of non-optimal XDC constraints or non-optimal design architecture
Related violations: <none>

TIMING-16#263 Warning
Large setup violation  
There is a large setup violation of -3.152 ns between u_cpu/RISC_V_i/microblaze_riscv_0/U0/riscv_core_I/Base.Core/Decode_I/PreFetch_Buffer_I/INSTR_BUFFER_I1/cur_data_i_reg[20]/C (clocked by clk_out1_RISC_V_clk_wiz_1_0) and u_cpu/RISC_V_i/microblaze_riscv_0/U0/riscv_core_I/Base.Core/Use_Debug_Logic.Master_Core.Debug_Perf/Performance_Debug_Control.ex_dbg_pc_hit_single_step_reg/D (clocked by clk_out1_RISC_V_clk_wiz_1_0). Large setup violations at the end of those stages might be difficult to fix during the post-placement implementation flow and could be the result of non-optimal XDC constraints or non-optimal design architecture
Related violations: <none>

TIMING-16#264 Warning
Large setup violation  
There is a large setup violation of -3.178 ns between u_cpu/RISC_V_i/microblaze_riscv_0/U0/riscv_core_I/Base.Core/Use_Debug_Logic.Master_Core.Debug_Perf/Performance_Debug_Control.ex_dbg_pc_hit_i_reg/C (clocked by clk_out1_RISC_V_clk_wiz_1_0) and u_cpu/RISC_V_i/microblaze_riscv_0_local_memory/lmb_bram/U0/inst_blk_mem_gen/gnbram.gnative_mem_map_bmg.native_mem_map_blk_mem_gen/valid.cstr/ramloop[13].ram.r/prim_noinit.ram/DEVICE_7SERIES.WITH_BMM_INFO.TRUE_DP.SIMPLE_PRIM36.TDP_SP36_NO_ECC_ATTR.ram/ADDRBWRADDR[8] (clocked by clk_out1_RISC_V_clk_wiz_1_0). Large setup violations at the end of those stages might be difficult to fix during the post-placement implementation flow and could be the result of non-optimal XDC constraints or non-optimal design architecture
Related violations: <none>

TIMING-16#265 Warning
Large setup violation  
There is a large setup violation of -3.266 ns between u_cpu/RISC_V_i/microblaze_riscv_0/U0/riscv_core_I/Base.Core/Decode_I/PreFetch_Buffer_I/INSTR_BUFFER_I1/cur_data_i_reg[20]/C (clocked by clk_out1_RISC_V_clk_wiz_1_0) and u_cpu/RISC_V_i/microblaze_riscv_0/U0/riscv_core_I/Base.Core/Data_Flow_I/Operand_Select_I/ex_imm_not_4_reg[12]/R (clocked by clk_out1_RISC_V_clk_wiz_1_0). Large setup violations at the end of those stages might be difficult to fix during the post-placement implementation flow and could be the result of non-optimal XDC constraints or non-optimal design architecture
Related violations: <none>

TIMING-16#266 Warning
Large setup violation  
There is a large setup violation of -3.266 ns between u_cpu/RISC_V_i/microblaze_riscv_0/U0/riscv_core_I/Base.Core/Decode_I/PreFetch_Buffer_I/INSTR_BUFFER_I1/cur_data_i_reg[20]/C (clocked by clk_out1_RISC_V_clk_wiz_1_0) and u_cpu/RISC_V_i/microblaze_riscv_0/U0/riscv_core_I/Base.Core/Data_Flow_I/Operand_Select_I/ex_imm_not_4_reg[13]/R (clocked by clk_out1_RISC_V_clk_wiz_1_0). Large setup violations at the end of those stages might be difficult to fix during the post-placement implementation flow and could be the result of non-optimal XDC constraints or non-optimal design architecture
Related violations: <none>

TIMING-16#267 Warning
Large setup violation  
There is a large setup violation of -3.266 ns between u_cpu/RISC_V_i/microblaze_riscv_0/U0/riscv_core_I/Base.Core/Decode_I/PreFetch_Buffer_I/INSTR_BUFFER_I1/cur_data_i_reg[20]/C (clocked by clk_out1_RISC_V_clk_wiz_1_0) and u_cpu/RISC_V_i/microblaze_riscv_0/U0/riscv_core_I/Base.Core/Data_Flow_I/Operand_Select_I/ex_imm_not_4_reg[14]/R (clocked by clk_out1_RISC_V_clk_wiz_1_0). Large setup violations at the end of those stages might be difficult to fix during the post-placement implementation flow and could be the result of non-optimal XDC constraints or non-optimal design architecture
Related violations: <none>

TIMING-16#268 Warning
Large setup violation  
There is a large setup violation of -3.266 ns between u_cpu/RISC_V_i/microblaze_riscv_0/U0/riscv_core_I/Base.Core/Decode_I/PreFetch_Buffer_I/INSTR_BUFFER_I1/cur_data_i_reg[20]/C (clocked by clk_out1_RISC_V_clk_wiz_1_0) and u_cpu/RISC_V_i/microblaze_riscv_0/U0/riscv_core_I/Base.Core/Data_Flow_I/Operand_Select_I/ex_imm_not_4_reg[15]/R (clocked by clk_out1_RISC_V_clk_wiz_1_0). Large setup violations at the end of those stages might be difficult to fix during the post-placement implementation flow and could be the result of non-optimal XDC constraints or non-optimal design architecture
Related violations: <none>

TIMING-16#269 Warning
Large setup violation  
There is a large setup violation of -3.387 ns between u_cpu/RISC_V_i/microblaze_riscv_0/U0/riscv_core_I/Base.Core/Decode_I/PreFetch_Buffer_I/INSTR_BUFFER_I1/cur_data_i_reg[20]/C (clocked by clk_out1_RISC_V_clk_wiz_1_0) and u_cpu/RISC_V_i/microblaze_riscv_0/U0/riscv_core_I/Base.Core/Data_Flow_I/Operand_Select_I/ex_imm_not_4_reg[24]/R (clocked by clk_out1_RISC_V_clk_wiz_1_0). Large setup violations at the end of those stages might be difficult to fix during the post-placement implementation flow and could be the result of non-optimal XDC constraints or non-optimal design architecture
Related violations: <none>

TIMING-16#270 Warning
Large setup violation  
There is a large setup violation of -3.387 ns between u_cpu/RISC_V_i/microblaze_riscv_0/U0/riscv_core_I/Base.Core/Decode_I/PreFetch_Buffer_I/INSTR_BUFFER_I1/cur_data_i_reg[20]/C (clocked by clk_out1_RISC_V_clk_wiz_1_0) and u_cpu/RISC_V_i/microblaze_riscv_0/U0/riscv_core_I/Base.Core/Data_Flow_I/Operand_Select_I/ex_imm_not_4_reg[25]/R (clocked by clk_out1_RISC_V_clk_wiz_1_0). Large setup violations at the end of those stages might be difficult to fix during the post-placement implementation flow and could be the result of non-optimal XDC constraints or non-optimal design architecture
Related violations: <none>

TIMING-16#271 Warning
Large setup violation  
There is a large setup violation of -3.387 ns between u_cpu/RISC_V_i/microblaze_riscv_0/U0/riscv_core_I/Base.Core/Decode_I/PreFetch_Buffer_I/INSTR_BUFFER_I1/cur_data_i_reg[20]/C (clocked by clk_out1_RISC_V_clk_wiz_1_0) and u_cpu/RISC_V_i/microblaze_riscv_0/U0/riscv_core_I/Base.Core/Data_Flow_I/Operand_Select_I/ex_imm_not_4_reg[26]/R (clocked by clk_out1_RISC_V_clk_wiz_1_0). Large setup violations at the end of those stages might be difficult to fix during the post-placement implementation flow and could be the result of non-optimal XDC constraints or non-optimal design architecture
Related violations: <none>

TIMING-16#272 Warning
Large setup violation  
There is a large setup violation of -3.391 ns between u_cpu/RISC_V_i/microblaze_riscv_0/U0/riscv_core_I/Base.Core/Decode_I/PreFetch_Buffer_I/INSTR_BUFFER_I1/cur_data_i_reg[20]/C (clocked by clk_out1_RISC_V_clk_wiz_1_0) and u_cpu/RISC_V_i/microblaze_riscv_0/U0/riscv_core_I/Base.Core/Data_Flow_I/Operand_Select_I/ex_imm_not_4_reg[16]/R (clocked by clk_out1_RISC_V_clk_wiz_1_0). Large setup violations at the end of those stages might be difficult to fix during the post-placement implementation flow and could be the result of non-optimal XDC constraints or non-optimal design architecture
Related violations: <none>

TIMING-16#273 Warning
Large setup violation  
There is a large setup violation of -3.391 ns between u_cpu/RISC_V_i/microblaze_riscv_0/U0/riscv_core_I/Base.Core/Decode_I/PreFetch_Buffer_I/INSTR_BUFFER_I1/cur_data_i_reg[20]/C (clocked by clk_out1_RISC_V_clk_wiz_1_0) and u_cpu/RISC_V_i/microblaze_riscv_0/U0/riscv_core_I/Base.Core/Data_Flow_I/Operand_Select_I/ex_imm_not_4_reg[17]/R (clocked by clk_out1_RISC_V_clk_wiz_1_0). Large setup violations at the end of those stages might be difficult to fix during the post-placement implementation flow and could be the result of non-optimal XDC constraints or non-optimal design architecture
Related violations: <none>

TIMING-16#274 Warning
Large setup violation  
There is a large setup violation of -3.391 ns between u_cpu/RISC_V_i/microblaze_riscv_0/U0/riscv_core_I/Base.Core/Decode_I/PreFetch_Buffer_I/INSTR_BUFFER_I1/cur_data_i_reg[20]/C (clocked by clk_out1_RISC_V_clk_wiz_1_0) and u_cpu/RISC_V_i/microblaze_riscv_0/U0/riscv_core_I/Base.Core/Data_Flow_I/Operand_Select_I/ex_imm_not_4_reg[18]/R (clocked by clk_out1_RISC_V_clk_wiz_1_0). Large setup violations at the end of those stages might be difficult to fix during the post-placement implementation flow and could be the result of non-optimal XDC constraints or non-optimal design architecture
Related violations: <none>

TIMING-16#275 Warning
Large setup violation  
There is a large setup violation of -3.391 ns between u_cpu/RISC_V_i/microblaze_riscv_0/U0/riscv_core_I/Base.Core/Decode_I/PreFetch_Buffer_I/INSTR_BUFFER_I1/cur_data_i_reg[20]/C (clocked by clk_out1_RISC_V_clk_wiz_1_0) and u_cpu/RISC_V_i/microblaze_riscv_0/U0/riscv_core_I/Base.Core/Data_Flow_I/Operand_Select_I/ex_imm_not_4_reg[19]/R (clocked by clk_out1_RISC_V_clk_wiz_1_0). Large setup violations at the end of those stages might be difficult to fix during the post-placement implementation flow and could be the result of non-optimal XDC constraints or non-optimal design architecture
Related violations: <none>

TIMING-16#276 Warning
Large setup violation  
There is a large setup violation of -3.391 ns between u_cpu/RISC_V_i/microblaze_riscv_0/U0/riscv_core_I/Base.Core/Decode_I/PreFetch_Buffer_I/INSTR_BUFFER_I1/cur_data_i_reg[20]/C (clocked by clk_out1_RISC_V_clk_wiz_1_0) and u_cpu/RISC_V_i/microblaze_riscv_0/U0/riscv_core_I/Base.Core/Data_Flow_I/Operand_Select_I/ex_imm_not_4_reg[20]/R (clocked by clk_out1_RISC_V_clk_wiz_1_0). Large setup violations at the end of those stages might be difficult to fix during the post-placement implementation flow and could be the result of non-optimal XDC constraints or non-optimal design architecture
Related violations: <none>

TIMING-16#277 Warning
Large setup violation  
There is a large setup violation of -3.402 ns between u_cpu/RISC_V_i/microblaze_riscv_0/U0/riscv_core_I/Base.Core/Decode_I/PreFetch_Buffer_I/INSTR_BUFFER_I1/cur_data_i_reg[20]/C (clocked by clk_out1_RISC_V_clk_wiz_1_0) and u_cpu/RISC_V_i/microblaze_riscv_0/U0/riscv_core_I/Base.Core/Data_Flow_I/Operand_Select_I/ex_imm_not_4_reg[29]/R (clocked by clk_out1_RISC_V_clk_wiz_1_0). Large setup violations at the end of those stages might be difficult to fix during the post-placement implementation flow and could be the result of non-optimal XDC constraints or non-optimal design architecture
Related violations: <none>

TIMING-16#278 Warning
Large setup violation  
There is a large setup violation of -3.457 ns between u_cpu/RISC_V_i/microblaze_riscv_0/U0/riscv_core_I/Base.Core/Use_Debug_Logic.Master_Core.Debug_Perf/Performance_Debug_Control.ex_dbg_pc_hit_i_reg/C (clocked by clk_out1_RISC_V_clk_wiz_1_0) and u_cpu/RISC_V_i/microblaze_riscv_0_local_memory/lmb_bram/U0/inst_blk_mem_gen/gnbram.gnative_mem_map_bmg.native_mem_map_blk_mem_gen/valid.cstr/ramloop[7].ram.r/prim_noinit.ram/DEVICE_7SERIES.WITH_BMM_INFO.TRUE_DP.SIMPLE_PRIM36.TDP_SP36_NO_ECC_ATTR.ram/ADDRBWRADDR[11] (clocked by clk_out1_RISC_V_clk_wiz_1_0). Large setup violations at the end of those stages might be difficult to fix during the post-placement implementation flow and could be the result of non-optimal XDC constraints or non-optimal design architecture
Related violations: <none>

TIMING-16#279 Warning
Large setup violation  
There is a large setup violation of -3.468 ns between u_cpu/RISC_V_i/microblaze_riscv_0/U0/riscv_core_I/Base.Core/Decode_I/PreFetch_Buffer_I/INSTR_BUFFER_I1/cur_data_i_reg[20]/C (clocked by clk_out1_RISC_V_clk_wiz_1_0) and u_cpu/RISC_V_i/microblaze_riscv_0/U0/riscv_core_I/Base.Core/Use_Debug_Logic.Master_Core.Debug_Perf/Performance_Debug_Control.ex_ebreak_reg/D (clocked by clk_out1_RISC_V_clk_wiz_1_0). Large setup violations at the end of those stages might be difficult to fix during the post-placement implementation flow and could be the result of non-optimal XDC constraints or non-optimal design architecture
Related violations: <none>

TIMING-16#280 Warning
Large setup violation  
There is a large setup violation of -3.482 ns between u_cpu/RISC_V_i/microblaze_riscv_0/U0/riscv_core_I/Base.Core/Decode_I/PreFetch_Buffer_I/INSTR_BUFFER_I1/cur_data_i_reg[20]/C (clocked by clk_out1_RISC_V_clk_wiz_1_0) and u_cpu/RISC_V_i/microblaze_riscv_0/U0/riscv_core_I/Base.Core/Data_Flow_I/Operand_Select_I/ex_imm_not_4_reg[27]/R (clocked by clk_out1_RISC_V_clk_wiz_1_0). Large setup violations at the end of those stages might be difficult to fix during the post-placement implementation flow and could be the result of non-optimal XDC constraints or non-optimal design architecture
Related violations: <none>

TIMING-16#281 Warning
Large setup violation  
There is a large setup violation of -3.482 ns between u_cpu/RISC_V_i/microblaze_riscv_0/U0/riscv_core_I/Base.Core/Decode_I/PreFetch_Buffer_I/INSTR_BUFFER_I1/cur_data_i_reg[20]/C (clocked by clk_out1_RISC_V_clk_wiz_1_0) and u_cpu/RISC_V_i/microblaze_riscv_0/U0/riscv_core_I/Base.Core/Data_Flow_I/Operand_Select_I/ex_imm_not_4_reg[30]/R (clocked by clk_out1_RISC_V_clk_wiz_1_0). Large setup violations at the end of those stages might be difficult to fix during the post-placement implementation flow and could be the result of non-optimal XDC constraints or non-optimal design architecture
Related violations: <none>

TIMING-16#282 Warning
Large setup violation  
There is a large setup violation of -3.489 ns between u_cpu/RISC_V_i/microblaze_riscv_0/U0/riscv_core_I/Base.Core/Decode_I/PreFetch_Buffer_I/INSTR_BUFFER_I1/cur_data_i_reg[20]/C (clocked by clk_out1_RISC_V_clk_wiz_1_0) and u_cpu/RISC_V_i/microblaze_riscv_0/U0/riscv_core_I/Base.Core/Decode_I/OF_Sel_CSR_reg[minstreth]/R (clocked by clk_out1_RISC_V_clk_wiz_1_0). Large setup violations at the end of those stages might be difficult to fix during the post-placement implementation flow and could be the result of non-optimal XDC constraints or non-optimal design architecture
Related violations: <none>

TIMING-16#283 Warning
Large setup violation  
There is a large setup violation of -3.563 ns between u_cpu/RISC_V_i/microblaze_riscv_0/U0/riscv_core_I/Base.Core/Decode_I/PreFetch_Buffer_I/INSTR_BUFFER_I1/cur_data_i_reg[20]/C (clocked by clk_out1_RISC_V_clk_wiz_1_0) and u_cpu/RISC_V_i/microblaze_riscv_0/U0/riscv_core_I/Base.Core/Decode_I/OF_Sel_CSR_reg[cycle]/R (clocked by clk_out1_RISC_V_clk_wiz_1_0). Large setup violations at the end of those stages might be difficult to fix during the post-placement implementation flow and could be the result of non-optimal XDC constraints or non-optimal design architecture
Related violations: <none>

TIMING-16#284 Warning
Large setup violation  
There is a large setup violation of -3.563 ns between u_cpu/RISC_V_i/microblaze_riscv_0/U0/riscv_core_I/Base.Core/Decode_I/PreFetch_Buffer_I/INSTR_BUFFER_I1/cur_data_i_reg[20]/C (clocked by clk_out1_RISC_V_clk_wiz_1_0) and u_cpu/RISC_V_i/microblaze_riscv_0/U0/riscv_core_I/Base.Core/Decode_I/OF_Sel_CSR_reg[cycleh]/R (clocked by clk_out1_RISC_V_clk_wiz_1_0). Large setup violations at the end of those stages might be difficult to fix during the post-placement implementation flow and could be the result of non-optimal XDC constraints or non-optimal design architecture
Related violations: <none>

TIMING-16#285 Warning
Large setup violation  
There is a large setup violation of -3.563 ns between u_cpu/RISC_V_i/microblaze_riscv_0/U0/riscv_core_I/Base.Core/Decode_I/PreFetch_Buffer_I/INSTR_BUFFER_I1/cur_data_i_reg[20]/C (clocked by clk_out1_RISC_V_clk_wiz_1_0) and u_cpu/RISC_V_i/microblaze_riscv_0/U0/riscv_core_I/Base.Core/Decode_I/OF_Sel_CSR_reg[tdata1]/R (clocked by clk_out1_RISC_V_clk_wiz_1_0). Large setup violations at the end of those stages might be difficult to fix during the post-placement implementation flow and could be the result of non-optimal XDC constraints or non-optimal design architecture
Related violations: <none>

TIMING-16#286 Warning
Large setup violation  
There is a large setup violation of -3.563 ns between u_cpu/RISC_V_i/microblaze_riscv_0/U0/riscv_core_I/Base.Core/Decode_I/PreFetch_Buffer_I/INSTR_BUFFER_I1/cur_data_i_reg[20]/C (clocked by clk_out1_RISC_V_clk_wiz_1_0) and u_cpu/RISC_V_i/microblaze_riscv_0/U0/riscv_core_I/Base.Core/Decode_I/OF_Sel_CSR_reg[tdata2]/R (clocked by clk_out1_RISC_V_clk_wiz_1_0). Large setup violations at the end of those stages might be difficult to fix during the post-placement implementation flow and could be the result of non-optimal XDC constraints or non-optimal design architecture
Related violations: <none>

TIMING-16#287 Warning
Large setup violation  
There is a large setup violation of -3.618 ns between u_cpu/RISC_V_i/microblaze_riscv_0/U0/riscv_core_I/Base.Core/Decode_I/PreFetch_Buffer_I/INSTR_BUFFER_I1/cur_data_i_reg[20]/C (clocked by clk_out1_RISC_V_clk_wiz_1_0) and u_cpu/RISC_V_i/microblaze_riscv_0/U0/riscv_core_I/Base.Core/Use_Debug_Logic.Master_Core.Debug_Perf/Performance_Debug_Control.ex_trigger_hit_reg/D (clocked by clk_out1_RISC_V_clk_wiz_1_0). Large setup violations at the end of those stages might be difficult to fix during the post-placement implementation flow and could be the result of non-optimal XDC constraints or non-optimal design architecture
Related violations: <none>

TIMING-16#288 Warning
Large setup violation  
There is a large setup violation of -3.705 ns between u_cpu/RISC_V_i/microblaze_riscv_0/U0/riscv_core_I/Base.Core/Decode_I/PreFetch_Buffer_I/INSTR_BUFFER_I1/cur_data_i_reg[20]/C (clocked by clk_out1_RISC_V_clk_wiz_1_0) and u_cpu/RISC_V_i/microblaze_riscv_0/U0/riscv_core_I/Base.Core/Data_Flow_I/Operand_Select_I/ex_imm_not_4_reg[21]/R (clocked by clk_out1_RISC_V_clk_wiz_1_0). Large setup violations at the end of those stages might be difficult to fix during the post-placement implementation flow and could be the result of non-optimal XDC constraints or non-optimal design architecture
Related violations: <none>

TIMING-16#289 Warning
Large setup violation  
There is a large setup violation of -3.705 ns between u_cpu/RISC_V_i/microblaze_riscv_0/U0/riscv_core_I/Base.Core/Decode_I/PreFetch_Buffer_I/INSTR_BUFFER_I1/cur_data_i_reg[20]/C (clocked by clk_out1_RISC_V_clk_wiz_1_0) and u_cpu/RISC_V_i/microblaze_riscv_0/U0/riscv_core_I/Base.Core/Data_Flow_I/Operand_Select_I/ex_imm_not_4_reg[22]/R (clocked by clk_out1_RISC_V_clk_wiz_1_0). Large setup violations at the end of those stages might be difficult to fix during the post-placement implementation flow and could be the result of non-optimal XDC constraints or non-optimal design architecture
Related violations: <none>

TIMING-16#290 Warning
Large setup violation  
There is a large setup violation of -3.705 ns between u_cpu/RISC_V_i/microblaze_riscv_0/U0/riscv_core_I/Base.Core/Decode_I/PreFetch_Buffer_I/INSTR_BUFFER_I1/cur_data_i_reg[20]/C (clocked by clk_out1_RISC_V_clk_wiz_1_0) and u_cpu/RISC_V_i/microblaze_riscv_0/U0/riscv_core_I/Base.Core/Data_Flow_I/Operand_Select_I/ex_imm_not_4_reg[23]/R (clocked by clk_out1_RISC_V_clk_wiz_1_0). Large setup violations at the end of those stages might be difficult to fix during the post-placement implementation flow and could be the result of non-optimal XDC constraints or non-optimal design architecture
Related violations: <none>

TIMING-16#291 Warning
Large setup violation  
There is a large setup violation of -3.719 ns between u_cpu/RISC_V_i/microblaze_riscv_0/U0/riscv_core_I/Base.Core/Decode_I/PreFetch_Buffer_I/INSTR_BUFFER_I1/cur_data_i_reg[20]/C (clocked by clk_out1_RISC_V_clk_wiz_1_0) and u_cpu/RISC_V_i/microblaze_riscv_0/U0/riscv_core_I/Base.Core/Data_Flow_I/Operand_Select_I/ex_imm_not_4_reg[28]/R (clocked by clk_out1_RISC_V_clk_wiz_1_0). Large setup violations at the end of those stages might be difficult to fix during the post-placement implementation flow and could be the result of non-optimal XDC constraints or non-optimal design architecture
Related violations: <none>

TIMING-16#292 Warning
Large setup violation  
There is a large setup violation of -3.798 ns between u_cpu/RISC_V_i/microblaze_riscv_0/U0/riscv_core_I/Base.Core/Use_Debug_Logic.Master_Core.Debug_Perf/Performance_Debug_Control.ex_dbg_pc_hit_i_reg/C (clocked by clk_out1_RISC_V_clk_wiz_1_0) and u_cpu/RISC_V_i/microblaze_riscv_0_local_memory/lmb_bram/U0/inst_blk_mem_gen/gnbram.gnative_mem_map_bmg.native_mem_map_blk_mem_gen/valid.cstr/ramloop[8].ram.r/prim_noinit.ram/DEVICE_7SERIES.WITH_BMM_INFO.TRUE_DP.SIMPLE_PRIM36.TDP_SP36_NO_ECC_ATTR.ram/ADDRBWRADDR[11] (clocked by clk_out1_RISC_V_clk_wiz_1_0). Large setup violations at the end of those stages might be difficult to fix during the post-placement implementation flow and could be the result of non-optimal XDC constraints or non-optimal design architecture
Related violations: <none>

TIMING-16#293 Warning
Large setup violation  
There is a large setup violation of -3.857 ns between u_cpu/RISC_V_i/microblaze_riscv_0/U0/riscv_core_I/Base.Core/Use_Debug_Logic.Master_Core.Debug_Perf/Performance_Debug_Control.ex_dbg_pc_hit_i_reg/C (clocked by clk_out1_RISC_V_clk_wiz_1_0) and u_cpu/RISC_V_i/microblaze_riscv_0_local_memory/lmb_bram/U0/inst_blk_mem_gen/gnbram.gnative_mem_map_bmg.native_mem_map_blk_mem_gen/valid.cstr/ramloop[7].ram.r/prim_noinit.ram/DEVICE_7SERIES.WITH_BMM_INFO.TRUE_DP.SIMPLE_PRIM36.TDP_SP36_NO_ECC_ATTR.ram/ENBWREN (clocked by clk_out1_RISC_V_clk_wiz_1_0). Large setup violations at the end of those stages might be difficult to fix during the post-placement implementation flow and could be the result of non-optimal XDC constraints or non-optimal design architecture
Related violations: <none>

TIMING-16#294 Warning
Large setup violation  
There is a large setup violation of -3.959 ns between u_cpu/RISC_V_i/microblaze_riscv_0/U0/riscv_core_I/Base.Core/Use_Debug_Logic.Master_Core.Debug_Perf/Performance_Debug_Control.ex_dbg_pc_hit_i_reg/C (clocked by clk_out1_RISC_V_clk_wiz_1_0) and u_cpu/RISC_V_i/microblaze_riscv_0_local_memory/lmb_bram/U0/inst_blk_mem_gen/gnbram.gnative_mem_map_bmg.native_mem_map_blk_mem_gen/valid.cstr/ramloop[7].ram.r/prim_noinit.ram/DEVICE_7SERIES.WITH_BMM_INFO.TRUE_DP.SIMPLE_PRIM36.TDP_SP36_NO_ECC_ATTR.ram/ADDRBWRADDR[10] (clocked by clk_out1_RISC_V_clk_wiz_1_0). Large setup violations at the end of those stages might be difficult to fix during the post-placement implementation flow and could be the result of non-optimal XDC constraints or non-optimal design architecture
Related violations: <none>

TIMING-16#295 Warning
Large setup violation  
There is a large setup violation of -4.086 ns between u_cpu/RISC_V_i/microblaze_riscv_0/U0/riscv_core_I/Base.Core/Data_Flow_I/Operand_Select_I/EX_Op1_reg[31]/C (clocked by clk_out1_RISC_V_clk_wiz_1_0) and u_cpu/RISC_V_i/microblaze_riscv_0_local_memory/lmb_bram/U0/inst_blk_mem_gen/gnbram.gnative_mem_map_bmg.native_mem_map_blk_mem_gen/valid.cstr/ramloop[7].ram.r/prim_noinit.ram/DEVICE_7SERIES.WITH_BMM_INFO.TRUE_DP.SIMPLE_PRIM36.TDP_SP36_NO_ECC_ATTR.ram/ENARDEN (clocked by clk_out1_RISC_V_clk_wiz_1_0). Large setup violations at the end of those stages might be difficult to fix during the post-placement implementation flow and could be the result of non-optimal XDC constraints or non-optimal design architecture
Related violations: <none>

TIMING-16#296 Warning
Large setup violation  
There is a large setup violation of -4.092 ns between u_cpu/RISC_V_i/microblaze_riscv_0/U0/riscv_core_I/Base.Core/Use_Debug_Logic.Master_Core.Debug_Perf/Performance_Debug_Control.ex_dbg_pc_hit_i_reg/C (clocked by clk_out1_RISC_V_clk_wiz_1_0) and u_cpu/RISC_V_i/microblaze_riscv_0_local_memory/lmb_bram/U0/inst_blk_mem_gen/gnbram.gnative_mem_map_bmg.native_mem_map_blk_mem_gen/valid.cstr/ramloop[8].ram.r/prim_noinit.ram/DEVICE_7SERIES.WITH_BMM_INFO.TRUE_DP.SIMPLE_PRIM36.TDP_SP36_NO_ECC_ATTR.ram/ENBWREN (clocked by clk_out1_RISC_V_clk_wiz_1_0). Large setup violations at the end of those stages might be difficult to fix during the post-placement implementation flow and could be the result of non-optimal XDC constraints or non-optimal design architecture
Related violations: <none>

TIMING-16#297 Warning
Large setup violation  
There is a large setup violation of -4.131 ns between u_cpu/RISC_V_i/microblaze_riscv_0/U0/riscv_core_I/Base.Core/Use_Debug_Logic.Master_Core.Debug_Perf/Performance_Debug_Control.ex_dbg_pc_hit_i_reg/C (clocked by clk_out1_RISC_V_clk_wiz_1_0) and u_cpu/RISC_V_i/microblaze_riscv_0_local_memory/lmb_bram/U0/inst_blk_mem_gen/gnbram.gnative_mem_map_bmg.native_mem_map_blk_mem_gen/valid.cstr/ramloop[13].ram.r/prim_noinit.ram/DEVICE_7SERIES.WITH_BMM_INFO.TRUE_DP.SIMPLE_PRIM36.TDP_SP36_NO_ECC_ATTR.ram/ADDRBWRADDR[11] (clocked by clk_out1_RISC_V_clk_wiz_1_0). Large setup violations at the end of those stages might be difficult to fix during the post-placement implementation flow and could be the result of non-optimal XDC constraints or non-optimal design architecture
Related violations: <none>

TIMING-16#298 Warning
Large setup violation  
There is a large setup violation of -4.300 ns between u_cpu/RISC_V_i/microblaze_riscv_0/U0/riscv_core_I/Base.Core/Use_Debug_Logic.Master_Core.Debug_Perf/Performance_Debug_Control.ex_dbg_pc_hit_i_reg/C (clocked by clk_out1_RISC_V_clk_wiz_1_0) and u_cpu/RISC_V_i/microblaze_riscv_0_local_memory/lmb_bram/U0/inst_blk_mem_gen/gnbram.gnative_mem_map_bmg.native_mem_map_blk_mem_gen/valid.cstr/ramloop[8].ram.r/prim_noinit.ram/DEVICE_7SERIES.WITH_BMM_INFO.TRUE_DP.SIMPLE_PRIM36.TDP_SP36_NO_ECC_ATTR.ram/ADDRBWRADDR[10] (clocked by clk_out1_RISC_V_clk_wiz_1_0). Large setup violations at the end of those stages might be difficult to fix during the post-placement implementation flow and could be the result of non-optimal XDC constraints or non-optimal design architecture
Related violations: <none>

TIMING-16#299 Warning
Large setup violation  
There is a large setup violation of -4.521 ns between u_cpu/RISC_V_i/microblaze_riscv_0/U0/riscv_core_I/Base.Core/Use_Debug_Logic.Master_Core.Debug_Perf/Performance_Debug_Control.ex_dbg_pc_hit_i_reg/C (clocked by clk_out1_RISC_V_clk_wiz_1_0) and u_cpu/RISC_V_i/microblaze_riscv_0_local_memory/lmb_bram/U0/inst_blk_mem_gen/gnbram.gnative_mem_map_bmg.native_mem_map_blk_mem_gen/valid.cstr/ramloop[13].ram.r/prim_noinit.ram/DEVICE_7SERIES.WITH_BMM_INFO.TRUE_DP.SIMPLE_PRIM36.TDP_SP36_NO_ECC_ATTR.ram/ENBWREN (clocked by clk_out1_RISC_V_clk_wiz_1_0). Large setup violations at the end of those stages might be difficult to fix during the post-placement implementation flow and could be the result of non-optimal XDC constraints or non-optimal design architecture
Related violations: <none>

TIMING-16#300 Warning
Large setup violation  
There is a large setup violation of -4.557 ns between u_cpu/RISC_V_i/microblaze_riscv_0/U0/riscv_core_I/Base.Core/Data_Flow_I/Operand_Select_I/EX_Op1_reg[31]/C (clocked by clk_out1_RISC_V_clk_wiz_1_0) and u_cpu/RISC_V_i/microblaze_riscv_0_local_memory/lmb_bram/U0/inst_blk_mem_gen/gnbram.gnative_mem_map_bmg.native_mem_map_blk_mem_gen/valid.cstr/ramloop[8].ram.r/prim_noinit.ram/DEVICE_7SERIES.WITH_BMM_INFO.TRUE_DP.SIMPLE_PRIM36.TDP_SP36_NO_ECC_ATTR.ram/ENARDEN (clocked by clk_out1_RISC_V_clk_wiz_1_0). Large setup violations at the end of those stages might be difficult to fix during the post-placement implementation flow and could be the result of non-optimal XDC constraints or non-optimal design architecture
Related violations: <none>

TIMING-16#301 Warning
Large setup violation  
There is a large setup violation of -4.605 ns between u_cpu/RISC_V_i/microblaze_riscv_0/U0/riscv_core_I/Base.Core/Data_Flow_I/Operand_Select_I/EX_Op1_reg[31]/C (clocked by clk_out1_RISC_V_clk_wiz_1_0) and u_cpu/RISC_V_i/microblaze_riscv_0_local_memory/lmb_bram/U0/inst_blk_mem_gen/gnbram.gnative_mem_map_bmg.native_mem_map_blk_mem_gen/valid.cstr/ramloop[13].ram.r/prim_noinit.ram/DEVICE_7SERIES.WITH_BMM_INFO.TRUE_DP.SIMPLE_PRIM36.TDP_SP36_NO_ECC_ATTR.ram/ENARDEN (clocked by clk_out1_RISC_V_clk_wiz_1_0). Large setup violations at the end of those stages might be difficult to fix during the post-placement implementation flow and could be the result of non-optimal XDC constraints or non-optimal design architecture
Related violations: <none>

TIMING-16#302 Warning
Large setup violation  
There is a large setup violation of -4.633 ns between u_cpu/RISC_V_i/microblaze_riscv_0/U0/riscv_core_I/Base.Core/Use_Debug_Logic.Master_Core.Debug_Perf/Performance_Debug_Control.ex_dbg_pc_hit_i_reg/C (clocked by clk_out1_RISC_V_clk_wiz_1_0) and u_cpu/RISC_V_i/microblaze_riscv_0_local_memory/lmb_bram/U0/inst_blk_mem_gen/gnbram.gnative_mem_map_bmg.native_mem_map_blk_mem_gen/valid.cstr/ramloop[13].ram.r/prim_noinit.ram/DEVICE_7SERIES.WITH_BMM_INFO.TRUE_DP.SIMPLE_PRIM36.TDP_SP36_NO_ECC_ATTR.ram/ADDRBWRADDR[10] (clocked by clk_out1_RISC_V_clk_wiz_1_0). Large setup violations at the end of those stages might be difficult to fix during the post-placement implementation flow and could be the result of non-optimal XDC constraints or non-optimal design architecture
Related violations: <none>

TIMING-18#1 Warning
Missing input or output delay  
An input delay is missing on BTN[0] relative to the rising and/or falling clock edge(s) of u_cpu/RISC_V_i/clk_wiz_1/inst/clk_in1.
Related violations: <none>

TIMING-18#2 Warning
Missing input or output delay  
An input delay is missing on BTN[1] relative to the rising and/or falling clock edge(s) of u_cpu/RISC_V_i/clk_wiz_1/inst/clk_in1.
Related violations: <none>

TIMING-18#3 Warning
Missing input or output delay  
An input delay is missing on BTN[2] relative to the rising and/or falling clock edge(s) of u_cpu/RISC_V_i/clk_wiz_1/inst/clk_in1.
Related violations: <none>

TIMING-18#4 Warning
Missing input or output delay  
An input delay is missing on BTN[3] relative to the rising and/or falling clock edge(s) of u_cpu/RISC_V_i/clk_wiz_1/inst/clk_in1.
Related violations: <none>

TIMING-18#5 Warning
Missing input or output delay  
An input delay is missing on BTN[4] relative to the rising and/or falling clock edge(s) of u_cpu/RISC_V_i/clk_wiz_1/inst/clk_in1.
Related violations: <none>

TIMING-18#6 Warning
Missing input or output delay  
An input delay is missing on CPU_RESETN relative to the rising and/or falling clock edge(s) of sys_clk_pin, u_cpu/RISC_V_i/clk_wiz_1/inst/clk_in1.
Related violations: <none>

TIMING-18#7 Warning
Missing input or output delay  
An input delay is missing on OV_SIOC relative to the rising and/or falling clock edge(s) of u_cpu/RISC_V_i/clk_wiz_1/inst/clk_in1.
Related violations: <none>

TIMING-18#8 Warning
Missing input or output delay  
An input delay is missing on OV_SIOD relative to the rising and/or falling clock edge(s) of u_cpu/RISC_V_i/clk_wiz_1/inst/clk_in1.
Related violations: <none>

TIMING-18#9 Warning
Missing input or output delay  
An input delay is missing on SW[0] relative to the rising and/or falling clock edge(s) of u_cpu/RISC_V_i/clk_wiz_1/inst/clk_in1.
Related violations: <none>

TIMING-18#10 Warning
Missing input or output delay  
An input delay is missing on SW[10] relative to the rising and/or falling clock edge(s) of u_cpu/RISC_V_i/clk_wiz_1/inst/clk_in1.
Related violations: <none>

TIMING-18#11 Warning
Missing input or output delay  
An input delay is missing on SW[11] relative to the rising and/or falling clock edge(s) of u_cpu/RISC_V_i/clk_wiz_1/inst/clk_in1.
Related violations: <none>

TIMING-18#12 Warning
Missing input or output delay  
An input delay is missing on SW[12] relative to the rising and/or falling clock edge(s) of u_cpu/RISC_V_i/clk_wiz_1/inst/clk_in1.
Related violations: <none>

TIMING-18#13 Warning
Missing input or output delay  
An input delay is missing on SW[13] relative to the rising and/or falling clock edge(s) of u_cpu/RISC_V_i/clk_wiz_1/inst/clk_in1.
Related violations: <none>

TIMING-18#14 Warning
Missing input or output delay  
An input delay is missing on SW[14] relative to the rising and/or falling clock edge(s) of u_cpu/RISC_V_i/clk_wiz_1/inst/clk_in1.
Related violations: <none>

TIMING-18#15 Warning
Missing input or output delay  
An input delay is missing on SW[15] relative to the rising and/or falling clock edge(s) of u_cpu/RISC_V_i/clk_wiz_1/inst/clk_in1.
Related violations: <none>

TIMING-18#16 Warning
Missing input or output delay  
An input delay is missing on SW[1] relative to the rising and/or falling clock edge(s) of u_cpu/RISC_V_i/clk_wiz_1/inst/clk_in1.
Related violations: <none>

TIMING-18#17 Warning
Missing input or output delay  
An input delay is missing on SW[2] relative to the rising and/or falling clock edge(s) of u_cpu/RISC_V_i/clk_wiz_1/inst/clk_in1.
Related violations: <none>

TIMING-18#18 Warning
Missing input or output delay  
An input delay is missing on SW[3] relative to the rising and/or falling clock edge(s) of u_cpu/RISC_V_i/clk_wiz_1/inst/clk_in1.
Related violations: <none>

TIMING-18#19 Warning
Missing input or output delay  
An input delay is missing on SW[4] relative to the rising and/or falling clock edge(s) of u_cpu/RISC_V_i/clk_wiz_1/inst/clk_in1.
Related violations: <none>

TIMING-18#20 Warning
Missing input or output delay  
An input delay is missing on SW[5] relative to the rising and/or falling clock edge(s) of u_cpu/RISC_V_i/clk_wiz_1/inst/clk_in1.
Related violations: <none>

TIMING-18#21 Warning
Missing input or output delay  
An input delay is missing on SW[6] relative to the rising and/or falling clock edge(s) of u_cpu/RISC_V_i/clk_wiz_1/inst/clk_in1.
Related violations: <none>

TIMING-18#22 Warning
Missing input or output delay  
An input delay is missing on SW[7] relative to the rising and/or falling clock edge(s) of u_cpu/RISC_V_i/clk_wiz_1/inst/clk_in1.
Related violations: <none>

TIMING-18#23 Warning
Missing input or output delay  
An input delay is missing on SW[8] relative to the rising and/or falling clock edge(s) of u_cpu/RISC_V_i/clk_wiz_1/inst/clk_in1.
Related violations: <none>

TIMING-18#24 Warning
Missing input or output delay  
An input delay is missing on SW[9] relative to the rising and/or falling clock edge(s) of u_cpu/RISC_V_i/clk_wiz_1/inst/clk_in1.
Related violations: <none>

TIMING-18#25 Warning
Missing input or output delay  
An input delay is missing on UART_RX_OUT relative to the rising and/or falling clock edge(s) of u_cpu/RISC_V_i/clk_wiz_1/inst/clk_in1.
Related violations: <none>

TIMING-18#26 Warning
Missing input or output delay  
An output delay is missing on LED[0] relative to the rising and/or falling clock edge(s) of u_cpu/RISC_V_i/clk_wiz_1/inst/clk_in1.
Related violations: <none>

TIMING-18#27 Warning
Missing input or output delay  
An output delay is missing on LED[10] relative to the rising and/or falling clock edge(s) of u_cpu/RISC_V_i/clk_wiz_1/inst/clk_in1.
Related violations: <none>

TIMING-18#28 Warning
Missing input or output delay  
An output delay is missing on LED[11] relative to the rising and/or falling clock edge(s) of u_cpu/RISC_V_i/clk_wiz_1/inst/clk_in1.
Related violations: <none>

TIMING-18#29 Warning
Missing input or output delay  
An output delay is missing on LED[12] relative to the rising and/or falling clock edge(s) of u_cpu/RISC_V_i/clk_wiz_1/inst/clk_in1.
Related violations: <none>

TIMING-18#30 Warning
Missing input or output delay  
An output delay is missing on LED[13] relative to the rising and/or falling clock edge(s) of u_cpu/RISC_V_i/clk_wiz_1/inst/clk_in1.
Related violations: <none>

TIMING-18#31 Warning
Missing input or output delay  
An output delay is missing on LED[14] relative to the rising and/or falling clock edge(s) of u_cpu/RISC_V_i/clk_wiz_1/inst/clk_in1.
Related violations: <none>

TIMING-18#32 Warning
Missing input or output delay  
An output delay is missing on LED[15] relative to the rising and/or falling clock edge(s) of u_cpu/RISC_V_i/clk_wiz_1/inst/clk_in1.
Related violations: <none>

TIMING-18#33 Warning
Missing input or output delay  
An output delay is missing on LED[1] relative to the rising and/or falling clock edge(s) of u_cpu/RISC_V_i/clk_wiz_1/inst/clk_in1.
Related violations: <none>

TIMING-18#34 Warning
Missing input or output delay  
An output delay is missing on LED[2] relative to the rising and/or falling clock edge(s) of u_cpu/RISC_V_i/clk_wiz_1/inst/clk_in1.
Related violations: <none>

TIMING-18#35 Warning
Missing input or output delay  
An output delay is missing on LED[3] relative to the rising and/or falling clock edge(s) of u_cpu/RISC_V_i/clk_wiz_1/inst/clk_in1.
Related violations: <none>

TIMING-18#36 Warning
Missing input or output delay  
An output delay is missing on LED[4] relative to the rising and/or falling clock edge(s) of u_cpu/RISC_V_i/clk_wiz_1/inst/clk_in1.
Related violations: <none>

TIMING-18#37 Warning
Missing input or output delay  
An output delay is missing on LED[5] relative to the rising and/or falling clock edge(s) of u_cpu/RISC_V_i/clk_wiz_1/inst/clk_in1.
Related violations: <none>

TIMING-18#38 Warning
Missing input or output delay  
An output delay is missing on LED[6] relative to the rising and/or falling clock edge(s) of u_cpu/RISC_V_i/clk_wiz_1/inst/clk_in1.
Related violations: <none>

TIMING-18#39 Warning
Missing input or output delay  
An output delay is missing on LED[7] relative to the rising and/or falling clock edge(s) of u_cpu/RISC_V_i/clk_wiz_1/inst/clk_in1.
Related violations: <none>

TIMING-18#40 Warning
Missing input or output delay  
An output delay is missing on LED[8] relative to the rising and/or falling clock edge(s) of u_cpu/RISC_V_i/clk_wiz_1/inst/clk_in1.
Related violations: <none>

TIMING-18#41 Warning
Missing input or output delay  
An output delay is missing on LED[9] relative to the rising and/or falling clock edge(s) of u_cpu/RISC_V_i/clk_wiz_1/inst/clk_in1.
Related violations: <none>

TIMING-18#42 Warning
Missing input or output delay  
An output delay is missing on M1_IN1 relative to the rising and/or falling clock edge(s) of sys_clk_pin.
Related violations: <none>

TIMING-18#43 Warning
Missing input or output delay  
An output delay is missing on M1_IN2 relative to the rising and/or falling clock edge(s) of sys_clk_pin.
Related violations: <none>

TIMING-18#44 Warning
Missing input or output delay  
An output delay is missing on M2_IN1 relative to the rising and/or falling clock edge(s) of sys_clk_pin.
Related violations: <none>

TIMING-18#45 Warning
Missing input or output delay  
An output delay is missing on M2_IN2 relative to the rising and/or falling clock edge(s) of sys_clk_pin.
Related violations: <none>

TIMING-18#46 Warning
Missing input or output delay  
An output delay is missing on M3_IN1 relative to the rising and/or falling clock edge(s) of sys_clk_pin.
Related violations: <none>

TIMING-18#47 Warning
Missing input or output delay  
An output delay is missing on M3_IN2 relative to the rising and/or falling clock edge(s) of sys_clk_pin.
Related violations: <none>

TIMING-18#48 Warning
Missing input or output delay  
An output delay is missing on M4_IN1 relative to the rising and/or falling clock edge(s) of sys_clk_pin.
Related violations: <none>

TIMING-18#49 Warning
Missing input or output delay  
An output delay is missing on M4_IN2 relative to the rising and/or falling clock edge(s) of sys_clk_pin.
Related violations: <none>

TIMING-18#50 Warning
Missing input or output delay  
An output delay is missing on OV_SIOC relative to the rising and/or falling clock edge(s) of u_cpu/RISC_V_i/clk_wiz_1/inst/clk_in1.
Related violations: <none>

TIMING-18#51 Warning
Missing input or output delay  
An output delay is missing on OV_SIOD relative to the rising and/or falling clock edge(s) of u_cpu/RISC_V_i/clk_wiz_1/inst/clk_in1.
Related violations: <none>

TIMING-18#52 Warning
Missing input or output delay  
An output delay is missing on UART_TX_IN relative to the rising and/or falling clock edge(s) of u_cpu/RISC_V_i/clk_wiz_1/inst/clk_in1.
Related violations: <none>


