Copyright 1986-2022 Xilinx, Inc. All Rights Reserved. Copyright 2022-2025 Advanced Micro Devices, Inc. All Rights Reserved.
------------------------------------------------------------------------------------------------------------------------------------------------------------------------------------------------------------------------------------------------------
| Tool Version : Vivado v.2025.1 (win64) Build 6140274 Thu May 22 00:12:29 MDT 2025
| Date         : Fri Nov 28 14:09:37 2025
| Host         : ThinkpadP1_Liam running 64-bit major release  (build 9200)
| Command      : report_timing_summary -max_paths 10 -routable_nets -report_unconstrained -file top_ov7670_vga_timing_summary_routed.rpt -pb top_ov7670_vga_timing_summary_routed.pb -rpx top_ov7670_vga_timing_summary_routed.rpx -warn_on_violation
| Design       : top_ov7670_vga
| Device       : 7a100t-csg324
| Speed File   : -1  PRODUCTION 1.23 2018-06-13
| Design State : Routed
------------------------------------------------------------------------------------------------------------------------------------------------------------------------------------------------------------------------------------------------------

Timing Summary Report

------------------------------------------------------------------------------------------------
| Timer Settings
| --------------
------------------------------------------------------------------------------------------------

  Enable Multi Corner Analysis               :  Yes
  Enable Pessimism Removal                   :  Yes
  Pessimism Removal Resolution               :  Nearest Common Node
  Enable Input Delay Default Clock           :  No
  Enable Preset / Clear Arcs                 :  No
  Disable Flight Delays                      :  No
  Ignore I/O Paths                           :  No
  Timing Early Launch at Borrowing Latches   :  No
  Borrow Time for Max Delay Exceptions       :  Yes
  Merge Timing Exceptions                    :  Yes
  Inter-SLR Compensation                     :  Conservative

  Corner  Analyze    Analyze    
  Name    Max Paths  Min Paths  
  ------  ---------  ---------  
  Slow    Yes        Yes        
  Fast    Yes        Yes        


------------------------------------------------------------------------------------------------
| Report Methodology
| ------------------
------------------------------------------------------------------------------------------------

Rule       Severity          Description                                                       Violations  
---------  ----------------  ----------------------------------------------------------------  ----------  
TIMING-6   Critical Warning  No common primary clock between related clocks                    2           
TIMING-17  Critical Warning  Non-clocked sequential cell                                       130         
CKLD-2     Warning           Clock Net has IO Driver, not a Clock Buf, and/or non-Clock loads  1           
DPIR-1     Warning           Asynchronous driver check                                         20          
LUTAR-1    Warning           LUT drives async reset alert                                      1           
TIMING-56  Warning           Missing logically or physically excluded clock groups constraint  3           

Note: This report is based on the most recent report_methodology run and may not be up-to-date. Run report_methodology on the current design for the latest report.



check_timing report

Table of Contents
-----------------
1. checking no_clock (130)
2. checking constant_clock (0)
3. checking pulse_width_clock (0)
4. checking unconstrained_internal_endpoints (2338)
5. checking no_input_delay (7)
6. checking no_output_delay (14)
7. checking multiple_clock (152)
8. checking generated_clocks (0)
9. checking loops (0)
10. checking partial_input_delay (0)
11. checking partial_output_delay (0)
12. checking latch_loops (0)

1. checking no_clock (130)
--------------------------
 There are 130 register/latch pins with no clock driven by root clock pin: OV_PCLK (HIGH)


2. checking constant_clock (0)
------------------------------
 There are 0 register/latch pins with constant_clock.


3. checking pulse_width_clock (0)
---------------------------------
 There are 0 register/latch pins which need pulse_width check


4. checking unconstrained_internal_endpoints (2338)
---------------------------------------------------
 There are 2338 pins that are not constrained for maximum delay. (HIGH)

 There are 0 pins that are not constrained for maximum delay due to constant clock.


5. checking no_input_delay (7)
------------------------------
 There are 7 input ports with no input delay specified. (HIGH)

 There are 0 input ports with no input delay but user has a false path constraint.


6. checking no_output_delay (14)
--------------------------------
 There are 14 ports with no output delay specified. (HIGH)

 There are 0 ports with no output delay but user has a false path constraint

 There are 0 ports with no output delay but with a timing clock defined on it or propagating through it


7. checking multiple_clock (152)
--------------------------------
 There are 152 register/latch pins with multiple clocks. (HIGH)


8. checking generated_clocks (0)
--------------------------------
 There are 0 generated clocks that are not connected to a clock source.


9. checking loops (0)
---------------------
 There are 0 combinational loops in the design.


10. checking partial_input_delay (0)
------------------------------------
 There are 0 input ports with partial input delay specified.


11. checking partial_output_delay (0)
-------------------------------------
 There are 0 ports with partial output delay specified.


12. checking latch_loops (0)
----------------------------
 There are 0 combinational latch loops in the design through latch input



------------------------------------------------------------------------------------------------
| Design Timing Summary
| ---------------------
------------------------------------------------------------------------------------------------

    WNS(ns)      TNS(ns)  TNS Failing Endpoints  TNS Total Endpoints      WHS(ns)      THS(ns)  THS Failing Endpoints  THS Total Endpoints     WPWS(ns)     TPWS(ns)  TPWS Failing Endpoints  TPWS Total Endpoints  
    -------      -------  ---------------------  -------------------      -------      -------  ---------------------  -------------------     --------     --------  ----------------------  --------------------  
     18.236        0.000                      0                 1531        0.091        0.000                      0                 1531        3.000        0.000                       0                   160  


All user specified timing constraints are met.


------------------------------------------------------------------------------------------------
| Clock Summary
| -------------
------------------------------------------------------------------------------------------------

Clock                   Waveform(ns)       Period(ns)      Frequency(MHz)
-----                   ------------       ----------      --------------
CLK100MHZ               {0.000 5.000}      10.000          100.000         
  clk_out1_clk_wiz_0    {0.000 20.000}     40.000          25.000          
  clk_out2_clk_wiz_0    {0.000 20.833}     41.667          24.000          
  clkfbout_clk_wiz_0    {0.000 5.000}      10.000          100.000         
sys_clk_pin             {0.000 5.000}      10.000          100.000         
  clk_out1_clk_wiz_0_1  {0.000 20.000}     40.000          25.000          
  clk_out2_clk_wiz_0_1  {0.000 20.833}     41.667          24.000          
  clkfbout_clk_wiz_0_1  {0.000 5.000}      10.000          100.000         


------------------------------------------------------------------------------------------------
| Intra Clock Table
| -----------------
------------------------------------------------------------------------------------------------

Clock                       WNS(ns)      TNS(ns)  TNS Failing Endpoints  TNS Total Endpoints      WHS(ns)      THS(ns)  THS Failing Endpoints  THS Total Endpoints     WPWS(ns)     TPWS(ns)  TPWS Failing Endpoints  TPWS Total Endpoints  
-----                       -------      -------  ---------------------  -------------------      -------      -------  ---------------------  -------------------     --------     --------  ----------------------  --------------------  
CLK100MHZ                                                                                                                                                                 3.000        0.000                       0                     1  
  clk_out1_clk_wiz_0         18.236        0.000                      0                 1531        0.197        0.000                      0                 1531       19.500        0.000                       0                   154  
  clk_out2_clk_wiz_0                                                                                                                                                     39.511        0.000                       0                     2  
  clkfbout_clk_wiz_0                                                                                                                                                      7.845        0.000                       0                     3  
sys_clk_pin                                                                                                                                                               3.000        0.000                       0                     1  
  clk_out1_clk_wiz_0_1       18.239        0.000                      0                 1531        0.197        0.000                      0                 1531       19.500        0.000                       0                   154  
  clk_out2_clk_wiz_0_1                                                                                                                                                   39.511        0.000                       0                     2  
  clkfbout_clk_wiz_0_1                                                                                                                                                    7.845        0.000                       0                     3  


------------------------------------------------------------------------------------------------
| Inter Clock Table
| -----------------
------------------------------------------------------------------------------------------------

From Clock            To Clock                  WNS(ns)      TNS(ns)  TNS Failing Endpoints  TNS Total Endpoints      WHS(ns)      THS(ns)  THS Failing Endpoints  THS Total Endpoints  
----------            --------                  -------      -------  ---------------------  -------------------      -------      -------  ---------------------  -------------------  
clk_out1_clk_wiz_0_1  clk_out1_clk_wiz_0         18.236        0.000                      0                 1531        0.091        0.000                      0                 1531  
clk_out1_clk_wiz_0    clk_out1_clk_wiz_0_1       18.236        0.000                      0                 1531        0.091        0.000                      0                 1531  


------------------------------------------------------------------------------------------------
| Other Path Groups Table
| -----------------------
------------------------------------------------------------------------------------------------

Path Group    From Clock    To Clock          WNS(ns)      TNS(ns)  TNS Failing Endpoints  TNS Total Endpoints      WHS(ns)      THS(ns)  THS Failing Endpoints  THS Total Endpoints  
----------    ----------    --------          -------      -------  ---------------------  -------------------      -------      -------  ---------------------  -------------------  


------------------------------------------------------------------------------------------------
| User Ignored Path Table
| -----------------------
------------------------------------------------------------------------------------------------

Path Group    From Clock    To Clock    
----------    ----------    --------    


------------------------------------------------------------------------------------------------
| Unconstrained Path Table
| ------------------------
------------------------------------------------------------------------------------------------

Path Group            From Clock            To Clock            
----------            ----------            --------            
(none)                                                            
(none)                clk_out1_clk_wiz_0                          
(none)                clk_out1_clk_wiz_0_1                        
(none)                clk_out2_clk_wiz_0                          
(none)                clk_out2_clk_wiz_0_1                        
(none)                                      clk_out1_clk_wiz_0    
(none)                                      clk_out1_clk_wiz_0_1  


------------------------------------------------------------------------------------------------
| Timing Details
| --------------
------------------------------------------------------------------------------------------------


---------------------------------------------------------------------------------------------------
From Clock:  CLK100MHZ
  To Clock:  CLK100MHZ

Setup :           NA  Failing Endpoints,  Worst Slack           NA  ,  Total Violation           NA
Hold  :           NA  Failing Endpoints,  Worst Slack           NA  ,  Total Violation           NA
PW    :            0  Failing Endpoints,  Worst Slack        3.000ns,  Total Violation        0.000ns
---------------------------------------------------------------------------------------------------


Pulse Width Checks
--------------------------------------------------------------------------------------
Clock Name:         CLK100MHZ
Waveform(ns):       { 0.000 5.000 }
Period(ns):         10.000
Sources:            { CLK100MHZ }

Check Type        Corner  Lib Pin            Reference Pin  Required(ns)  Actual(ns)  Slack(ns)  Location         Pin
Min Period        n/a     MMCME2_ADV/CLKIN1  n/a            1.249         10.000      8.751      MMCME2_ADV_X1Y2  u_clk/inst/mmcm_adv_inst/CLKIN1
Max Period        n/a     MMCME2_ADV/CLKIN1  n/a            100.000       10.000      90.000     MMCME2_ADV_X1Y2  u_clk/inst/mmcm_adv_inst/CLKIN1
Low Pulse Width   Slow    MMCME2_ADV/CLKIN1  n/a            2.000         5.000       3.000      MMCME2_ADV_X1Y2  u_clk/inst/mmcm_adv_inst/CLKIN1
Low Pulse Width   Fast    MMCME2_ADV/CLKIN1  n/a            2.000         5.000       3.000      MMCME2_ADV_X1Y2  u_clk/inst/mmcm_adv_inst/CLKIN1
High Pulse Width  Slow    MMCME2_ADV/CLKIN1  n/a            2.000         5.000       3.000      MMCME2_ADV_X1Y2  u_clk/inst/mmcm_adv_inst/CLKIN1
High Pulse Width  Fast    MMCME2_ADV/CLKIN1  n/a            2.000         5.000       3.000      MMCME2_ADV_X1Y2  u_clk/inst/mmcm_adv_inst/CLKIN1



---------------------------------------------------------------------------------------------------
From Clock:  clk_out1_clk_wiz_0
  To Clock:  clk_out1_clk_wiz_0

Setup :            0  Failing Endpoints,  Worst Slack       18.236ns,  Total Violation        0.000ns
Hold  :            0  Failing Endpoints,  Worst Slack        0.197ns,  Total Violation        0.000ns
PW    :            0  Failing Endpoints,  Worst Slack       19.500ns,  Total Violation        0.000ns
---------------------------------------------------------------------------------------------------


Max Delay Paths
--------------------------------------------------------------------------------------
Slack (MET) :             18.236ns  (required time - arrival time)
  Source:                 u_vga/v_cnt_reg[4]/C
                            (rising edge-triggered cell FDCE clocked by clk_out1_clk_wiz_0  {rise@0.000ns fall@20.000ns period=40.000ns})
  Destination:            <hidden>
                            (rising edge-triggered cell RAMB36E1 clocked by clk_out1_clk_wiz_0  {rise@0.000ns fall@20.000ns period=40.000ns})
  Path Group:             clk_out1_clk_wiz_0
  Path Type:              Setup (Max at Slow Process Corner)
  Requirement:            40.000ns  (clk_out1_clk_wiz_0 rise@40.000ns - clk_out1_clk_wiz_0 rise@0.000ns)
  Data Path Delay:        21.337ns  (logic 4.738ns (22.206%)  route 16.599ns (77.794%))
  Logic Levels:           3  (DSP48E1=1 LUT3=1 LUT5=1)
  Clock Path Skew:        0.122ns (DCD - SCD + CPR)
    Destination Clock Delay (DCD):    -1.268ns = ( 38.732 - 40.000 ) 
    Source Clock Delay      (SCD):    -0.910ns
    Clock Pessimism Removal (CPR):    0.480ns
  Clock Uncertainty:      0.106ns  ((TSJ^2 + DJ^2)^1/2) / 2 + PE
    Total System Jitter     (TSJ):    0.071ns
    Discrete Jitter          (DJ):    0.200ns
    Phase Error              (PE):    0.000ns

    Location             Delay type                Incr(ns)  Path(ns)    Netlist Resource(s)
  -------------------------------------------------------------------    -------------------
                         (clock clk_out1_clk_wiz_0 rise edge)
                                                      0.000     0.000 r  
    E3                                                0.000     0.000 r  CLK100MHZ (IN)
                         net (fo=0)                   0.000     0.000    u_clk/inst/clk_in1
    E3                   IBUF (Prop_ibuf_I_O)         1.482     1.482 r  u_clk/inst/clkin1_ibufg/O
                         net (fo=1, routed)           1.233     2.715    u_clk/inst/clk_in1_clk_wiz_0
    MMCME2_ADV_X1Y2      MMCME2_ADV (Prop_mmcme2_adv_CLKIN1_CLKOUT0)
                                                     -7.070    -4.355 r  u_clk/inst/mmcm_adv_inst/CLKOUT0
                         net (fo=1, routed)           1.719    -2.636    u_clk/inst/clk_out1_clk_wiz_0
    BUFGCTRL_X0Y17       BUFG (Prop_bufg_I_O)         0.096    -2.540 r  u_clk/inst/clkout1_buf/O
                         net (fo=152, routed)         1.630    -0.910    u_vga/clk25
    SLICE_X10Y108        FDCE                                         r  u_vga/v_cnt_reg[4]/C
  -------------------------------------------------------------------    -------------------
    SLICE_X10Y108        FDCE (Prop_fdce_C_Q)         0.478    -0.432 r  u_vga/v_cnt_reg[4]/Q
                         net (fo=13, routed)          1.349     0.917    y[4]
    DSP48_X0Y44          DSP48E1 (Prop_dsp48e1_A[4]_P[18])
                                                      4.012     4.929 f  tmp0/P[18]
                         net (fo=1, routed)           0.530     5.460    tmp0_n_87
    SLICE_X12Y113        LUT5 (Prop_lut5_I4_O)        0.124     5.584 f  u_fb_i_1/O
                         net (fo=82, routed)         12.506    18.089    <hidden>
    SLICE_X70Y55         LUT3 (Prop_lut3_I2_O)        0.124    18.213 r  <hidden>
                         net (fo=6, routed)           2.213    20.427    <hidden>
    RAMB36_X2Y4          RAMB36E1                                     r  <hidden>
  -------------------------------------------------------------------    -------------------

                         (clock clk_out1_clk_wiz_0 rise edge)
                                                     40.000    40.000 r  
    E3                                                0.000    40.000 r  CLK100MHZ (IN)
                         net (fo=0)                   0.000    40.000    u_clk/inst/clk_in1
    E3                   IBUF (Prop_ibuf_I_O)         1.411    41.411 r  u_clk/inst/clkin1_ibufg/O
                         net (fo=1, routed)           1.162    42.573    u_clk/inst/clk_in1_clk_wiz_0
    MMCME2_ADV_X1Y2      MMCME2_ADV (Prop_mmcme2_adv_CLKIN1_CLKOUT0)
                                                     -7.324    35.249 r  u_clk/inst/mmcm_adv_inst/CLKOUT0
                         net (fo=1, routed)           1.639    36.888    u_clk/inst/clk_out1_clk_wiz_0
    BUFGCTRL_X0Y17       BUFG (Prop_bufg_I_O)         0.091    36.979 r  u_clk/inst/clkout1_buf/O
                         net (fo=152, routed)         1.752    38.732    <hidden>
    RAMB36_X2Y4          RAMB36E1                                     r  <hidden>
                         clock pessimism              0.480    39.212    
                         clock uncertainty           -0.106    39.106    
    RAMB36_X2Y4          RAMB36E1 (Setup_ramb36e1_CLKBWRCLK_ENBWREN)
                                                     -0.443    38.663    <hidden>
  -------------------------------------------------------------------
                         required time                         38.663    
                         arrival time                         -20.427    
  -------------------------------------------------------------------
                         slack                                 18.236    

Slack (MET) :             18.541ns  (required time - arrival time)
  Source:                 u_vga/v_cnt_reg[4]/C
                            (rising edge-triggered cell FDCE clocked by clk_out1_clk_wiz_0  {rise@0.000ns fall@20.000ns period=40.000ns})
  Destination:            <hidden>
                            (rising edge-triggered cell RAMB36E1 clocked by clk_out1_clk_wiz_0  {rise@0.000ns fall@20.000ns period=40.000ns})
  Path Group:             clk_out1_clk_wiz_0
  Path Type:              Setup (Max at Slow Process Corner)
  Requirement:            40.000ns  (clk_out1_clk_wiz_0 rise@40.000ns - clk_out1_clk_wiz_0 rise@0.000ns)
  Data Path Delay:        20.981ns  (logic 4.738ns (22.582%)  route 16.243ns (77.418%))
  Logic Levels:           3  (DSP48E1=1 LUT3=1 LUT5=1)
  Clock Path Skew:        0.071ns (DCD - SCD + CPR)
    Destination Clock Delay (DCD):    -1.319ns = ( 38.681 - 40.000 ) 
    Source Clock Delay      (SCD):    -0.910ns
    Clock Pessimism Removal (CPR):    0.480ns
  Clock Uncertainty:      0.106ns  ((TSJ^2 + DJ^2)^1/2) / 2 + PE
    Total System Jitter     (TSJ):    0.071ns
    Discrete Jitter          (DJ):    0.200ns
    Phase Error              (PE):    0.000ns

    Location             Delay type                Incr(ns)  Path(ns)    Netlist Resource(s)
  -------------------------------------------------------------------    -------------------
                         (clock clk_out1_clk_wiz_0 rise edge)
                                                      0.000     0.000 r  
    E3                                                0.000     0.000 r  CLK100MHZ (IN)
                         net (fo=0)                   0.000     0.000    u_clk/inst/clk_in1
    E3                   IBUF (Prop_ibuf_I_O)         1.482     1.482 r  u_clk/inst/clkin1_ibufg/O
                         net (fo=1, routed)           1.233     2.715    u_clk/inst/clk_in1_clk_wiz_0
    MMCME2_ADV_X1Y2      MMCME2_ADV (Prop_mmcme2_adv_CLKIN1_CLKOUT0)
                                                     -7.070    -4.355 r  u_clk/inst/mmcm_adv_inst/CLKOUT0
                         net (fo=1, routed)           1.719    -2.636    u_clk/inst/clk_out1_clk_wiz_0
    BUFGCTRL_X0Y17       BUFG (Prop_bufg_I_O)         0.096    -2.540 r  u_clk/inst/clkout1_buf/O
                         net (fo=152, routed)         1.630    -0.910    u_vga/clk25
    SLICE_X10Y108        FDCE                                         r  u_vga/v_cnt_reg[4]/C
  -------------------------------------------------------------------    -------------------
    SLICE_X10Y108        FDCE (Prop_fdce_C_Q)         0.478    -0.432 r  u_vga/v_cnt_reg[4]/Q
                         net (fo=13, routed)          1.349     0.917    y[4]
    DSP48_X0Y44          DSP48E1 (Prop_dsp48e1_A[4]_P[18])
                                                      4.012     4.929 f  tmp0/P[18]
                         net (fo=1, routed)           0.530     5.460    tmp0_n_87
    SLICE_X12Y113        LUT5 (Prop_lut5_I4_O)        0.124     5.584 f  u_fb_i_1/O
                         net (fo=82, routed)         12.506    18.089    <hidden>
    SLICE_X70Y55         LUT3 (Prop_lut3_I2_O)        0.124    18.213 r  <hidden>
                         net (fo=6, routed)           1.858    20.071    <hidden>
    RAMB36_X1Y6          RAMB36E1                                     r  <hidden>
  -------------------------------------------------------------------    -------------------

                         (clock clk_out1_clk_wiz_0 rise edge)
                                                     40.000    40.000 r  
    E3                                                0.000    40.000 r  CLK100MHZ (IN)
                         net (fo=0)                   0.000    40.000    u_clk/inst/clk_in1
    E3                   IBUF (Prop_ibuf_I_O)         1.411    41.411 r  u_clk/inst/clkin1_ibufg/O
                         net (fo=1, routed)           1.162    42.573    u_clk/inst/clk_in1_clk_wiz_0
    MMCME2_ADV_X1Y2      MMCME2_ADV (Prop_mmcme2_adv_CLKIN1_CLKOUT0)
                                                     -7.324    35.249 r  u_clk/inst/mmcm_adv_inst/CLKOUT0
                         net (fo=1, routed)           1.639    36.888    u_clk/inst/clk_out1_clk_wiz_0
    BUFGCTRL_X0Y17       BUFG (Prop_bufg_I_O)         0.091    36.979 r  u_clk/inst/clkout1_buf/O
                         net (fo=152, routed)         1.701    38.681    <hidden>
    RAMB36_X1Y6          RAMB36E1                                     r  <hidden>
                         clock pessimism              0.480    39.161    
                         clock uncertainty           -0.106    39.055    
    RAMB36_X1Y6          RAMB36E1 (Setup_ramb36e1_CLKBWRCLK_ENBWREN)
                                                     -0.443    38.612    <hidden>
  -------------------------------------------------------------------
                         required time                         38.612    
                         arrival time                         -20.071    
  -------------------------------------------------------------------
                         slack                                 18.541    

Slack (MET) :             18.601ns  (required time - arrival time)
  Source:                 u_vga/v_cnt_reg[4]/C
                            (rising edge-triggered cell FDCE clocked by clk_out1_clk_wiz_0  {rise@0.000ns fall@20.000ns period=40.000ns})
  Destination:            <hidden>
                            (rising edge-triggered cell RAMB36E1 clocked by clk_out1_clk_wiz_0  {rise@0.000ns fall@20.000ns period=40.000ns})
  Path Group:             clk_out1_clk_wiz_0
  Path Type:              Setup (Max at Slow Process Corner)
  Requirement:            40.000ns  (clk_out1_clk_wiz_0 rise@40.000ns - clk_out1_clk_wiz_0 rise@0.000ns)
  Data Path Delay:        20.966ns  (logic 4.738ns (22.599%)  route 16.228ns (77.401%))
  Logic Levels:           3  (DSP48E1=1 LUT3=1 LUT5=1)
  Clock Path Skew:        0.116ns (DCD - SCD + CPR)
    Destination Clock Delay (DCD):    -1.274ns = ( 38.726 - 40.000 ) 
    Source Clock Delay      (SCD):    -0.910ns
    Clock Pessimism Removal (CPR):    0.480ns
  Clock Uncertainty:      0.106ns  ((TSJ^2 + DJ^2)^1/2) / 2 + PE
    Total System Jitter     (TSJ):    0.071ns
    Discrete Jitter          (DJ):    0.200ns
    Phase Error              (PE):    0.000ns

    Location             Delay type                Incr(ns)  Path(ns)    Netlist Resource(s)
  -------------------------------------------------------------------    -------------------
                         (clock clk_out1_clk_wiz_0 rise edge)
                                                      0.000     0.000 r  
    E3                                                0.000     0.000 r  CLK100MHZ (IN)
                         net (fo=0)                   0.000     0.000    u_clk/inst/clk_in1
    E3                   IBUF (Prop_ibuf_I_O)         1.482     1.482 r  u_clk/inst/clkin1_ibufg/O
                         net (fo=1, routed)           1.233     2.715    u_clk/inst/clk_in1_clk_wiz_0
    MMCME2_ADV_X1Y2      MMCME2_ADV (Prop_mmcme2_adv_CLKIN1_CLKOUT0)
                                                     -7.070    -4.355 r  u_clk/inst/mmcm_adv_inst/CLKOUT0
                         net (fo=1, routed)           1.719    -2.636    u_clk/inst/clk_out1_clk_wiz_0
    BUFGCTRL_X0Y17       BUFG (Prop_bufg_I_O)         0.096    -2.540 r  u_clk/inst/clkout1_buf/O
                         net (fo=152, routed)         1.630    -0.910    u_vga/clk25
    SLICE_X10Y108        FDCE                                         r  u_vga/v_cnt_reg[4]/C
  -------------------------------------------------------------------    -------------------
    SLICE_X10Y108        FDCE (Prop_fdce_C_Q)         0.478    -0.432 r  u_vga/v_cnt_reg[4]/Q
                         net (fo=13, routed)          1.349     0.917    y[4]
    DSP48_X0Y44          DSP48E1 (Prop_dsp48e1_A[4]_P[18])
                                                      4.012     4.929 f  tmp0/P[18]
                         net (fo=1, routed)           0.530     5.460    tmp0_n_87
    SLICE_X12Y113        LUT5 (Prop_lut5_I4_O)        0.124     5.584 f  u_fb_i_1/O
                         net (fo=82, routed)         12.506    18.089    <hidden>
    SLICE_X70Y55         LUT3 (Prop_lut3_I2_O)        0.124    18.213 r  <hidden>
                         net (fo=6, routed)           1.842    20.056    <hidden>
    RAMB36_X2Y5          RAMB36E1                                     r  <hidden>
  -------------------------------------------------------------------    -------------------

                         (clock clk_out1_clk_wiz_0 rise edge)
                                                     40.000    40.000 r  
    E3                                                0.000    40.000 r  CLK100MHZ (IN)
                         net (fo=0)                   0.000    40.000    u_clk/inst/clk_in1
    E3                   IBUF (Prop_ibuf_I_O)         1.411    41.411 r  u_clk/inst/clkin1_ibufg/O
                         net (fo=1, routed)           1.162    42.573    u_clk/inst/clk_in1_clk_wiz_0
    MMCME2_ADV_X1Y2      MMCME2_ADV (Prop_mmcme2_adv_CLKIN1_CLKOUT0)
                                                     -7.324    35.249 r  u_clk/inst/mmcm_adv_inst/CLKOUT0
                         net (fo=1, routed)           1.639    36.888    u_clk/inst/clk_out1_clk_wiz_0
    BUFGCTRL_X0Y17       BUFG (Prop_bufg_I_O)         0.091    36.979 r  u_clk/inst/clkout1_buf/O
                         net (fo=152, routed)         1.746    38.726    <hidden>
    RAMB36_X2Y5          RAMB36E1                                     r  <hidden>
                         clock pessimism              0.480    39.206    
                         clock uncertainty           -0.106    39.100    
    RAMB36_X2Y5          RAMB36E1 (Setup_ramb36e1_CLKBWRCLK_ENBWREN)
                                                     -0.443    38.657    <hidden>
  -------------------------------------------------------------------
                         required time                         38.657    
                         arrival time                         -20.056    
  -------------------------------------------------------------------
                         slack                                 18.601    

Slack (MET) :             18.889ns  (required time - arrival time)
  Source:                 u_vga/v_cnt_reg[4]/C
                            (rising edge-triggered cell FDCE clocked by clk_out1_clk_wiz_0  {rise@0.000ns fall@20.000ns period=40.000ns})
  Destination:            <hidden>
                            (rising edge-triggered cell RAMB36E1 clocked by clk_out1_clk_wiz_0  {rise@0.000ns fall@20.000ns period=40.000ns})
  Path Group:             clk_out1_clk_wiz_0
  Path Type:              Setup (Max at Slow Process Corner)
  Requirement:            40.000ns  (clk_out1_clk_wiz_0 rise@40.000ns - clk_out1_clk_wiz_0 rise@0.000ns)
  Data Path Delay:        20.639ns  (logic 4.738ns (22.957%)  route 15.901ns (77.043%))
  Logic Levels:           3  (DSP48E1=1 LUT3=1 LUT5=1)
  Clock Path Skew:        0.077ns (DCD - SCD + CPR)
    Destination Clock Delay (DCD):    -1.313ns = ( 38.687 - 40.000 ) 
    Source Clock Delay      (SCD):    -0.910ns
    Clock Pessimism Removal (CPR):    0.480ns
  Clock Uncertainty:      0.106ns  ((TSJ^2 + DJ^2)^1/2) / 2 + PE
    Total System Jitter     (TSJ):    0.071ns
    Discrete Jitter          (DJ):    0.200ns
    Phase Error              (PE):    0.000ns

    Location             Delay type                Incr(ns)  Path(ns)    Netlist Resource(s)
  -------------------------------------------------------------------    -------------------
                         (clock clk_out1_clk_wiz_0 rise edge)
                                                      0.000     0.000 r  
    E3                                                0.000     0.000 r  CLK100MHZ (IN)
                         net (fo=0)                   0.000     0.000    u_clk/inst/clk_in1
    E3                   IBUF (Prop_ibuf_I_O)         1.482     1.482 r  u_clk/inst/clkin1_ibufg/O
                         net (fo=1, routed)           1.233     2.715    u_clk/inst/clk_in1_clk_wiz_0
    MMCME2_ADV_X1Y2      MMCME2_ADV (Prop_mmcme2_adv_CLKIN1_CLKOUT0)
                                                     -7.070    -4.355 r  u_clk/inst/mmcm_adv_inst/CLKOUT0
                         net (fo=1, routed)           1.719    -2.636    u_clk/inst/clk_out1_clk_wiz_0
    BUFGCTRL_X0Y17       BUFG (Prop_bufg_I_O)         0.096    -2.540 r  u_clk/inst/clkout1_buf/O
                         net (fo=152, routed)         1.630    -0.910    u_vga/clk25
    SLICE_X10Y108        FDCE                                         r  u_vga/v_cnt_reg[4]/C
  -------------------------------------------------------------------    -------------------
    SLICE_X10Y108        FDCE (Prop_fdce_C_Q)         0.478    -0.432 r  u_vga/v_cnt_reg[4]/Q
                         net (fo=13, routed)          1.349     0.917    y[4]
    DSP48_X0Y44          DSP48E1 (Prop_dsp48e1_A[4]_P[18])
                                                      4.012     4.929 f  tmp0/P[18]
                         net (fo=1, routed)           0.530     5.460    tmp0_n_87
    SLICE_X12Y113        LUT5 (Prop_lut5_I4_O)        0.124     5.584 f  u_fb_i_1/O
                         net (fo=82, routed)         12.506    18.089    <hidden>
    SLICE_X70Y55         LUT3 (Prop_lut3_I2_O)        0.124    18.213 r  <hidden>
                         net (fo=6, routed)           1.515    19.729    <hidden>
    RAMB36_X1Y7          RAMB36E1                                     r  <hidden>
  -------------------------------------------------------------------    -------------------

                         (clock clk_out1_clk_wiz_0 rise edge)
                                                     40.000    40.000 r  
    E3                                                0.000    40.000 r  CLK100MHZ (IN)
                         net (fo=0)                   0.000    40.000    u_clk/inst/clk_in1
    E3                   IBUF (Prop_ibuf_I_O)         1.411    41.411 r  u_clk/inst/clkin1_ibufg/O
                         net (fo=1, routed)           1.162    42.573    u_clk/inst/clk_in1_clk_wiz_0
    MMCME2_ADV_X1Y2      MMCME2_ADV (Prop_mmcme2_adv_CLKIN1_CLKOUT0)
                                                     -7.324    35.249 r  u_clk/inst/mmcm_adv_inst/CLKOUT0
                         net (fo=1, routed)           1.639    36.888    u_clk/inst/clk_out1_clk_wiz_0
    BUFGCTRL_X0Y17       BUFG (Prop_bufg_I_O)         0.091    36.979 r  u_clk/inst/clkout1_buf/O
                         net (fo=152, routed)         1.707    38.687    <hidden>
    RAMB36_X1Y7          RAMB36E1                                     r  <hidden>
                         clock pessimism              0.480    39.167    
                         clock uncertainty           -0.106    39.061    
    RAMB36_X1Y7          RAMB36E1 (Setup_ramb36e1_CLKBWRCLK_ENBWREN)
                                                     -0.443    38.618    <hidden>
  -------------------------------------------------------------------
                         required time                         38.618    
                         arrival time                         -19.729    
  -------------------------------------------------------------------
                         slack                                 18.889    

Slack (MET) :             19.013ns  (required time - arrival time)
  Source:                 u_vga/v_cnt_reg[4]/C
                            (rising edge-triggered cell FDCE clocked by clk_out1_clk_wiz_0  {rise@0.000ns fall@20.000ns period=40.000ns})
  Destination:            <hidden>
                            (rising edge-triggered cell RAMB36E1 clocked by clk_out1_clk_wiz_0  {rise@0.000ns fall@20.000ns period=40.000ns})
  Path Group:             clk_out1_clk_wiz_0
  Path Type:              Setup (Max at Slow Process Corner)
  Requirement:            40.000ns  (clk_out1_clk_wiz_0 rise@40.000ns - clk_out1_clk_wiz_0 rise@0.000ns)
  Data Path Delay:        20.560ns  (logic 4.738ns (23.044%)  route 15.822ns (76.956%))
  Logic Levels:           3  (DSP48E1=1 LUT3=1 LUT5=1)
  Clock Path Skew:        0.122ns (DCD - SCD + CPR)
    Destination Clock Delay (DCD):    -1.268ns = ( 38.732 - 40.000 ) 
    Source Clock Delay      (SCD):    -0.910ns
    Clock Pessimism Removal (CPR):    0.480ns
  Clock Uncertainty:      0.106ns  ((TSJ^2 + DJ^2)^1/2) / 2 + PE
    Total System Jitter     (TSJ):    0.071ns
    Discrete Jitter          (DJ):    0.200ns
    Phase Error              (PE):    0.000ns

    Location             Delay type                Incr(ns)  Path(ns)    Netlist Resource(s)
  -------------------------------------------------------------------    -------------------
                         (clock clk_out1_clk_wiz_0 rise edge)
                                                      0.000     0.000 r  
    E3                                                0.000     0.000 r  CLK100MHZ (IN)
                         net (fo=0)                   0.000     0.000    u_clk/inst/clk_in1
    E3                   IBUF (Prop_ibuf_I_O)         1.482     1.482 r  u_clk/inst/clkin1_ibufg/O
                         net (fo=1, routed)           1.233     2.715    u_clk/inst/clk_in1_clk_wiz_0
    MMCME2_ADV_X1Y2      MMCME2_ADV (Prop_mmcme2_adv_CLKIN1_CLKOUT0)
                                                     -7.070    -4.355 r  u_clk/inst/mmcm_adv_inst/CLKOUT0
                         net (fo=1, routed)           1.719    -2.636    u_clk/inst/clk_out1_clk_wiz_0
    BUFGCTRL_X0Y17       BUFG (Prop_bufg_I_O)         0.096    -2.540 r  u_clk/inst/clkout1_buf/O
                         net (fo=152, routed)         1.630    -0.910    u_vga/clk25
    SLICE_X10Y108        FDCE                                         r  u_vga/v_cnt_reg[4]/C
  -------------------------------------------------------------------    -------------------
    SLICE_X10Y108        FDCE (Prop_fdce_C_Q)         0.478    -0.432 r  u_vga/v_cnt_reg[4]/Q
                         net (fo=13, routed)          1.349     0.917    y[4]
    DSP48_X0Y44          DSP48E1 (Prop_dsp48e1_A[4]_P[18])
                                                      4.012     4.929 f  tmp0/P[18]
                         net (fo=1, routed)           0.530     5.460    tmp0_n_87
    SLICE_X12Y113        LUT5 (Prop_lut5_I4_O)        0.124     5.584 f  u_fb_i_1/O
                         net (fo=82, routed)         12.506    18.089    <hidden>
    SLICE_X70Y55         LUT3 (Prop_lut3_I2_O)        0.124    18.213 r  <hidden>
                         net (fo=6, routed)           1.437    19.650    <hidden>
    RAMB36_X2Y6          RAMB36E1                                     r  <hidden>
  -------------------------------------------------------------------    -------------------

                         (clock clk_out1_clk_wiz_0 rise edge)
                                                     40.000    40.000 r  
    E3                                                0.000    40.000 r  CLK100MHZ (IN)
                         net (fo=0)                   0.000    40.000    u_clk/inst/clk_in1
    E3                   IBUF (Prop_ibuf_I_O)         1.411    41.411 r  u_clk/inst/clkin1_ibufg/O
                         net (fo=1, routed)           1.162    42.573    u_clk/inst/clk_in1_clk_wiz_0
    MMCME2_ADV_X1Y2      MMCME2_ADV (Prop_mmcme2_adv_CLKIN1_CLKOUT0)
                                                     -7.324    35.249 r  u_clk/inst/mmcm_adv_inst/CLKOUT0
                         net (fo=1, routed)           1.639    36.888    u_clk/inst/clk_out1_clk_wiz_0
    BUFGCTRL_X0Y17       BUFG (Prop_bufg_I_O)         0.091    36.979 r  u_clk/inst/clkout1_buf/O
                         net (fo=152, routed)         1.752    38.732    <hidden>
    RAMB36_X2Y6          RAMB36E1                                     r  <hidden>
                         clock pessimism              0.480    39.212    
                         clock uncertainty           -0.106    39.106    
    RAMB36_X2Y6          RAMB36E1 (Setup_ramb36e1_CLKBWRCLK_ENBWREN)
                                                     -0.443    38.663    <hidden>
  -------------------------------------------------------------------
                         required time                         38.663    
                         arrival time                         -19.650    
  -------------------------------------------------------------------
                         slack                                 19.013    

Slack (MET) :             19.356ns  (required time - arrival time)
  Source:                 u_vga/v_cnt_reg[4]/C
                            (rising edge-triggered cell FDCE clocked by clk_out1_clk_wiz_0  {rise@0.000ns fall@20.000ns period=40.000ns})
  Destination:            <hidden>
                            (rising edge-triggered cell RAMB36E1 clocked by clk_out1_clk_wiz_0  {rise@0.000ns fall@20.000ns period=40.000ns})
  Path Group:             clk_out1_clk_wiz_0
  Path Type:              Setup (Max at Slow Process Corner)
  Requirement:            40.000ns  (clk_out1_clk_wiz_0 rise@40.000ns - clk_out1_clk_wiz_0 rise@0.000ns)
  Data Path Delay:        20.229ns  (logic 4.738ns (23.422%)  route 15.491ns (76.578%))
  Logic Levels:           3  (DSP48E1=1 LUT5=2)
  Clock Path Skew:        0.134ns (DCD - SCD + CPR)
    Destination Clock Delay (DCD):    -1.264ns = ( 38.736 - 40.000 ) 
    Source Clock Delay      (SCD):    -0.910ns
    Clock Pessimism Removal (CPR):    0.488ns
  Clock Uncertainty:      0.106ns  ((TSJ^2 + DJ^2)^1/2) / 2 + PE
    Total System Jitter     (TSJ):    0.071ns
    Discrete Jitter          (DJ):    0.200ns
    Phase Error              (PE):    0.000ns

    Location             Delay type                Incr(ns)  Path(ns)    Netlist Resource(s)
  -------------------------------------------------------------------    -------------------
                         (clock clk_out1_clk_wiz_0 rise edge)
                                                      0.000     0.000 r  
    E3                                                0.000     0.000 r  CLK100MHZ (IN)
                         net (fo=0)                   0.000     0.000    u_clk/inst/clk_in1
    E3                   IBUF (Prop_ibuf_I_O)         1.482     1.482 r  u_clk/inst/clkin1_ibufg/O
                         net (fo=1, routed)           1.233     2.715    u_clk/inst/clk_in1_clk_wiz_0
    MMCME2_ADV_X1Y2      MMCME2_ADV (Prop_mmcme2_adv_CLKIN1_CLKOUT0)
                                                     -7.070    -4.355 r  u_clk/inst/mmcm_adv_inst/CLKOUT0
                         net (fo=1, routed)           1.719    -2.636    u_clk/inst/clk_out1_clk_wiz_0
    BUFGCTRL_X0Y17       BUFG (Prop_bufg_I_O)         0.096    -2.540 r  u_clk/inst/clkout1_buf/O
                         net (fo=152, routed)         1.630    -0.910    u_vga/clk25
    SLICE_X10Y108        FDCE                                         r  u_vga/v_cnt_reg[4]/C
  -------------------------------------------------------------------    -------------------
    SLICE_X10Y108        FDCE (Prop_fdce_C_Q)         0.478    -0.432 r  u_vga/v_cnt_reg[4]/Q
                         net (fo=13, routed)          1.349     0.917    y[4]
    DSP48_X0Y44          DSP48E1 (Prop_dsp48e1_A[4]_P[15])
                                                      4.012     4.929 f  tmp0/P[15]
                         net (fo=1, routed)           0.523     5.453    tmp0_n_90
    SLICE_X12Y113        LUT5 (Prop_lut5_I4_O)        0.124     5.577 f  u_fb_i_4/O
                         net (fo=102, routed)        12.045    17.622    <hidden>
    SLICE_X72Y173        LUT5 (Prop_lut5_I0_O)        0.124    17.746 r  <hidden>
                         net (fo=1, routed)           1.573    19.319    <hidden>
    RAMB36_X2Y39         RAMB36E1                                     r  <hidden>
  -------------------------------------------------------------------    -------------------

                         (clock clk_out1_clk_wiz_0 rise edge)
                                                     40.000    40.000 r  
    E3                                                0.000    40.000 r  CLK100MHZ (IN)
                         net (fo=0)                   0.000    40.000    u_clk/inst/clk_in1
    E3                   IBUF (Prop_ibuf_I_O)         1.411    41.411 r  u_clk/inst/clkin1_ibufg/O
                         net (fo=1, routed)           1.162    42.573    u_clk/inst/clk_in1_clk_wiz_0
    MMCME2_ADV_X1Y2      MMCME2_ADV (Prop_mmcme2_adv_CLKIN1_CLKOUT0)
                                                     -7.324    35.249 r  u_clk/inst/mmcm_adv_inst/CLKOUT0
                         net (fo=1, routed)           1.639    36.888    u_clk/inst/clk_out1_clk_wiz_0
    BUFGCTRL_X0Y17       BUFG (Prop_bufg_I_O)         0.091    36.979 r  u_clk/inst/clkout1_buf/O
                         net (fo=152, routed)         1.756    38.736    <hidden>
    RAMB36_X2Y39         RAMB36E1                                     r  <hidden>
                         clock pessimism              0.488    39.224    
                         clock uncertainty           -0.106    39.118    
    RAMB36_X2Y39         RAMB36E1 (Setup_ramb36e1_CLKBWRCLK_ENBWREN)
                                                     -0.443    38.675    <hidden>
  -------------------------------------------------------------------
                         required time                         38.675    
                         arrival time                         -19.319    
  -------------------------------------------------------------------
                         slack                                 19.356    

Slack (MET) :             19.368ns  (required time - arrival time)
  Source:                 u_vga/v_cnt_reg[4]/C
                            (rising edge-triggered cell FDCE clocked by clk_out1_clk_wiz_0  {rise@0.000ns fall@20.000ns period=40.000ns})
  Destination:            <hidden>
                            (rising edge-triggered cell RAMB36E1 clocked by clk_out1_clk_wiz_0  {rise@0.000ns fall@20.000ns period=40.000ns})
  Path Group:             clk_out1_clk_wiz_0
  Path Type:              Setup (Max at Slow Process Corner)
  Requirement:            40.000ns  (clk_out1_clk_wiz_0 rise@40.000ns - clk_out1_clk_wiz_0 rise@0.000ns)
  Data Path Delay:        20.211ns  (logic 4.738ns (23.443%)  route 15.473ns (76.557%))
  Logic Levels:           3  (DSP48E1=1 LUT3=1 LUT5=1)
  Clock Path Skew:        0.128ns (DCD - SCD + CPR)
    Destination Clock Delay (DCD):    -1.262ns = ( 38.738 - 40.000 ) 
    Source Clock Delay      (SCD):    -0.910ns
    Clock Pessimism Removal (CPR):    0.480ns
  Clock Uncertainty:      0.106ns  ((TSJ^2 + DJ^2)^1/2) / 2 + PE
    Total System Jitter     (TSJ):    0.071ns
    Discrete Jitter          (DJ):    0.200ns
    Phase Error              (PE):    0.000ns

    Location             Delay type                Incr(ns)  Path(ns)    Netlist Resource(s)
  -------------------------------------------------------------------    -------------------
                         (clock clk_out1_clk_wiz_0 rise edge)
                                                      0.000     0.000 r  
    E3                                                0.000     0.000 r  CLK100MHZ (IN)
                         net (fo=0)                   0.000     0.000    u_clk/inst/clk_in1
    E3                   IBUF (Prop_ibuf_I_O)         1.482     1.482 r  u_clk/inst/clkin1_ibufg/O
                         net (fo=1, routed)           1.233     2.715    u_clk/inst/clk_in1_clk_wiz_0
    MMCME2_ADV_X1Y2      MMCME2_ADV (Prop_mmcme2_adv_CLKIN1_CLKOUT0)
                                                     -7.070    -4.355 r  u_clk/inst/mmcm_adv_inst/CLKOUT0
                         net (fo=1, routed)           1.719    -2.636    u_clk/inst/clk_out1_clk_wiz_0
    BUFGCTRL_X0Y17       BUFG (Prop_bufg_I_O)         0.096    -2.540 r  u_clk/inst/clkout1_buf/O
                         net (fo=152, routed)         1.630    -0.910    u_vga/clk25
    SLICE_X10Y108        FDCE                                         r  u_vga/v_cnt_reg[4]/C
  -------------------------------------------------------------------    -------------------
    SLICE_X10Y108        FDCE (Prop_fdce_C_Q)         0.478    -0.432 r  u_vga/v_cnt_reg[4]/Q
                         net (fo=13, routed)          1.349     0.917    y[4]
    DSP48_X0Y44          DSP48E1 (Prop_dsp48e1_A[4]_P[18])
                                                      4.012     4.929 f  tmp0/P[18]
                         net (fo=1, routed)           0.530     5.460    tmp0_n_87
    SLICE_X12Y113        LUT5 (Prop_lut5_I4_O)        0.124     5.584 f  u_fb_i_1/O
                         net (fo=82, routed)         12.506    18.089    <hidden>
    SLICE_X70Y55         LUT3 (Prop_lut3_I2_O)        0.124    18.213 r  <hidden>
                         net (fo=6, routed)           1.087    19.301    <hidden>
    RAMB36_X2Y7          RAMB36E1                                     r  <hidden>
  -------------------------------------------------------------------    -------------------

                         (clock clk_out1_clk_wiz_0 rise edge)
                                                     40.000    40.000 r  
    E3                                                0.000    40.000 r  CLK100MHZ (IN)
                         net (fo=0)                   0.000    40.000    u_clk/inst/clk_in1
    E3                   IBUF (Prop_ibuf_I_O)         1.411    41.411 r  u_clk/inst/clkin1_ibufg/O
                         net (fo=1, routed)           1.162    42.573    u_clk/inst/clk_in1_clk_wiz_0
    MMCME2_ADV_X1Y2      MMCME2_ADV (Prop_mmcme2_adv_CLKIN1_CLKOUT0)
                                                     -7.324    35.249 r  u_clk/inst/mmcm_adv_inst/CLKOUT0
                         net (fo=1, routed)           1.639    36.888    u_clk/inst/clk_out1_clk_wiz_0
    BUFGCTRL_X0Y17       BUFG (Prop_bufg_I_O)         0.091    36.979 r  u_clk/inst/clkout1_buf/O
                         net (fo=152, routed)         1.758    38.738    <hidden>
    RAMB36_X2Y7          RAMB36E1                                     r  <hidden>
                         clock pessimism              0.480    39.218    
                         clock uncertainty           -0.106    39.112    
    RAMB36_X2Y7          RAMB36E1 (Setup_ramb36e1_CLKBWRCLK_ENBWREN)
                                                     -0.443    38.669    <hidden>
  -------------------------------------------------------------------
                         required time                         38.669    
                         arrival time                         -19.301    
  -------------------------------------------------------------------
                         slack                                 19.368    

Slack (MET) :             19.496ns  (required time - arrival time)
  Source:                 u_vga/v_cnt_reg[4]/C
                            (rising edge-triggered cell FDCE clocked by clk_out1_clk_wiz_0  {rise@0.000ns fall@20.000ns period=40.000ns})
  Destination:            <hidden>
                            (rising edge-triggered cell RAMB36E1 clocked by clk_out1_clk_wiz_0  {rise@0.000ns fall@20.000ns period=40.000ns})
  Path Group:             clk_out1_clk_wiz_0
  Path Type:              Setup (Max at Slow Process Corner)
  Requirement:            40.000ns  (clk_out1_clk_wiz_0 rise@40.000ns - clk_out1_clk_wiz_0 rise@0.000ns)
  Data Path Delay:        19.965ns  (logic 4.738ns (23.732%)  route 15.227ns (76.268%))
  Logic Levels:           3  (DSP48E1=1 LUT3=1 LUT5=1)
  Clock Path Skew:        0.011ns (DCD - SCD + CPR)
    Destination Clock Delay (DCD):    -1.380ns = ( 38.620 - 40.000 ) 
    Source Clock Delay      (SCD):    -0.910ns
    Clock Pessimism Removal (CPR):    0.480ns
  Clock Uncertainty:      0.106ns  ((TSJ^2 + DJ^2)^1/2) / 2 + PE
    Total System Jitter     (TSJ):    0.071ns
    Discrete Jitter          (DJ):    0.200ns
    Phase Error              (PE):    0.000ns

    Location             Delay type                Incr(ns)  Path(ns)    Netlist Resource(s)
  -------------------------------------------------------------------    -------------------
                         (clock clk_out1_clk_wiz_0 rise edge)
                                                      0.000     0.000 r  
    E3                                                0.000     0.000 r  CLK100MHZ (IN)
                         net (fo=0)                   0.000     0.000    u_clk/inst/clk_in1
    E3                   IBUF (Prop_ibuf_I_O)         1.482     1.482 r  u_clk/inst/clkin1_ibufg/O
                         net (fo=1, routed)           1.233     2.715    u_clk/inst/clk_in1_clk_wiz_0
    MMCME2_ADV_X1Y2      MMCME2_ADV (Prop_mmcme2_adv_CLKIN1_CLKOUT0)
                                                     -7.070    -4.355 r  u_clk/inst/mmcm_adv_inst/CLKOUT0
                         net (fo=1, routed)           1.719    -2.636    u_clk/inst/clk_out1_clk_wiz_0
    BUFGCTRL_X0Y17       BUFG (Prop_bufg_I_O)         0.096    -2.540 r  u_clk/inst/clkout1_buf/O
                         net (fo=152, routed)         1.630    -0.910    u_vga/clk25
    SLICE_X10Y108        FDCE                                         r  u_vga/v_cnt_reg[4]/C
  -------------------------------------------------------------------    -------------------
    SLICE_X10Y108        FDCE (Prop_fdce_C_Q)         0.478    -0.432 r  u_vga/v_cnt_reg[4]/Q
                         net (fo=13, routed)          1.349     0.917    y[4]
    DSP48_X0Y44          DSP48E1 (Prop_dsp48e1_A[4]_P[18])
                                                      4.012     4.929 f  tmp0/P[18]
                         net (fo=1, routed)           0.530     5.460    tmp0_n_87
    SLICE_X12Y113        LUT5 (Prop_lut5_I4_O)        0.124     5.584 f  u_fb_i_1/O
                         net (fo=82, routed)         12.104    17.687    <hidden>
    SLICE_X74Y65         LUT3 (Prop_lut3_I2_O)        0.124    17.811 r  <hidden>
                         net (fo=6, routed)           1.243    19.055    <hidden>
    RAMB36_X3Y10         RAMB36E1                                     r  <hidden>
  -------------------------------------------------------------------    -------------------

                         (clock clk_out1_clk_wiz_0 rise edge)
                                                     40.000    40.000 r  
    E3                                                0.000    40.000 r  CLK100MHZ (IN)
                         net (fo=0)                   0.000    40.000    u_clk/inst/clk_in1
    E3                   IBUF (Prop_ibuf_I_O)         1.411    41.411 r  u_clk/inst/clkin1_ibufg/O
                         net (fo=1, routed)           1.162    42.573    u_clk/inst/clk_in1_clk_wiz_0
    MMCME2_ADV_X1Y2      MMCME2_ADV (Prop_mmcme2_adv_CLKIN1_CLKOUT0)
                                                     -7.324    35.249 r  u_clk/inst/mmcm_adv_inst/CLKOUT0
                         net (fo=1, routed)           1.639    36.888    u_clk/inst/clk_out1_clk_wiz_0
    BUFGCTRL_X0Y17       BUFG (Prop_bufg_I_O)         0.091    36.979 r  u_clk/inst/clkout1_buf/O
                         net (fo=152, routed)         1.641    38.620    <hidden>
    RAMB36_X3Y10         RAMB36E1                                     r  <hidden>
                         clock pessimism              0.480    39.101    
                         clock uncertainty           -0.106    38.994    
    RAMB36_X3Y10         RAMB36E1 (Setup_ramb36e1_CLKBWRCLK_ENBWREN)
                                                     -0.443    38.551    <hidden>
  -------------------------------------------------------------------
                         required time                         38.551    
                         arrival time                         -19.055    
  -------------------------------------------------------------------
                         slack                                 19.496    

Slack (MET) :             19.519ns  (required time - arrival time)
  Source:                 u_vga/v_cnt_reg[4]/C
                            (rising edge-triggered cell FDCE clocked by clk_out1_clk_wiz_0  {rise@0.000ns fall@20.000ns period=40.000ns})
  Destination:            <hidden>
                            (rising edge-triggered cell RAMB36E1 clocked by clk_out1_clk_wiz_0  {rise@0.000ns fall@20.000ns period=40.000ns})
  Path Group:             clk_out1_clk_wiz_0
  Path Type:              Setup (Max at Slow Process Corner)
  Requirement:            40.000ns  (clk_out1_clk_wiz_0 rise@40.000ns - clk_out1_clk_wiz_0 rise@0.000ns)
  Data Path Delay:        20.016ns  (logic 4.738ns (23.672%)  route 15.278ns (76.328%))
  Logic Levels:           3  (DSP48E1=1 LUT5=2)
  Clock Path Skew:        0.083ns (DCD - SCD + CPR)
    Destination Clock Delay (DCD):    -1.315ns = ( 38.685 - 40.000 ) 
    Source Clock Delay      (SCD):    -0.910ns
    Clock Pessimism Removal (CPR):    0.488ns
  Clock Uncertainty:      0.106ns  ((TSJ^2 + DJ^2)^1/2) / 2 + PE
    Total System Jitter     (TSJ):    0.071ns
    Discrete Jitter          (DJ):    0.200ns
    Phase Error              (PE):    0.000ns

    Location             Delay type                Incr(ns)  Path(ns)    Netlist Resource(s)
  -------------------------------------------------------------------    -------------------
                         (clock clk_out1_clk_wiz_0 rise edge)
                                                      0.000     0.000 r  
    E3                                                0.000     0.000 r  CLK100MHZ (IN)
                         net (fo=0)                   0.000     0.000    u_clk/inst/clk_in1
    E3                   IBUF (Prop_ibuf_I_O)         1.482     1.482 r  u_clk/inst/clkin1_ibufg/O
                         net (fo=1, routed)           1.233     2.715    u_clk/inst/clk_in1_clk_wiz_0
    MMCME2_ADV_X1Y2      MMCME2_ADV (Prop_mmcme2_adv_CLKIN1_CLKOUT0)
                                                     -7.070    -4.355 r  u_clk/inst/mmcm_adv_inst/CLKOUT0
                         net (fo=1, routed)           1.719    -2.636    u_clk/inst/clk_out1_clk_wiz_0
    BUFGCTRL_X0Y17       BUFG (Prop_bufg_I_O)         0.096    -2.540 r  u_clk/inst/clkout1_buf/O
                         net (fo=152, routed)         1.630    -0.910    u_vga/clk25
    SLICE_X10Y108        FDCE                                         r  u_vga/v_cnt_reg[4]/C
  -------------------------------------------------------------------    -------------------
    SLICE_X10Y108        FDCE (Prop_fdce_C_Q)         0.478    -0.432 r  u_vga/v_cnt_reg[4]/Q
                         net (fo=13, routed)          1.349     0.917    y[4]
    DSP48_X0Y44          DSP48E1 (Prop_dsp48e1_A[4]_P[15])
                                                      4.012     4.929 r  tmp0/P[15]
                         net (fo=1, routed)           0.523     5.453    tmp0_n_90
    SLICE_X12Y113        LUT5 (Prop_lut5_I4_O)        0.124     5.577 r  u_fb_i_4/O
                         net (fo=102, routed)        11.764    17.341    <hidden>
    SLICE_X62Y173        LUT5 (Prop_lut5_I0_O)        0.124    17.465 r  <hidden>
                         net (fo=1, routed)           1.640    19.105    <hidden>
    RAMB36_X1Y39         RAMB36E1                                     r  <hidden>
  -------------------------------------------------------------------    -------------------

                         (clock clk_out1_clk_wiz_0 rise edge)
                                                     40.000    40.000 r  
    E3                                                0.000    40.000 r  CLK100MHZ (IN)
                         net (fo=0)                   0.000    40.000    u_clk/inst/clk_in1
    E3                   IBUF (Prop_ibuf_I_O)         1.411    41.411 r  u_clk/inst/clkin1_ibufg/O
                         net (fo=1, routed)           1.162    42.573    u_clk/inst/clk_in1_clk_wiz_0
    MMCME2_ADV_X1Y2      MMCME2_ADV (Prop_mmcme2_adv_CLKIN1_CLKOUT0)
                                                     -7.324    35.249 r  u_clk/inst/mmcm_adv_inst/CLKOUT0
                         net (fo=1, routed)           1.639    36.888    u_clk/inst/clk_out1_clk_wiz_0
    BUFGCTRL_X0Y17       BUFG (Prop_bufg_I_O)         0.091    36.979 r  u_clk/inst/clkout1_buf/O
                         net (fo=152, routed)         1.705    38.685    <hidden>
    RAMB36_X1Y39         RAMB36E1                                     r  <hidden>
                         clock pessimism              0.488    39.173    
                         clock uncertainty           -0.106    39.067    
    RAMB36_X1Y39         RAMB36E1 (Setup_ramb36e1_CLKBWRCLK_ENBWREN)
                                                     -0.443    38.624    <hidden>
  -------------------------------------------------------------------
                         required time                         38.624    
                         arrival time                         -19.105    
  -------------------------------------------------------------------
                         slack                                 19.519    

Slack (MET) :             19.642ns  (required time - arrival time)
  Source:                 u_vga/v_cnt_reg[4]/C
                            (rising edge-triggered cell FDCE clocked by clk_out1_clk_wiz_0  {rise@0.000ns fall@20.000ns period=40.000ns})
  Destination:            <hidden>
                            (rising edge-triggered cell RAMB36E1 clocked by clk_out1_clk_wiz_0  {rise@0.000ns fall@20.000ns period=40.000ns})
  Path Group:             clk_out1_clk_wiz_0
  Path Type:              Setup (Max at Slow Process Corner)
  Requirement:            40.000ns  (clk_out1_clk_wiz_0 rise@40.000ns - clk_out1_clk_wiz_0 rise@0.000ns)
  Data Path Delay:        19.819ns  (logic 4.738ns (23.907%)  route 15.081ns (76.093%))
  Logic Levels:           3  (DSP48E1=1 LUT3=1 LUT5=1)
  Clock Path Skew:        0.010ns (DCD - SCD + CPR)
    Destination Clock Delay (DCD):    -1.381ns = ( 38.619 - 40.000 ) 
    Source Clock Delay      (SCD):    -0.910ns
    Clock Pessimism Removal (CPR):    0.480ns
  Clock Uncertainty:      0.106ns  ((TSJ^2 + DJ^2)^1/2) / 2 + PE
    Total System Jitter     (TSJ):    0.071ns
    Discrete Jitter          (DJ):    0.200ns
    Phase Error              (PE):    0.000ns

    Location             Delay type                Incr(ns)  Path(ns)    Netlist Resource(s)
  -------------------------------------------------------------------    -------------------
                         (clock clk_out1_clk_wiz_0 rise edge)
                                                      0.000     0.000 r  
    E3                                                0.000     0.000 r  CLK100MHZ (IN)
                         net (fo=0)                   0.000     0.000    u_clk/inst/clk_in1
    E3                   IBUF (Prop_ibuf_I_O)         1.482     1.482 r  u_clk/inst/clkin1_ibufg/O
                         net (fo=1, routed)           1.233     2.715    u_clk/inst/clk_in1_clk_wiz_0
    MMCME2_ADV_X1Y2      MMCME2_ADV (Prop_mmcme2_adv_CLKIN1_CLKOUT0)
                                                     -7.070    -4.355 r  u_clk/inst/mmcm_adv_inst/CLKOUT0
                         net (fo=1, routed)           1.719    -2.636    u_clk/inst/clk_out1_clk_wiz_0
    BUFGCTRL_X0Y17       BUFG (Prop_bufg_I_O)         0.096    -2.540 r  u_clk/inst/clkout1_buf/O
                         net (fo=152, routed)         1.630    -0.910    u_vga/clk25
    SLICE_X10Y108        FDCE                                         r  u_vga/v_cnt_reg[4]/C
  -------------------------------------------------------------------    -------------------
    SLICE_X10Y108        FDCE (Prop_fdce_C_Q)         0.478    -0.432 r  u_vga/v_cnt_reg[4]/Q
                         net (fo=13, routed)          1.349     0.917    y[4]
    DSP48_X0Y44          DSP48E1 (Prop_dsp48e1_A[4]_P[18])
                                                      4.012     4.929 f  tmp0/P[18]
                         net (fo=1, routed)           0.530     5.460    tmp0_n_87
    SLICE_X12Y113        LUT5 (Prop_lut5_I4_O)        0.124     5.584 f  u_fb_i_1/O
                         net (fo=82, routed)         12.104    17.687    <hidden>
    SLICE_X74Y65         LUT3 (Prop_lut3_I2_O)        0.124    17.811 r  <hidden>
                         net (fo=6, routed)           1.097    18.908    <hidden>
    RAMB36_X3Y11         RAMB36E1                                     r  <hidden>
  -------------------------------------------------------------------    -------------------

                         (clock clk_out1_clk_wiz_0 rise edge)
                                                     40.000    40.000 r  
    E3                                                0.000    40.000 r  CLK100MHZ (IN)
                         net (fo=0)                   0.000    40.000    u_clk/inst/clk_in1
    E3                   IBUF (Prop_ibuf_I_O)         1.411    41.411 r  u_clk/inst/clkin1_ibufg/O
                         net (fo=1, routed)           1.162    42.573    u_clk/inst/clk_in1_clk_wiz_0
    MMCME2_ADV_X1Y2      MMCME2_ADV (Prop_mmcme2_adv_CLKIN1_CLKOUT0)
                                                     -7.324    35.249 r  u_clk/inst/mmcm_adv_inst/CLKOUT0
                         net (fo=1, routed)           1.639    36.888    u_clk/inst/clk_out1_clk_wiz_0
    BUFGCTRL_X0Y17       BUFG (Prop_bufg_I_O)         0.091    36.979 r  u_clk/inst/clkout1_buf/O
                         net (fo=152, routed)         1.640    38.619    <hidden>
    RAMB36_X3Y11         RAMB36E1                                     r  <hidden>
                         clock pessimism              0.480    39.100    
                         clock uncertainty           -0.106    38.993    
    RAMB36_X3Y11         RAMB36E1 (Setup_ramb36e1_CLKBWRCLK_ENBWREN)
                                                     -0.443    38.550    <hidden>
  -------------------------------------------------------------------
                         required time                         38.550    
                         arrival time                         -18.908    
  -------------------------------------------------------------------
                         slack                                 19.642    





Min Delay Paths
--------------------------------------------------------------------------------------
Slack (MET) :             0.197ns  (arrival time - required time)
  Source:                 <hidden>
                            (rising edge-triggered cell FDRE clocked by clk_out1_clk_wiz_0  {rise@0.000ns fall@20.000ns period=40.000ns})
  Destination:            <hidden>
                            (rising edge-triggered cell FDRE clocked by clk_out1_clk_wiz_0  {rise@0.000ns fall@20.000ns period=40.000ns})
  Path Group:             clk_out1_clk_wiz_0
  Path Type:              Hold (Min at Fast Process Corner)
  Requirement:            0.000ns  (clk_out1_clk_wiz_0 rise@0.000ns - clk_out1_clk_wiz_0 rise@0.000ns)
  Data Path Delay:        0.280ns  (logic 0.164ns (58.537%)  route 0.116ns (41.463%))
  Logic Levels:           0  
  Clock Path Skew:        0.013ns (DCD - SCD - CPR)
    Destination Clock Delay (DCD):    -0.844ns
    Source Clock Delay      (SCD):    -0.606ns
    Clock Pessimism Removal (CPR):    -0.251ns

    Location             Delay type                Incr(ns)  Path(ns)    Netlist Resource(s)
  -------------------------------------------------------------------    -------------------
                         (clock clk_out1_clk_wiz_0 rise edge)
                                                      0.000     0.000 r  
    E3                                                0.000     0.000 r  CLK100MHZ (IN)
                         net (fo=0)                   0.000     0.000    u_clk/inst/clk_in1
    E3                   IBUF (Prop_ibuf_I_O)         0.250     0.250 r  u_clk/inst/clkin1_ibufg/O
                         net (fo=1, routed)           0.440     0.690    u_clk/inst/clk_in1_clk_wiz_0
    MMCME2_ADV_X1Y2      MMCME2_ADV (Prop_mmcme2_adv_CLKIN1_CLKOUT0)
                                                     -2.379    -1.689 r  u_clk/inst/mmcm_adv_inst/CLKOUT0
                         net (fo=1, routed)           0.499    -1.190    u_clk/inst/clk_out1_clk_wiz_0
    BUFGCTRL_X0Y17       BUFG (Prop_bufg_I_O)         0.026    -1.164 r  u_clk/inst/clkout1_buf/O
                         net (fo=152, routed)         0.558    -0.606    <hidden>
    SLICE_X58Y110        FDRE                                         r  <hidden>
  -------------------------------------------------------------------    -------------------
    SLICE_X58Y110        FDRE (Prop_fdre_C_Q)         0.164    -0.442 r  <hidden>
                         net (fo=1, routed)           0.116    -0.326    <hidden>
    SLICE_X59Y110        FDRE                                         r  <hidden>
  -------------------------------------------------------------------    -------------------

                         (clock clk_out1_clk_wiz_0 rise edge)
                                                      0.000     0.000 r  
    E3                                                0.000     0.000 r  CLK100MHZ (IN)
                         net (fo=0)                   0.000     0.000    u_clk/inst/clk_in1
    E3                   IBUF (Prop_ibuf_I_O)         0.438     0.438 r  u_clk/inst/clkin1_ibufg/O
                         net (fo=1, routed)           0.480     0.918    u_clk/inst/clk_in1_clk_wiz_0
    MMCME2_ADV_X1Y2      MMCME2_ADV (Prop_mmcme2_adv_CLKIN1_CLKOUT0)
                                                     -3.163    -2.245 r  u_clk/inst/mmcm_adv_inst/CLKOUT0
                         net (fo=1, routed)           0.544    -1.702    u_clk/inst/clk_out1_clk_wiz_0
    BUFGCTRL_X0Y17       BUFG (Prop_bufg_I_O)         0.029    -1.673 r  u_clk/inst/clkout1_buf/O
                         net (fo=152, routed)         0.829    -0.844    <hidden>
    SLICE_X59Y110        FDRE                                         r  <hidden>
                         clock pessimism              0.251    -0.593    
    SLICE_X59Y110        FDRE (Hold_fdre_C_D)         0.070    -0.523    <hidden>
  -------------------------------------------------------------------
                         required time                          0.523    
                         arrival time                          -0.326    
  -------------------------------------------------------------------
                         slack                                  0.197    

Slack (MET) :             0.201ns  (arrival time - required time)
  Source:                 <hidden>
                            (rising edge-triggered cell FDRE clocked by clk_out1_clk_wiz_0  {rise@0.000ns fall@20.000ns period=40.000ns})
  Destination:            <hidden>
                            (rising edge-triggered cell FDRE clocked by clk_out1_clk_wiz_0  {rise@0.000ns fall@20.000ns period=40.000ns})
  Path Group:             clk_out1_clk_wiz_0
  Path Type:              Hold (Min at Fast Process Corner)
  Requirement:            0.000ns  (clk_out1_clk_wiz_0 rise@0.000ns - clk_out1_clk_wiz_0 rise@0.000ns)
  Data Path Delay:        0.280ns  (logic 0.164ns (58.537%)  route 0.116ns (41.463%))
  Logic Levels:           0  
  Clock Path Skew:        0.013ns (DCD - SCD - CPR)
    Destination Clock Delay (DCD):    -0.844ns
    Source Clock Delay      (SCD):    -0.606ns
    Clock Pessimism Removal (CPR):    -0.251ns

    Location             Delay type                Incr(ns)  Path(ns)    Netlist Resource(s)
  -------------------------------------------------------------------    -------------------
                         (clock clk_out1_clk_wiz_0 rise edge)
                                                      0.000     0.000 r  
    E3                                                0.000     0.000 r  CLK100MHZ (IN)
                         net (fo=0)                   0.000     0.000    u_clk/inst/clk_in1
    E3                   IBUF (Prop_ibuf_I_O)         0.250     0.250 r  u_clk/inst/clkin1_ibufg/O
                         net (fo=1, routed)           0.440     0.690    u_clk/inst/clk_in1_clk_wiz_0
    MMCME2_ADV_X1Y2      MMCME2_ADV (Prop_mmcme2_adv_CLKIN1_CLKOUT0)
                                                     -2.379    -1.689 r  u_clk/inst/mmcm_adv_inst/CLKOUT0
                         net (fo=1, routed)           0.499    -1.190    u_clk/inst/clk_out1_clk_wiz_0
    BUFGCTRL_X0Y17       BUFG (Prop_bufg_I_O)         0.026    -1.164 r  u_clk/inst/clkout1_buf/O
                         net (fo=152, routed)         0.558    -0.606    <hidden>
    SLICE_X58Y110        FDRE                                         r  <hidden>
  -------------------------------------------------------------------    -------------------
    SLICE_X58Y110        FDRE (Prop_fdre_C_Q)         0.164    -0.442 r  <hidden>
                         net (fo=1, routed)           0.116    -0.326    <hidden>
    SLICE_X59Y110        FDRE                                         r  <hidden>
  -------------------------------------------------------------------    -------------------

                         (clock clk_out1_clk_wiz_0 rise edge)
                                                      0.000     0.000 r  
    E3                                                0.000     0.000 r  CLK100MHZ (IN)
                         net (fo=0)                   0.000     0.000    u_clk/inst/clk_in1
    E3                   IBUF (Prop_ibuf_I_O)         0.438     0.438 r  u_clk/inst/clkin1_ibufg/O
                         net (fo=1, routed)           0.480     0.918    u_clk/inst/clk_in1_clk_wiz_0
    MMCME2_ADV_X1Y2      MMCME2_ADV (Prop_mmcme2_adv_CLKIN1_CLKOUT0)
                                                     -3.163    -2.245 r  u_clk/inst/mmcm_adv_inst/CLKOUT0
                         net (fo=1, routed)           0.544    -1.702    u_clk/inst/clk_out1_clk_wiz_0
    BUFGCTRL_X0Y17       BUFG (Prop_bufg_I_O)         0.029    -1.673 r  u_clk/inst/clkout1_buf/O
                         net (fo=152, routed)         0.829    -0.844    <hidden>
    SLICE_X59Y110        FDRE                                         r  <hidden>
                         clock pessimism              0.251    -0.593    
    SLICE_X59Y110        FDRE (Hold_fdre_C_D)         0.066    -0.527    <hidden>
  -------------------------------------------------------------------
                         required time                          0.527    
                         arrival time                          -0.326    
  -------------------------------------------------------------------
                         slack                                  0.201    

Slack (MET) :             0.217ns  (arrival time - required time)
  Source:                 <hidden>
                            (rising edge-triggered cell FDRE clocked by clk_out1_clk_wiz_0  {rise@0.000ns fall@20.000ns period=40.000ns})
  Destination:            <hidden>
                            (rising edge-triggered cell FDRE clocked by clk_out1_clk_wiz_0  {rise@0.000ns fall@20.000ns period=40.000ns})
  Path Group:             clk_out1_clk_wiz_0
  Path Type:              Hold (Min at Fast Process Corner)
  Requirement:            0.000ns  (clk_out1_clk_wiz_0 rise@0.000ns - clk_out1_clk_wiz_0 rise@0.000ns)
  Data Path Delay:        0.276ns  (logic 0.164ns (59.419%)  route 0.112ns (40.581%))
  Logic Levels:           0  
  Clock Path Skew:        0.000ns (DCD - SCD - CPR)
    Destination Clock Delay (DCD):    -0.844ns
    Source Clock Delay      (SCD):    -0.606ns
    Clock Pessimism Removal (CPR):    -0.238ns

    Location             Delay type                Incr(ns)  Path(ns)    Netlist Resource(s)
  -------------------------------------------------------------------    -------------------
                         (clock clk_out1_clk_wiz_0 rise edge)
                                                      0.000     0.000 r  
    E3                                                0.000     0.000 r  CLK100MHZ (IN)
                         net (fo=0)                   0.000     0.000    u_clk/inst/clk_in1
    E3                   IBUF (Prop_ibuf_I_O)         0.250     0.250 r  u_clk/inst/clkin1_ibufg/O
                         net (fo=1, routed)           0.440     0.690    u_clk/inst/clk_in1_clk_wiz_0
    MMCME2_ADV_X1Y2      MMCME2_ADV (Prop_mmcme2_adv_CLKIN1_CLKOUT0)
                                                     -2.379    -1.689 r  u_clk/inst/mmcm_adv_inst/CLKOUT0
                         net (fo=1, routed)           0.499    -1.190    u_clk/inst/clk_out1_clk_wiz_0
    BUFGCTRL_X0Y17       BUFG (Prop_bufg_I_O)         0.026    -1.164 r  u_clk/inst/clkout1_buf/O
                         net (fo=152, routed)         0.558    -0.606    <hidden>
    SLICE_X58Y110        FDRE                                         r  <hidden>
  -------------------------------------------------------------------    -------------------
    SLICE_X58Y110        FDRE (Prop_fdre_C_Q)         0.164    -0.442 r  <hidden>
                         net (fo=1, routed)           0.112    -0.330    <hidden>
    SLICE_X58Y110        FDRE                                         r  <hidden>
  -------------------------------------------------------------------    -------------------

                         (clock clk_out1_clk_wiz_0 rise edge)
                                                      0.000     0.000 r  
    E3                                                0.000     0.000 r  CLK100MHZ (IN)
                         net (fo=0)                   0.000     0.000    u_clk/inst/clk_in1
    E3                   IBUF (Prop_ibuf_I_O)         0.438     0.438 r  u_clk/inst/clkin1_ibufg/O
                         net (fo=1, routed)           0.480     0.918    u_clk/inst/clk_in1_clk_wiz_0
    MMCME2_ADV_X1Y2      MMCME2_ADV (Prop_mmcme2_adv_CLKIN1_CLKOUT0)
                                                     -3.163    -2.245 r  u_clk/inst/mmcm_adv_inst/CLKOUT0
                         net (fo=1, routed)           0.544    -1.702    u_clk/inst/clk_out1_clk_wiz_0
    BUFGCTRL_X0Y17       BUFG (Prop_bufg_I_O)         0.029    -1.673 r  u_clk/inst/clkout1_buf/O
                         net (fo=152, routed)         0.829    -0.844    <hidden>
    SLICE_X58Y110        FDRE                                         r  <hidden>
                         clock pessimism              0.238    -0.606    
    SLICE_X58Y110        FDRE (Hold_fdre_C_D)         0.059    -0.547    <hidden>
  -------------------------------------------------------------------
                         required time                          0.547    
                         arrival time                          -0.330    
  -------------------------------------------------------------------
                         slack                                  0.217    

Slack (MET) :             0.221ns  (arrival time - required time)
  Source:                 <hidden>
                            (rising edge-triggered cell FDRE clocked by clk_out1_clk_wiz_0  {rise@0.000ns fall@20.000ns period=40.000ns})
  Destination:            <hidden>
                            (rising edge-triggered cell FDRE clocked by clk_out1_clk_wiz_0  {rise@0.000ns fall@20.000ns period=40.000ns})
  Path Group:             clk_out1_clk_wiz_0
  Path Type:              Hold (Min at Fast Process Corner)
  Requirement:            0.000ns  (clk_out1_clk_wiz_0 rise@0.000ns - clk_out1_clk_wiz_0 rise@0.000ns)
  Data Path Delay:        0.280ns  (logic 0.164ns (58.537%)  route 0.116ns (41.463%))
  Logic Levels:           0  
  Clock Path Skew:        0.000ns (DCD - SCD - CPR)
    Destination Clock Delay (DCD):    -0.849ns
    Source Clock Delay      (SCD):    -0.609ns
    Clock Pessimism Removal (CPR):    -0.240ns

    Location             Delay type                Incr(ns)  Path(ns)    Netlist Resource(s)
  -------------------------------------------------------------------    -------------------
                         (clock clk_out1_clk_wiz_0 rise edge)
                                                      0.000     0.000 r  
    E3                                                0.000     0.000 r  CLK100MHZ (IN)
                         net (fo=0)                   0.000     0.000    u_clk/inst/clk_in1
    E3                   IBUF (Prop_ibuf_I_O)         0.250     0.250 r  u_clk/inst/clkin1_ibufg/O
                         net (fo=1, routed)           0.440     0.690    u_clk/inst/clk_in1_clk_wiz_0
    MMCME2_ADV_X1Y2      MMCME2_ADV (Prop_mmcme2_adv_CLKIN1_CLKOUT0)
                                                     -2.379    -1.689 r  u_clk/inst/mmcm_adv_inst/CLKOUT0
                         net (fo=1, routed)           0.499    -1.190    u_clk/inst/clk_out1_clk_wiz_0
    BUFGCTRL_X0Y17       BUFG (Prop_bufg_I_O)         0.026    -1.164 r  u_clk/inst/clkout1_buf/O
                         net (fo=152, routed)         0.555    -0.609    <hidden>
    SLICE_X62Y118        FDRE                                         r  <hidden>
  -------------------------------------------------------------------    -------------------
    SLICE_X62Y118        FDRE (Prop_fdre_C_Q)         0.164    -0.445 r  <hidden>
                         net (fo=1, routed)           0.116    -0.329    <hidden>
    SLICE_X62Y118        FDRE                                         r  <hidden>
  -------------------------------------------------------------------    -------------------

                         (clock clk_out1_clk_wiz_0 rise edge)
                                                      0.000     0.000 r  
    E3                                                0.000     0.000 r  CLK100MHZ (IN)
                         net (fo=0)                   0.000     0.000    u_clk/inst/clk_in1
    E3                   IBUF (Prop_ibuf_I_O)         0.438     0.438 r  u_clk/inst/clkin1_ibufg/O
                         net (fo=1, routed)           0.480     0.918    u_clk/inst/clk_in1_clk_wiz_0
    MMCME2_ADV_X1Y2      MMCME2_ADV (Prop_mmcme2_adv_CLKIN1_CLKOUT0)
                                                     -3.163    -2.245 r  u_clk/inst/mmcm_adv_inst/CLKOUT0
                         net (fo=1, routed)           0.544    -1.702    u_clk/inst/clk_out1_clk_wiz_0
    BUFGCTRL_X0Y17       BUFG (Prop_bufg_I_O)         0.029    -1.673 r  u_clk/inst/clkout1_buf/O
                         net (fo=152, routed)         0.823    -0.849    <hidden>
    SLICE_X62Y118        FDRE                                         r  <hidden>
                         clock pessimism              0.240    -0.609    
    SLICE_X62Y118        FDRE (Hold_fdre_C_D)         0.059    -0.550    <hidden>
  -------------------------------------------------------------------
                         required time                          0.550    
                         arrival time                          -0.329    
  -------------------------------------------------------------------
                         slack                                  0.221    

Slack (MET) :             0.228ns  (arrival time - required time)
  Source:                 <hidden>
                            (rising edge-triggered cell FDRE clocked by clk_out1_clk_wiz_0  {rise@0.000ns fall@20.000ns period=40.000ns})
  Destination:            <hidden>
                            (rising edge-triggered cell FDRE clocked by clk_out1_clk_wiz_0  {rise@0.000ns fall@20.000ns period=40.000ns})
  Path Group:             clk_out1_clk_wiz_0
  Path Type:              Hold (Min at Fast Process Corner)
  Requirement:            0.000ns  (clk_out1_clk_wiz_0 rise@0.000ns - clk_out1_clk_wiz_0 rise@0.000ns)
  Data Path Delay:        0.280ns  (logic 0.164ns (58.537%)  route 0.116ns (41.463%))
  Logic Levels:           0  
  Clock Path Skew:        0.000ns (DCD - SCD - CPR)
    Destination Clock Delay (DCD):    -0.849ns
    Source Clock Delay      (SCD):    -0.609ns
    Clock Pessimism Removal (CPR):    -0.240ns

    Location             Delay type                Incr(ns)  Path(ns)    Netlist Resource(s)
  -------------------------------------------------------------------    -------------------
                         (clock clk_out1_clk_wiz_0 rise edge)
                                                      0.000     0.000 r  
    E3                                                0.000     0.000 r  CLK100MHZ (IN)
                         net (fo=0)                   0.000     0.000    u_clk/inst/clk_in1
    E3                   IBUF (Prop_ibuf_I_O)         0.250     0.250 r  u_clk/inst/clkin1_ibufg/O
                         net (fo=1, routed)           0.440     0.690    u_clk/inst/clk_in1_clk_wiz_0
    MMCME2_ADV_X1Y2      MMCME2_ADV (Prop_mmcme2_adv_CLKIN1_CLKOUT0)
                                                     -2.379    -1.689 r  u_clk/inst/mmcm_adv_inst/CLKOUT0
                         net (fo=1, routed)           0.499    -1.190    u_clk/inst/clk_out1_clk_wiz_0
    BUFGCTRL_X0Y17       BUFG (Prop_bufg_I_O)         0.026    -1.164 r  u_clk/inst/clkout1_buf/O
                         net (fo=152, routed)         0.555    -0.609    <hidden>
    SLICE_X62Y118        FDRE                                         r  <hidden>
  -------------------------------------------------------------------    -------------------
    SLICE_X62Y118        FDRE (Prop_fdre_C_Q)         0.164    -0.445 r  <hidden>
                         net (fo=1, routed)           0.116    -0.329    <hidden>
    SLICE_X62Y118        FDRE                                         r  <hidden>
  -------------------------------------------------------------------    -------------------

                         (clock clk_out1_clk_wiz_0 rise edge)
                                                      0.000     0.000 r  
    E3                                                0.000     0.000 r  CLK100MHZ (IN)
                         net (fo=0)                   0.000     0.000    u_clk/inst/clk_in1
    E3                   IBUF (Prop_ibuf_I_O)         0.438     0.438 r  u_clk/inst/clkin1_ibufg/O
                         net (fo=1, routed)           0.480     0.918    u_clk/inst/clk_in1_clk_wiz_0
    MMCME2_ADV_X1Y2      MMCME2_ADV (Prop_mmcme2_adv_CLKIN1_CLKOUT0)
                                                     -3.163    -2.245 r  u_clk/inst/mmcm_adv_inst/CLKOUT0
                         net (fo=1, routed)           0.544    -1.702    u_clk/inst/clk_out1_clk_wiz_0
    BUFGCTRL_X0Y17       BUFG (Prop_bufg_I_O)         0.029    -1.673 r  u_clk/inst/clkout1_buf/O
                         net (fo=152, routed)         0.823    -0.849    <hidden>
    SLICE_X62Y118        FDRE                                         r  <hidden>
                         clock pessimism              0.240    -0.609    
    SLICE_X62Y118        FDRE (Hold_fdre_C_D)         0.052    -0.557    <hidden>
  -------------------------------------------------------------------
                         required time                          0.557    
                         arrival time                          -0.329    
  -------------------------------------------------------------------
                         slack                                  0.228    

Slack (MET) :             0.249ns  (arrival time - required time)
  Source:                 active_d1_reg/C
                            (rising edge-triggered cell FDRE clocked by clk_out1_clk_wiz_0  {rise@0.000ns fall@20.000ns period=40.000ns})
  Destination:            active_d2_reg/D
                            (rising edge-triggered cell FDRE clocked by clk_out1_clk_wiz_0  {rise@0.000ns fall@20.000ns period=40.000ns})
  Path Group:             clk_out1_clk_wiz_0
  Path Type:              Hold (Min at Fast Process Corner)
  Requirement:            0.000ns  (clk_out1_clk_wiz_0 rise@0.000ns - clk_out1_clk_wiz_0 rise@0.000ns)
  Data Path Delay:        0.356ns  (logic 0.183ns (51.463%)  route 0.173ns (48.537%))
  Logic Levels:           1  (LUT3=1)
  Clock Path Skew:        0.000ns (DCD - SCD - CPR)
    Destination Clock Delay (DCD):    -0.841ns
    Source Clock Delay      (SCD):    -0.604ns
    Clock Pessimism Removal (CPR):    -0.237ns

    Location             Delay type                Incr(ns)  Path(ns)    Netlist Resource(s)
  -------------------------------------------------------------------    -------------------
                         (clock clk_out1_clk_wiz_0 rise edge)
                                                      0.000     0.000 r  
    E3                                                0.000     0.000 r  CLK100MHZ (IN)
                         net (fo=0)                   0.000     0.000    u_clk/inst/clk_in1
    E3                   IBUF (Prop_ibuf_I_O)         0.250     0.250 r  u_clk/inst/clkin1_ibufg/O
                         net (fo=1, routed)           0.440     0.690    u_clk/inst/clk_in1_clk_wiz_0
    MMCME2_ADV_X1Y2      MMCME2_ADV (Prop_mmcme2_adv_CLKIN1_CLKOUT0)
                                                     -2.379    -1.689 r  u_clk/inst/mmcm_adv_inst/CLKOUT0
                         net (fo=1, routed)           0.499    -1.190    u_clk/inst/clk_out1_clk_wiz_0
    BUFGCTRL_X0Y17       BUFG (Prop_bufg_I_O)         0.026    -1.164 r  u_clk/inst/clkout1_buf/O
                         net (fo=152, routed)         0.560    -0.604    clk25
    SLICE_X40Y110        FDRE                                         r  active_d1_reg/C
  -------------------------------------------------------------------    -------------------
    SLICE_X40Y110        FDRE (Prop_fdre_C_Q)         0.141    -0.463 r  active_d1_reg/Q
                         net (fo=1, routed)           0.173    -0.291    active_d1
    SLICE_X40Y110        LUT3 (Prop_lut3_I2_O)        0.042    -0.249 r  active_d2_i_1/O
                         net (fo=1, routed)           0.000    -0.249    active_d2_i_1_n_0
    SLICE_X40Y110        FDRE                                         r  active_d2_reg/D
  -------------------------------------------------------------------    -------------------

                         (clock clk_out1_clk_wiz_0 rise edge)
                                                      0.000     0.000 r  
    E3                                                0.000     0.000 r  CLK100MHZ (IN)
                         net (fo=0)                   0.000     0.000    u_clk/inst/clk_in1
    E3                   IBUF (Prop_ibuf_I_O)         0.438     0.438 r  u_clk/inst/clkin1_ibufg/O
                         net (fo=1, routed)           0.480     0.918    u_clk/inst/clk_in1_clk_wiz_0
    MMCME2_ADV_X1Y2      MMCME2_ADV (Prop_mmcme2_adv_CLKIN1_CLKOUT0)
                                                     -3.163    -2.245 r  u_clk/inst/mmcm_adv_inst/CLKOUT0
                         net (fo=1, routed)           0.544    -1.702    u_clk/inst/clk_out1_clk_wiz_0
    BUFGCTRL_X0Y17       BUFG (Prop_bufg_I_O)         0.029    -1.673 r  u_clk/inst/clkout1_buf/O
                         net (fo=152, routed)         0.832    -0.841    clk25
    SLICE_X40Y110        FDRE                                         r  active_d2_reg/C
                         clock pessimism              0.237    -0.604    
    SLICE_X40Y110        FDRE (Hold_fdre_C_D)         0.107    -0.497    active_d2_reg
  -------------------------------------------------------------------
                         required time                          0.497    
                         arrival time                          -0.249    
  -------------------------------------------------------------------
                         slack                                  0.249    

Slack (MET) :             0.256ns  (arrival time - required time)
  Source:                 u_vga/h_cnt_reg[6]/C
                            (rising edge-triggered cell FDCE clocked by clk_out1_clk_wiz_0  {rise@0.000ns fall@20.000ns period=40.000ns})
  Destination:            u_vga/h_cnt_reg[7]/D
                            (rising edge-triggered cell FDCE clocked by clk_out1_clk_wiz_0  {rise@0.000ns fall@20.000ns period=40.000ns})
  Path Group:             clk_out1_clk_wiz_0
  Path Type:              Hold (Min at Fast Process Corner)
  Requirement:            0.000ns  (clk_out1_clk_wiz_0 rise@0.000ns - clk_out1_clk_wiz_0 rise@0.000ns)
  Data Path Delay:        0.363ns  (logic 0.183ns (50.353%)  route 0.180ns (49.647%))
  Logic Levels:           1  (LUT4=1)
  Clock Path Skew:        0.000ns (DCD - SCD - CPR)
    Destination Clock Delay (DCD):    -0.807ns
    Source Clock Delay      (SCD):    -0.569ns
    Clock Pessimism Removal (CPR):    -0.238ns

    Location             Delay type                Incr(ns)  Path(ns)    Netlist Resource(s)
  -------------------------------------------------------------------    -------------------
                         (clock clk_out1_clk_wiz_0 rise edge)
                                                      0.000     0.000 r  
    E3                                                0.000     0.000 r  CLK100MHZ (IN)
                         net (fo=0)                   0.000     0.000    u_clk/inst/clk_in1
    E3                   IBUF (Prop_ibuf_I_O)         0.250     0.250 r  u_clk/inst/clkin1_ibufg/O
                         net (fo=1, routed)           0.440     0.690    u_clk/inst/clk_in1_clk_wiz_0
    MMCME2_ADV_X1Y2      MMCME2_ADV (Prop_mmcme2_adv_CLKIN1_CLKOUT0)
                                                     -2.379    -1.689 r  u_clk/inst/mmcm_adv_inst/CLKOUT0
                         net (fo=1, routed)           0.499    -1.190    u_clk/inst/clk_out1_clk_wiz_0
    BUFGCTRL_X0Y17       BUFG (Prop_bufg_I_O)         0.026    -1.164 r  u_clk/inst/clkout1_buf/O
                         net (fo=152, routed)         0.595    -0.569    u_vga/clk25
    SLICE_X7Y111         FDCE                                         r  u_vga/h_cnt_reg[6]/C
  -------------------------------------------------------------------    -------------------
    SLICE_X7Y111         FDCE (Prop_fdce_C_Q)         0.141    -0.428 r  u_vga/h_cnt_reg[6]/Q
                         net (fo=12, routed)          0.180    -0.248    u_vga/x[6]
    SLICE_X7Y111         LUT4 (Prop_lut4_I0_O)        0.042    -0.206 r  u_vga/h_cnt[7]_i_1/O
                         net (fo=1, routed)           0.000    -0.206    u_vga/h_cnt[7]
    SLICE_X7Y111         FDCE                                         r  u_vga/h_cnt_reg[7]/D
  -------------------------------------------------------------------    -------------------

                         (clock clk_out1_clk_wiz_0 rise edge)
                                                      0.000     0.000 r  
    E3                                                0.000     0.000 r  CLK100MHZ (IN)
                         net (fo=0)                   0.000     0.000    u_clk/inst/clk_in1
    E3                   IBUF (Prop_ibuf_I_O)         0.438     0.438 r  u_clk/inst/clkin1_ibufg/O
                         net (fo=1, routed)           0.480     0.918    u_clk/inst/clk_in1_clk_wiz_0
    MMCME2_ADV_X1Y2      MMCME2_ADV (Prop_mmcme2_adv_CLKIN1_CLKOUT0)
                                                     -3.163    -2.245 r  u_clk/inst/mmcm_adv_inst/CLKOUT0
                         net (fo=1, routed)           0.544    -1.702    u_clk/inst/clk_out1_clk_wiz_0
    BUFGCTRL_X0Y17       BUFG (Prop_bufg_I_O)         0.029    -1.673 r  u_clk/inst/clkout1_buf/O
                         net (fo=152, routed)         0.866    -0.807    u_vga/clk25
    SLICE_X7Y111         FDCE                                         r  u_vga/h_cnt_reg[7]/C
                         clock pessimism              0.238    -0.569    
    SLICE_X7Y111         FDCE (Hold_fdce_C_D)         0.107    -0.462    u_vga/h_cnt_reg[7]
  -------------------------------------------------------------------
                         required time                          0.462    
                         arrival time                          -0.206    
  -------------------------------------------------------------------
                         slack                                  0.256    

Slack (MET) :             0.262ns  (arrival time - required time)
  Source:                 u_vga/h_cnt_reg[0]/C
                            (rising edge-triggered cell FDCE clocked by clk_out1_clk_wiz_0  {rise@0.000ns fall@20.000ns period=40.000ns})
  Destination:            u_vga/h_cnt_reg[1]/D
                            (rising edge-triggered cell FDCE clocked by clk_out1_clk_wiz_0  {rise@0.000ns fall@20.000ns period=40.000ns})
  Path Group:             clk_out1_clk_wiz_0
  Path Type:              Hold (Min at Fast Process Corner)
  Requirement:            0.000ns  (clk_out1_clk_wiz_0 rise@0.000ns - clk_out1_clk_wiz_0 rise@0.000ns)
  Data Path Delay:        0.393ns  (logic 0.207ns (52.626%)  route 0.186ns (47.374%))
  Logic Levels:           1  (LUT2=1)
  Clock Path Skew:        0.000ns (DCD - SCD - CPR)
    Destination Clock Delay (DCD):    -0.835ns
    Source Clock Delay      (SCD):    -0.597ns
    Clock Pessimism Removal (CPR):    -0.238ns

    Location             Delay type                Incr(ns)  Path(ns)    Netlist Resource(s)
  -------------------------------------------------------------------    -------------------
                         (clock clk_out1_clk_wiz_0 rise edge)
                                                      0.000     0.000 r  
    E3                                                0.000     0.000 r  CLK100MHZ (IN)
                         net (fo=0)                   0.000     0.000    u_clk/inst/clk_in1
    E3                   IBUF (Prop_ibuf_I_O)         0.250     0.250 r  u_clk/inst/clkin1_ibufg/O
                         net (fo=1, routed)           0.440     0.690    u_clk/inst/clk_in1_clk_wiz_0
    MMCME2_ADV_X1Y2      MMCME2_ADV (Prop_mmcme2_adv_CLKIN1_CLKOUT0)
                                                     -2.379    -1.689 r  u_clk/inst/mmcm_adv_inst/CLKOUT0
                         net (fo=1, routed)           0.499    -1.190    u_clk/inst/clk_out1_clk_wiz_0
    BUFGCTRL_X0Y17       BUFG (Prop_bufg_I_O)         0.026    -1.164 r  u_clk/inst/clkout1_buf/O
                         net (fo=152, routed)         0.567    -0.597    u_vga/clk25
    SLICE_X8Y111         FDCE                                         r  u_vga/h_cnt_reg[0]/C
  -------------------------------------------------------------------    -------------------
    SLICE_X8Y111         FDCE (Prop_fdce_C_Q)         0.164    -0.433 r  u_vga/h_cnt_reg[0]/Q
                         net (fo=11, routed)          0.186    -0.247    u_vga/x[0]
    SLICE_X8Y111         LUT2 (Prop_lut2_I0_O)        0.043    -0.204 r  u_vga/h_cnt[1]_i_1/O
                         net (fo=1, routed)           0.000    -0.204    u_vga/h_cnt[1]
    SLICE_X8Y111         FDCE                                         r  u_vga/h_cnt_reg[1]/D
  -------------------------------------------------------------------    -------------------

                         (clock clk_out1_clk_wiz_0 rise edge)
                                                      0.000     0.000 r  
    E3                                                0.000     0.000 r  CLK100MHZ (IN)
                         net (fo=0)                   0.000     0.000    u_clk/inst/clk_in1
    E3                   IBUF (Prop_ibuf_I_O)         0.438     0.438 r  u_clk/inst/clkin1_ibufg/O
                         net (fo=1, routed)           0.480     0.918    u_clk/inst/clk_in1_clk_wiz_0
    MMCME2_ADV_X1Y2      MMCME2_ADV (Prop_mmcme2_adv_CLKIN1_CLKOUT0)
                                                     -3.163    -2.245 r  u_clk/inst/mmcm_adv_inst/CLKOUT0
                         net (fo=1, routed)           0.544    -1.702    u_clk/inst/clk_out1_clk_wiz_0
    BUFGCTRL_X0Y17       BUFG (Prop_bufg_I_O)         0.029    -1.673 r  u_clk/inst/clkout1_buf/O
                         net (fo=152, routed)         0.838    -0.835    u_vga/clk25
    SLICE_X8Y111         FDCE                                         r  u_vga/h_cnt_reg[1]/C
                         clock pessimism              0.238    -0.597    
    SLICE_X8Y111         FDCE (Hold_fdce_C_D)         0.131    -0.466    u_vga/h_cnt_reg[1]
  -------------------------------------------------------------------
                         required time                          0.466    
                         arrival time                          -0.204    
  -------------------------------------------------------------------
                         slack                                  0.262    

Slack (MET) :             0.262ns  (arrival time - required time)
  Source:                 u_vga/h_cnt_reg[0]/C
                            (rising edge-triggered cell FDCE clocked by clk_out1_clk_wiz_0  {rise@0.000ns fall@20.000ns period=40.000ns})
  Destination:            u_vga/h_cnt_reg[3]/D
                            (rising edge-triggered cell FDCE clocked by clk_out1_clk_wiz_0  {rise@0.000ns fall@20.000ns period=40.000ns})
  Path Group:             clk_out1_clk_wiz_0
  Path Type:              Hold (Min at Fast Process Corner)
  Requirement:            0.000ns  (clk_out1_clk_wiz_0 rise@0.000ns - clk_out1_clk_wiz_0 rise@0.000ns)
  Data Path Delay:        0.393ns  (logic 0.207ns (52.626%)  route 0.186ns (47.374%))
  Logic Levels:           1  (LUT4=1)
  Clock Path Skew:        0.000ns (DCD - SCD - CPR)
    Destination Clock Delay (DCD):    -0.835ns
    Source Clock Delay      (SCD):    -0.597ns
    Clock Pessimism Removal (CPR):    -0.238ns

    Location             Delay type                Incr(ns)  Path(ns)    Netlist Resource(s)
  -------------------------------------------------------------------    -------------------
                         (clock clk_out1_clk_wiz_0 rise edge)
                                                      0.000     0.000 r  
    E3                                                0.000     0.000 r  CLK100MHZ (IN)
                         net (fo=0)                   0.000     0.000    u_clk/inst/clk_in1
    E3                   IBUF (Prop_ibuf_I_O)         0.250     0.250 r  u_clk/inst/clkin1_ibufg/O
                         net (fo=1, routed)           0.440     0.690    u_clk/inst/clk_in1_clk_wiz_0
    MMCME2_ADV_X1Y2      MMCME2_ADV (Prop_mmcme2_adv_CLKIN1_CLKOUT0)
                                                     -2.379    -1.689 r  u_clk/inst/mmcm_adv_inst/CLKOUT0
                         net (fo=1, routed)           0.499    -1.190    u_clk/inst/clk_out1_clk_wiz_0
    BUFGCTRL_X0Y17       BUFG (Prop_bufg_I_O)         0.026    -1.164 r  u_clk/inst/clkout1_buf/O
                         net (fo=152, routed)         0.567    -0.597    u_vga/clk25
    SLICE_X8Y111         FDCE                                         r  u_vga/h_cnt_reg[0]/C
  -------------------------------------------------------------------    -------------------
    SLICE_X8Y111         FDCE (Prop_fdce_C_Q)         0.164    -0.433 r  u_vga/h_cnt_reg[0]/Q
                         net (fo=11, routed)          0.186    -0.247    u_vga/x[0]
    SLICE_X8Y111         LUT4 (Prop_lut4_I1_O)        0.043    -0.204 r  u_vga/h_cnt[3]_i_1/O
                         net (fo=1, routed)           0.000    -0.204    u_vga/h_cnt[3]
    SLICE_X8Y111         FDCE                                         r  u_vga/h_cnt_reg[3]/D
  -------------------------------------------------------------------    -------------------

                         (clock clk_out1_clk_wiz_0 rise edge)
                                                      0.000     0.000 r  
    E3                                                0.000     0.000 r  CLK100MHZ (IN)
                         net (fo=0)                   0.000     0.000    u_clk/inst/clk_in1
    E3                   IBUF (Prop_ibuf_I_O)         0.438     0.438 r  u_clk/inst/clkin1_ibufg/O
                         net (fo=1, routed)           0.480     0.918    u_clk/inst/clk_in1_clk_wiz_0
    MMCME2_ADV_X1Y2      MMCME2_ADV (Prop_mmcme2_adv_CLKIN1_CLKOUT0)
                                                     -3.163    -2.245 r  u_clk/inst/mmcm_adv_inst/CLKOUT0
                         net (fo=1, routed)           0.544    -1.702    u_clk/inst/clk_out1_clk_wiz_0
    BUFGCTRL_X0Y17       BUFG (Prop_bufg_I_O)         0.029    -1.673 r  u_clk/inst/clkout1_buf/O
                         net (fo=152, routed)         0.838    -0.835    u_vga/clk25
    SLICE_X8Y111         FDCE                                         r  u_vga/h_cnt_reg[3]/C
                         clock pessimism              0.238    -0.597    
    SLICE_X8Y111         FDCE (Hold_fdce_C_D)         0.131    -0.466    u_vga/h_cnt_reg[3]
  -------------------------------------------------------------------
                         required time                          0.466    
                         arrival time                          -0.204    
  -------------------------------------------------------------------
                         slack                                  0.262    

Slack (MET) :             0.264ns  (arrival time - required time)
  Source:                 u_vga/v_cnt_reg[9]/C
                            (rising edge-triggered cell FDCE clocked by clk_out1_clk_wiz_0  {rise@0.000ns fall@20.000ns period=40.000ns})
  Destination:            u_vga/v_cnt_reg[9]/D
                            (rising edge-triggered cell FDCE clocked by clk_out1_clk_wiz_0  {rise@0.000ns fall@20.000ns period=40.000ns})
  Path Group:             clk_out1_clk_wiz_0
  Path Type:              Hold (Min at Fast Process Corner)
  Requirement:            0.000ns  (clk_out1_clk_wiz_0 rise@0.000ns - clk_out1_clk_wiz_0 rise@0.000ns)
  Data Path Delay:        0.384ns  (logic 0.209ns (54.384%)  route 0.175ns (45.616%))
  Logic Levels:           1  (LUT6=1)
  Clock Path Skew:        0.000ns (DCD - SCD - CPR)
    Destination Clock Delay (DCD):    -0.834ns
    Source Clock Delay      (SCD):    -0.596ns
    Clock Pessimism Removal (CPR):    -0.238ns

    Location             Delay type                Incr(ns)  Path(ns)    Netlist Resource(s)
  -------------------------------------------------------------------    -------------------
                         (clock clk_out1_clk_wiz_0 rise edge)
                                                      0.000     0.000 r  
    E3                                                0.000     0.000 r  CLK100MHZ (IN)
                         net (fo=0)                   0.000     0.000    u_clk/inst/clk_in1
    E3                   IBUF (Prop_ibuf_I_O)         0.250     0.250 r  u_clk/inst/clkin1_ibufg/O
                         net (fo=1, routed)           0.440     0.690    u_clk/inst/clk_in1_clk_wiz_0
    MMCME2_ADV_X1Y2      MMCME2_ADV (Prop_mmcme2_adv_CLKIN1_CLKOUT0)
                                                     -2.379    -1.689 r  u_clk/inst/mmcm_adv_inst/CLKOUT0
                         net (fo=1, routed)           0.499    -1.190    u_clk/inst/clk_out1_clk_wiz_0
    BUFGCTRL_X0Y17       BUFG (Prop_bufg_I_O)         0.026    -1.164 r  u_clk/inst/clkout1_buf/O
                         net (fo=152, routed)         0.568    -0.596    u_vga/clk25
    SLICE_X10Y108        FDCE                                         r  u_vga/v_cnt_reg[9]/C
  -------------------------------------------------------------------    -------------------
    SLICE_X10Y108        FDCE (Prop_fdce_C_Q)         0.164    -0.432 r  u_vga/v_cnt_reg[9]/Q
                         net (fo=10, routed)          0.175    -0.257    u_vga/y[9]
    SLICE_X10Y108        LUT6 (Prop_lut6_I4_O)        0.045    -0.212 r  u_vga/v_cnt[9]_i_2/O
                         net (fo=1, routed)           0.000    -0.212    u_vga/v_cnt[9]
    SLICE_X10Y108        FDCE                                         r  u_vga/v_cnt_reg[9]/D
  -------------------------------------------------------------------    -------------------

                         (clock clk_out1_clk_wiz_0 rise edge)
                                                      0.000     0.000 r  
    E3                                                0.000     0.000 r  CLK100MHZ (IN)
                         net (fo=0)                   0.000     0.000    u_clk/inst/clk_in1
    E3                   IBUF (Prop_ibuf_I_O)         0.438     0.438 r  u_clk/inst/clkin1_ibufg/O
                         net (fo=1, routed)           0.480     0.918    u_clk/inst/clk_in1_clk_wiz_0
    MMCME2_ADV_X1Y2      MMCME2_ADV (Prop_mmcme2_adv_CLKIN1_CLKOUT0)
                                                     -3.163    -2.245 r  u_clk/inst/mmcm_adv_inst/CLKOUT0
                         net (fo=1, routed)           0.544    -1.702    u_clk/inst/clk_out1_clk_wiz_0
    BUFGCTRL_X0Y17       BUFG (Prop_bufg_I_O)         0.029    -1.673 r  u_clk/inst/clkout1_buf/O
                         net (fo=152, routed)         0.839    -0.834    u_vga/clk25
    SLICE_X10Y108        FDCE                                         r  u_vga/v_cnt_reg[9]/C
                         clock pessimism              0.238    -0.596    
    SLICE_X10Y108        FDCE (Hold_fdce_C_D)         0.120    -0.476    u_vga/v_cnt_reg[9]
  -------------------------------------------------------------------
                         required time                          0.476    
                         arrival time                          -0.212    
  -------------------------------------------------------------------
                         slack                                  0.264    





Pulse Width Checks
--------------------------------------------------------------------------------------
Clock Name:         clk_out1_clk_wiz_0
Waveform(ns):       { 0.000 20.000 }
Period(ns):         40.000
Sources:            { u_clk/inst/mmcm_adv_inst/CLKOUT0 }

Check Type        Corner  Lib Pin             Reference Pin  Required(ns)  Actual(ns)  Slack(ns)  Location         Pin
Min Period        n/a     RAMB36E1/CLKBWRCLK  n/a            2.892         40.000      37.108     RAMB36_X1Y8      <hidden>
Min Period        n/a     RAMB36E1/CLKBWRCLK  n/a            2.892         40.000      37.108     RAMB36_X1Y9      <hidden>
Min Period        n/a     RAMB36E1/CLKBWRCLK  n/a            2.892         40.000      37.108     RAMB36_X2Y9      <hidden>
Min Period        n/a     RAMB36E1/CLKBWRCLK  n/a            2.892         40.000      37.108     RAMB36_X2Y10     <hidden>
Min Period        n/a     RAMB36E1/CLKBWRCLK  n/a            2.892         40.000      37.108     RAMB36_X2Y13     <hidden>
Min Period        n/a     RAMB36E1/CLKBWRCLK  n/a            2.892         40.000      37.108     RAMB36_X2Y14     <hidden>
Min Period        n/a     RAMB36E1/CLKBWRCLK  n/a            2.892         40.000      37.108     RAMB36_X3Y12     <hidden>
Min Period        n/a     RAMB36E1/CLKBWRCLK  n/a            2.892         40.000      37.108     RAMB36_X3Y13     <hidden>
Min Period        n/a     RAMB36E1/CLKBWRCLK  n/a            2.892         40.000      37.108     RAMB36_X1Y6      <hidden>
Min Period        n/a     RAMB36E1/CLKBWRCLK  n/a            2.892         40.000      37.108     RAMB36_X1Y7      <hidden>
Max Period        n/a     MMCME2_ADV/CLKOUT0  n/a            213.360       40.000      173.360    MMCME2_ADV_X1Y2  u_clk/inst/mmcm_adv_inst/CLKOUT0
Low Pulse Width   Slow    FDRE/C              n/a            0.500         20.000      19.500     SLICE_X72Y79     VGA_B_reg[0]/C
Low Pulse Width   Fast    FDRE/C              n/a            0.500         20.000      19.500     SLICE_X72Y79     VGA_B_reg[0]/C
Low Pulse Width   Slow    FDRE/C              n/a            0.500         20.000      19.500     SLICE_X62Y79     VGA_B_reg[1]/C
Low Pulse Width   Fast    FDRE/C              n/a            0.500         20.000      19.500     SLICE_X62Y79     VGA_B_reg[1]/C
Low Pulse Width   Slow    FDRE/C              n/a            0.500         20.000      19.500     SLICE_X72Y79     VGA_B_reg[2]/C
Low Pulse Width   Fast    FDRE/C              n/a            0.500         20.000      19.500     SLICE_X72Y79     VGA_B_reg[2]/C
Low Pulse Width   Slow    FDRE/C              n/a            0.500         20.000      19.500     SLICE_X64Y119    VGA_B_reg[3]/C
Low Pulse Width   Fast    FDRE/C              n/a            0.500         20.000      19.500     SLICE_X64Y119    VGA_B_reg[3]/C
Low Pulse Width   Slow    FDRE/C              n/a            0.500         20.000      19.500     SLICE_X65Y119    VGA_G_reg[0]/C
Low Pulse Width   Fast    FDRE/C              n/a            0.500         20.000      19.500     SLICE_X65Y119    VGA_G_reg[0]/C
High Pulse Width  Slow    FDRE/C              n/a            0.500         20.000      19.500     SLICE_X72Y79     VGA_B_reg[0]/C
High Pulse Width  Fast    FDRE/C              n/a            0.500         20.000      19.500     SLICE_X72Y79     VGA_B_reg[0]/C
High Pulse Width  Slow    FDRE/C              n/a            0.500         20.000      19.500     SLICE_X62Y79     VGA_B_reg[1]/C
High Pulse Width  Fast    FDRE/C              n/a            0.500         20.000      19.500     SLICE_X62Y79     VGA_B_reg[1]/C
High Pulse Width  Slow    FDRE/C              n/a            0.500         20.000      19.500     SLICE_X72Y79     VGA_B_reg[2]/C
High Pulse Width  Fast    FDRE/C              n/a            0.500         20.000      19.500     SLICE_X72Y79     VGA_B_reg[2]/C
High Pulse Width  Slow    FDRE/C              n/a            0.500         20.000      19.500     SLICE_X64Y119    VGA_B_reg[3]/C
High Pulse Width  Fast    FDRE/C              n/a            0.500         20.000      19.500     SLICE_X64Y119    VGA_B_reg[3]/C
High Pulse Width  Slow    FDRE/C              n/a            0.500         20.000      19.500     SLICE_X65Y119    VGA_G_reg[0]/C
High Pulse Width  Fast    FDRE/C              n/a            0.500         20.000      19.500     SLICE_X65Y119    VGA_G_reg[0]/C



---------------------------------------------------------------------------------------------------
From Clock:  clk_out2_clk_wiz_0
  To Clock:  clk_out2_clk_wiz_0

Setup :           NA  Failing Endpoints,  Worst Slack           NA  ,  Total Violation           NA
Hold  :           NA  Failing Endpoints,  Worst Slack           NA  ,  Total Violation           NA
PW    :            0  Failing Endpoints,  Worst Slack       39.511ns,  Total Violation        0.000ns
---------------------------------------------------------------------------------------------------


Pulse Width Checks
--------------------------------------------------------------------------------------
Clock Name:         clk_out2_clk_wiz_0
Waveform(ns):       { 0.000 20.833 }
Period(ns):         41.667
Sources:            { u_clk/inst/mmcm_adv_inst/CLKOUT1 }

Check Type  Corner  Lib Pin             Reference Pin  Required(ns)  Actual(ns)  Slack(ns)  Location         Pin
Min Period  n/a     BUFG/I              n/a            2.155         41.667      39.511     BUFGCTRL_X0Y16   u_clk/inst/clkout2_buf/I
Min Period  n/a     MMCME2_ADV/CLKOUT1  n/a            1.249         41.667      40.418     MMCME2_ADV_X1Y2  u_clk/inst/mmcm_adv_inst/CLKOUT1
Max Period  n/a     MMCME2_ADV/CLKOUT1  n/a            213.360       41.667      171.693    MMCME2_ADV_X1Y2  u_clk/inst/mmcm_adv_inst/CLKOUT1



---------------------------------------------------------------------------------------------------
From Clock:  clkfbout_clk_wiz_0
  To Clock:  clkfbout_clk_wiz_0

Setup :           NA  Failing Endpoints,  Worst Slack           NA  ,  Total Violation           NA
Hold  :           NA  Failing Endpoints,  Worst Slack           NA  ,  Total Violation           NA
PW    :            0  Failing Endpoints,  Worst Slack        7.845ns,  Total Violation        0.000ns
---------------------------------------------------------------------------------------------------


Pulse Width Checks
--------------------------------------------------------------------------------------
Clock Name:         clkfbout_clk_wiz_0
Waveform(ns):       { 0.000 5.000 }
Period(ns):         10.000
Sources:            { u_clk/inst/mmcm_adv_inst/CLKFBOUT }

Check Type  Corner  Lib Pin              Reference Pin  Required(ns)  Actual(ns)  Slack(ns)  Location         Pin
Min Period  n/a     BUFG/I               n/a            2.155         10.000      7.845      BUFGCTRL_X0Y18   u_clk/inst/clkf_buf/I
Min Period  n/a     MMCME2_ADV/CLKFBOUT  n/a            1.249         10.000      8.751      MMCME2_ADV_X1Y2  u_clk/inst/mmcm_adv_inst/CLKFBOUT
Min Period  n/a     MMCME2_ADV/CLKFBIN   n/a            1.249         10.000      8.751      MMCME2_ADV_X1Y2  u_clk/inst/mmcm_adv_inst/CLKFBIN
Max Period  n/a     MMCME2_ADV/CLKFBIN   n/a            100.000       10.000      90.000     MMCME2_ADV_X1Y2  u_clk/inst/mmcm_adv_inst/CLKFBIN
Max Period  n/a     MMCME2_ADV/CLKFBOUT  n/a            213.360       10.000      203.360    MMCME2_ADV_X1Y2  u_clk/inst/mmcm_adv_inst/CLKFBOUT



---------------------------------------------------------------------------------------------------
From Clock:  sys_clk_pin
  To Clock:  sys_clk_pin

Setup :           NA  Failing Endpoints,  Worst Slack           NA  ,  Total Violation           NA
Hold  :           NA  Failing Endpoints,  Worst Slack           NA  ,  Total Violation           NA
PW    :            0  Failing Endpoints,  Worst Slack        3.000ns,  Total Violation        0.000ns
---------------------------------------------------------------------------------------------------


Pulse Width Checks
--------------------------------------------------------------------------------------
Clock Name:         sys_clk_pin
Waveform(ns):       { 0.000 5.000 }
Period(ns):         10.000
Sources:            { CLK100MHZ }

Check Type        Corner  Lib Pin            Reference Pin  Required(ns)  Actual(ns)  Slack(ns)  Location         Pin
Min Period        n/a     MMCME2_ADV/CLKIN1  n/a            1.249         10.000      8.751      MMCME2_ADV_X1Y2  u_clk/inst/mmcm_adv_inst/CLKIN1
Max Period        n/a     MMCME2_ADV/CLKIN1  n/a            100.000       10.000      90.000     MMCME2_ADV_X1Y2  u_clk/inst/mmcm_adv_inst/CLKIN1
Low Pulse Width   Slow    MMCME2_ADV/CLKIN1  n/a            2.000         5.000       3.000      MMCME2_ADV_X1Y2  u_clk/inst/mmcm_adv_inst/CLKIN1
Low Pulse Width   Fast    MMCME2_ADV/CLKIN1  n/a            2.000         5.000       3.000      MMCME2_ADV_X1Y2  u_clk/inst/mmcm_adv_inst/CLKIN1
High Pulse Width  Slow    MMCME2_ADV/CLKIN1  n/a            2.000         5.000       3.000      MMCME2_ADV_X1Y2  u_clk/inst/mmcm_adv_inst/CLKIN1
High Pulse Width  Fast    MMCME2_ADV/CLKIN1  n/a            2.000         5.000       3.000      MMCME2_ADV_X1Y2  u_clk/inst/mmcm_adv_inst/CLKIN1



---------------------------------------------------------------------------------------------------
From Clock:  clk_out1_clk_wiz_0_1
  To Clock:  clk_out1_clk_wiz_0_1

Setup :            0  Failing Endpoints,  Worst Slack       18.239ns,  Total Violation        0.000ns
Hold  :            0  Failing Endpoints,  Worst Slack        0.197ns,  Total Violation        0.000ns
PW    :            0  Failing Endpoints,  Worst Slack       19.500ns,  Total Violation        0.000ns
---------------------------------------------------------------------------------------------------


Max Delay Paths
--------------------------------------------------------------------------------------
Slack (MET) :             18.239ns  (required time - arrival time)
  Source:                 u_vga/v_cnt_reg[4]/C
                            (rising edge-triggered cell FDCE clocked by clk_out1_clk_wiz_0_1  {rise@0.000ns fall@20.000ns period=40.000ns})
  Destination:            <hidden>
                            (rising edge-triggered cell RAMB36E1 clocked by clk_out1_clk_wiz_0_1  {rise@0.000ns fall@20.000ns period=40.000ns})
  Path Group:             clk_out1_clk_wiz_0_1
  Path Type:              Setup (Max at Slow Process Corner)
  Requirement:            40.000ns  (clk_out1_clk_wiz_0_1 rise@40.000ns - clk_out1_clk_wiz_0_1 rise@0.000ns)
  Data Path Delay:        21.337ns  (logic 4.738ns (22.206%)  route 16.599ns (77.794%))
  Logic Levels:           3  (DSP48E1=1 LUT3=1 LUT5=1)
  Clock Path Skew:        0.122ns (DCD - SCD + CPR)
    Destination Clock Delay (DCD):    -1.268ns = ( 38.732 - 40.000 ) 
    Source Clock Delay      (SCD):    -0.910ns
    Clock Pessimism Removal (CPR):    0.480ns
  Clock Uncertainty:      0.104ns  ((TSJ^2 + DJ^2)^1/2) / 2 + PE
    Total System Jitter     (TSJ):    0.071ns
    Discrete Jitter          (DJ):    0.195ns
    Phase Error              (PE):    0.000ns

    Location             Delay type                Incr(ns)  Path(ns)    Netlist Resource(s)
  -------------------------------------------------------------------    -------------------
                         (clock clk_out1_clk_wiz_0_1 rise edge)
                                                      0.000     0.000 r  
    E3                                                0.000     0.000 r  CLK100MHZ (IN)
                         net (fo=0)                   0.000     0.000    u_clk/inst/clk_in1
    E3                   IBUF (Prop_ibuf_I_O)         1.482     1.482 r  u_clk/inst/clkin1_ibufg/O
                         net (fo=1, routed)           1.233     2.715    u_clk/inst/clk_in1_clk_wiz_0
    MMCME2_ADV_X1Y2      MMCME2_ADV (Prop_mmcme2_adv_CLKIN1_CLKOUT0)
                                                     -7.070    -4.355 r  u_clk/inst/mmcm_adv_inst/CLKOUT0
                         net (fo=1, routed)           1.719    -2.636    u_clk/inst/clk_out1_clk_wiz_0
    BUFGCTRL_X0Y17       BUFG (Prop_bufg_I_O)         0.096    -2.540 r  u_clk/inst/clkout1_buf/O
                         net (fo=152, routed)         1.630    -0.910    u_vga/clk25
    SLICE_X10Y108        FDCE                                         r  u_vga/v_cnt_reg[4]/C
  -------------------------------------------------------------------    -------------------
    SLICE_X10Y108        FDCE (Prop_fdce_C_Q)         0.478    -0.432 r  u_vga/v_cnt_reg[4]/Q
                         net (fo=13, routed)          1.349     0.917    y[4]
    DSP48_X0Y44          DSP48E1 (Prop_dsp48e1_A[4]_P[18])
                                                      4.012     4.929 f  tmp0/P[18]
                         net (fo=1, routed)           0.530     5.460    tmp0_n_87
    SLICE_X12Y113        LUT5 (Prop_lut5_I4_O)        0.124     5.584 f  u_fb_i_1/O
                         net (fo=82, routed)         12.506    18.089    <hidden>
    SLICE_X70Y55         LUT3 (Prop_lut3_I2_O)        0.124    18.213 r  <hidden>
                         net (fo=6, routed)           2.213    20.427    <hidden>
    RAMB36_X2Y4          RAMB36E1                                     r  <hidden>
  -------------------------------------------------------------------    -------------------

                         (clock clk_out1_clk_wiz_0_1 rise edge)
                                                     40.000    40.000 r  
    E3                                                0.000    40.000 r  CLK100MHZ (IN)
                         net (fo=0)                   0.000    40.000    u_clk/inst/clk_in1
    E3                   IBUF (Prop_ibuf_I_O)         1.411    41.411 r  u_clk/inst/clkin1_ibufg/O
                         net (fo=1, routed)           1.162    42.573    u_clk/inst/clk_in1_clk_wiz_0
    MMCME2_ADV_X1Y2      MMCME2_ADV (Prop_mmcme2_adv_CLKIN1_CLKOUT0)
                                                     -7.324    35.249 r  u_clk/inst/mmcm_adv_inst/CLKOUT0
                         net (fo=1, routed)           1.639    36.888    u_clk/inst/clk_out1_clk_wiz_0
    BUFGCTRL_X0Y17       BUFG (Prop_bufg_I_O)         0.091    36.979 r  u_clk/inst/clkout1_buf/O
                         net (fo=152, routed)         1.752    38.732    <hidden>
    RAMB36_X2Y4          RAMB36E1                                     r  <hidden>
                         clock pessimism              0.480    39.212    
                         clock uncertainty           -0.104    39.108    
    RAMB36_X2Y4          RAMB36E1 (Setup_ramb36e1_CLKBWRCLK_ENBWREN)
                                                     -0.443    38.665    <hidden>
  -------------------------------------------------------------------
                         required time                         38.665    
                         arrival time                         -20.427    
  -------------------------------------------------------------------
                         slack                                 18.239    

Slack (MET) :             18.543ns  (required time - arrival time)
  Source:                 u_vga/v_cnt_reg[4]/C
                            (rising edge-triggered cell FDCE clocked by clk_out1_clk_wiz_0_1  {rise@0.000ns fall@20.000ns period=40.000ns})
  Destination:            <hidden>
                            (rising edge-triggered cell RAMB36E1 clocked by clk_out1_clk_wiz_0_1  {rise@0.000ns fall@20.000ns period=40.000ns})
  Path Group:             clk_out1_clk_wiz_0_1
  Path Type:              Setup (Max at Slow Process Corner)
  Requirement:            40.000ns  (clk_out1_clk_wiz_0_1 rise@40.000ns - clk_out1_clk_wiz_0_1 rise@0.000ns)
  Data Path Delay:        20.981ns  (logic 4.738ns (22.582%)  route 16.243ns (77.418%))
  Logic Levels:           3  (DSP48E1=1 LUT3=1 LUT5=1)
  Clock Path Skew:        0.071ns (DCD - SCD + CPR)
    Destination Clock Delay (DCD):    -1.319ns = ( 38.681 - 40.000 ) 
    Source Clock Delay      (SCD):    -0.910ns
    Clock Pessimism Removal (CPR):    0.480ns
  Clock Uncertainty:      0.104ns  ((TSJ^2 + DJ^2)^1/2) / 2 + PE
    Total System Jitter     (TSJ):    0.071ns
    Discrete Jitter          (DJ):    0.195ns
    Phase Error              (PE):    0.000ns

    Location             Delay type                Incr(ns)  Path(ns)    Netlist Resource(s)
  -------------------------------------------------------------------    -------------------
                         (clock clk_out1_clk_wiz_0_1 rise edge)
                                                      0.000     0.000 r  
    E3                                                0.000     0.000 r  CLK100MHZ (IN)
                         net (fo=0)                   0.000     0.000    u_clk/inst/clk_in1
    E3                   IBUF (Prop_ibuf_I_O)         1.482     1.482 r  u_clk/inst/clkin1_ibufg/O
                         net (fo=1, routed)           1.233     2.715    u_clk/inst/clk_in1_clk_wiz_0
    MMCME2_ADV_X1Y2      MMCME2_ADV (Prop_mmcme2_adv_CLKIN1_CLKOUT0)
                                                     -7.070    -4.355 r  u_clk/inst/mmcm_adv_inst/CLKOUT0
                         net (fo=1, routed)           1.719    -2.636    u_clk/inst/clk_out1_clk_wiz_0
    BUFGCTRL_X0Y17       BUFG (Prop_bufg_I_O)         0.096    -2.540 r  u_clk/inst/clkout1_buf/O
                         net (fo=152, routed)         1.630    -0.910    u_vga/clk25
    SLICE_X10Y108        FDCE                                         r  u_vga/v_cnt_reg[4]/C
  -------------------------------------------------------------------    -------------------
    SLICE_X10Y108        FDCE (Prop_fdce_C_Q)         0.478    -0.432 r  u_vga/v_cnt_reg[4]/Q
                         net (fo=13, routed)          1.349     0.917    y[4]
    DSP48_X0Y44          DSP48E1 (Prop_dsp48e1_A[4]_P[18])
                                                      4.012     4.929 f  tmp0/P[18]
                         net (fo=1, routed)           0.530     5.460    tmp0_n_87
    SLICE_X12Y113        LUT5 (Prop_lut5_I4_O)        0.124     5.584 f  u_fb_i_1/O
                         net (fo=82, routed)         12.506    18.089    <hidden>
    SLICE_X70Y55         LUT3 (Prop_lut3_I2_O)        0.124    18.213 r  <hidden>
                         net (fo=6, routed)           1.858    20.071    <hidden>
    RAMB36_X1Y6          RAMB36E1                                     r  <hidden>
  -------------------------------------------------------------------    -------------------

                         (clock clk_out1_clk_wiz_0_1 rise edge)
                                                     40.000    40.000 r  
    E3                                                0.000    40.000 r  CLK100MHZ (IN)
                         net (fo=0)                   0.000    40.000    u_clk/inst/clk_in1
    E3                   IBUF (Prop_ibuf_I_O)         1.411    41.411 r  u_clk/inst/clkin1_ibufg/O
                         net (fo=1, routed)           1.162    42.573    u_clk/inst/clk_in1_clk_wiz_0
    MMCME2_ADV_X1Y2      MMCME2_ADV (Prop_mmcme2_adv_CLKIN1_CLKOUT0)
                                                     -7.324    35.249 r  u_clk/inst/mmcm_adv_inst/CLKOUT0
                         net (fo=1, routed)           1.639    36.888    u_clk/inst/clk_out1_clk_wiz_0
    BUFGCTRL_X0Y17       BUFG (Prop_bufg_I_O)         0.091    36.979 r  u_clk/inst/clkout1_buf/O
                         net (fo=152, routed)         1.701    38.681    <hidden>
    RAMB36_X1Y6          RAMB36E1                                     r  <hidden>
                         clock pessimism              0.480    39.161    
                         clock uncertainty           -0.104    39.057    
    RAMB36_X1Y6          RAMB36E1 (Setup_ramb36e1_CLKBWRCLK_ENBWREN)
                                                     -0.443    38.614    <hidden>
  -------------------------------------------------------------------
                         required time                         38.614    
                         arrival time                         -20.071    
  -------------------------------------------------------------------
                         slack                                 18.543    

Slack (MET) :             18.604ns  (required time - arrival time)
  Source:                 u_vga/v_cnt_reg[4]/C
                            (rising edge-triggered cell FDCE clocked by clk_out1_clk_wiz_0_1  {rise@0.000ns fall@20.000ns period=40.000ns})
  Destination:            <hidden>
                            (rising edge-triggered cell RAMB36E1 clocked by clk_out1_clk_wiz_0_1  {rise@0.000ns fall@20.000ns period=40.000ns})
  Path Group:             clk_out1_clk_wiz_0_1
  Path Type:              Setup (Max at Slow Process Corner)
  Requirement:            40.000ns  (clk_out1_clk_wiz_0_1 rise@40.000ns - clk_out1_clk_wiz_0_1 rise@0.000ns)
  Data Path Delay:        20.966ns  (logic 4.738ns (22.599%)  route 16.228ns (77.401%))
  Logic Levels:           3  (DSP48E1=1 LUT3=1 LUT5=1)
  Clock Path Skew:        0.116ns (DCD - SCD + CPR)
    Destination Clock Delay (DCD):    -1.274ns = ( 38.726 - 40.000 ) 
    Source Clock Delay      (SCD):    -0.910ns
    Clock Pessimism Removal (CPR):    0.480ns
  Clock Uncertainty:      0.104ns  ((TSJ^2 + DJ^2)^1/2) / 2 + PE
    Total System Jitter     (TSJ):    0.071ns
    Discrete Jitter          (DJ):    0.195ns
    Phase Error              (PE):    0.000ns

    Location             Delay type                Incr(ns)  Path(ns)    Netlist Resource(s)
  -------------------------------------------------------------------    -------------------
                         (clock clk_out1_clk_wiz_0_1 rise edge)
                                                      0.000     0.000 r  
    E3                                                0.000     0.000 r  CLK100MHZ (IN)
                         net (fo=0)                   0.000     0.000    u_clk/inst/clk_in1
    E3                   IBUF (Prop_ibuf_I_O)         1.482     1.482 r  u_clk/inst/clkin1_ibufg/O
                         net (fo=1, routed)           1.233     2.715    u_clk/inst/clk_in1_clk_wiz_0
    MMCME2_ADV_X1Y2      MMCME2_ADV (Prop_mmcme2_adv_CLKIN1_CLKOUT0)
                                                     -7.070    -4.355 r  u_clk/inst/mmcm_adv_inst/CLKOUT0
                         net (fo=1, routed)           1.719    -2.636    u_clk/inst/clk_out1_clk_wiz_0
    BUFGCTRL_X0Y17       BUFG (Prop_bufg_I_O)         0.096    -2.540 r  u_clk/inst/clkout1_buf/O
                         net (fo=152, routed)         1.630    -0.910    u_vga/clk25
    SLICE_X10Y108        FDCE                                         r  u_vga/v_cnt_reg[4]/C
  -------------------------------------------------------------------    -------------------
    SLICE_X10Y108        FDCE (Prop_fdce_C_Q)         0.478    -0.432 r  u_vga/v_cnt_reg[4]/Q
                         net (fo=13, routed)          1.349     0.917    y[4]
    DSP48_X0Y44          DSP48E1 (Prop_dsp48e1_A[4]_P[18])
                                                      4.012     4.929 f  tmp0/P[18]
                         net (fo=1, routed)           0.530     5.460    tmp0_n_87
    SLICE_X12Y113        LUT5 (Prop_lut5_I4_O)        0.124     5.584 f  u_fb_i_1/O
                         net (fo=82, routed)         12.506    18.089    <hidden>
    SLICE_X70Y55         LUT3 (Prop_lut3_I2_O)        0.124    18.213 r  <hidden>
                         net (fo=6, routed)           1.842    20.056    <hidden>
    RAMB36_X2Y5          RAMB36E1                                     r  <hidden>
  -------------------------------------------------------------------    -------------------

                         (clock clk_out1_clk_wiz_0_1 rise edge)
                                                     40.000    40.000 r  
    E3                                                0.000    40.000 r  CLK100MHZ (IN)
                         net (fo=0)                   0.000    40.000    u_clk/inst/clk_in1
    E3                   IBUF (Prop_ibuf_I_O)         1.411    41.411 r  u_clk/inst/clkin1_ibufg/O
                         net (fo=1, routed)           1.162    42.573    u_clk/inst/clk_in1_clk_wiz_0
    MMCME2_ADV_X1Y2      MMCME2_ADV (Prop_mmcme2_adv_CLKIN1_CLKOUT0)
                                                     -7.324    35.249 r  u_clk/inst/mmcm_adv_inst/CLKOUT0
                         net (fo=1, routed)           1.639    36.888    u_clk/inst/clk_out1_clk_wiz_0
    BUFGCTRL_X0Y17       BUFG (Prop_bufg_I_O)         0.091    36.979 r  u_clk/inst/clkout1_buf/O
                         net (fo=152, routed)         1.746    38.726    <hidden>
    RAMB36_X2Y5          RAMB36E1                                     r  <hidden>
                         clock pessimism              0.480    39.206    
                         clock uncertainty           -0.104    39.102    
    RAMB36_X2Y5          RAMB36E1 (Setup_ramb36e1_CLKBWRCLK_ENBWREN)
                                                     -0.443    38.659    <hidden>
  -------------------------------------------------------------------
                         required time                         38.659    
                         arrival time                         -20.056    
  -------------------------------------------------------------------
                         slack                                 18.604    

Slack (MET) :             18.892ns  (required time - arrival time)
  Source:                 u_vga/v_cnt_reg[4]/C
                            (rising edge-triggered cell FDCE clocked by clk_out1_clk_wiz_0_1  {rise@0.000ns fall@20.000ns period=40.000ns})
  Destination:            <hidden>
                            (rising edge-triggered cell RAMB36E1 clocked by clk_out1_clk_wiz_0_1  {rise@0.000ns fall@20.000ns period=40.000ns})
  Path Group:             clk_out1_clk_wiz_0_1
  Path Type:              Setup (Max at Slow Process Corner)
  Requirement:            40.000ns  (clk_out1_clk_wiz_0_1 rise@40.000ns - clk_out1_clk_wiz_0_1 rise@0.000ns)
  Data Path Delay:        20.639ns  (logic 4.738ns (22.957%)  route 15.901ns (77.043%))
  Logic Levels:           3  (DSP48E1=1 LUT3=1 LUT5=1)
  Clock Path Skew:        0.077ns (DCD - SCD + CPR)
    Destination Clock Delay (DCD):    -1.313ns = ( 38.687 - 40.000 ) 
    Source Clock Delay      (SCD):    -0.910ns
    Clock Pessimism Removal (CPR):    0.480ns
  Clock Uncertainty:      0.104ns  ((TSJ^2 + DJ^2)^1/2) / 2 + PE
    Total System Jitter     (TSJ):    0.071ns
    Discrete Jitter          (DJ):    0.195ns
    Phase Error              (PE):    0.000ns

    Location             Delay type                Incr(ns)  Path(ns)    Netlist Resource(s)
  -------------------------------------------------------------------    -------------------
                         (clock clk_out1_clk_wiz_0_1 rise edge)
                                                      0.000     0.000 r  
    E3                                                0.000     0.000 r  CLK100MHZ (IN)
                         net (fo=0)                   0.000     0.000    u_clk/inst/clk_in1
    E3                   IBUF (Prop_ibuf_I_O)         1.482     1.482 r  u_clk/inst/clkin1_ibufg/O
                         net (fo=1, routed)           1.233     2.715    u_clk/inst/clk_in1_clk_wiz_0
    MMCME2_ADV_X1Y2      MMCME2_ADV (Prop_mmcme2_adv_CLKIN1_CLKOUT0)
                                                     -7.070    -4.355 r  u_clk/inst/mmcm_adv_inst/CLKOUT0
                         net (fo=1, routed)           1.719    -2.636    u_clk/inst/clk_out1_clk_wiz_0
    BUFGCTRL_X0Y17       BUFG (Prop_bufg_I_O)         0.096    -2.540 r  u_clk/inst/clkout1_buf/O
                         net (fo=152, routed)         1.630    -0.910    u_vga/clk25
    SLICE_X10Y108        FDCE                                         r  u_vga/v_cnt_reg[4]/C
  -------------------------------------------------------------------    -------------------
    SLICE_X10Y108        FDCE (Prop_fdce_C_Q)         0.478    -0.432 r  u_vga/v_cnt_reg[4]/Q
                         net (fo=13, routed)          1.349     0.917    y[4]
    DSP48_X0Y44          DSP48E1 (Prop_dsp48e1_A[4]_P[18])
                                                      4.012     4.929 f  tmp0/P[18]
                         net (fo=1, routed)           0.530     5.460    tmp0_n_87
    SLICE_X12Y113        LUT5 (Prop_lut5_I4_O)        0.124     5.584 f  u_fb_i_1/O
                         net (fo=82, routed)         12.506    18.089    <hidden>
    SLICE_X70Y55         LUT3 (Prop_lut3_I2_O)        0.124    18.213 r  <hidden>
                         net (fo=6, routed)           1.515    19.729    <hidden>
    RAMB36_X1Y7          RAMB36E1                                     r  <hidden>
  -------------------------------------------------------------------    -------------------

                         (clock clk_out1_clk_wiz_0_1 rise edge)
                                                     40.000    40.000 r  
    E3                                                0.000    40.000 r  CLK100MHZ (IN)
                         net (fo=0)                   0.000    40.000    u_clk/inst/clk_in1
    E3                   IBUF (Prop_ibuf_I_O)         1.411    41.411 r  u_clk/inst/clkin1_ibufg/O
                         net (fo=1, routed)           1.162    42.573    u_clk/inst/clk_in1_clk_wiz_0
    MMCME2_ADV_X1Y2      MMCME2_ADV (Prop_mmcme2_adv_CLKIN1_CLKOUT0)
                                                     -7.324    35.249 r  u_clk/inst/mmcm_adv_inst/CLKOUT0
                         net (fo=1, routed)           1.639    36.888    u_clk/inst/clk_out1_clk_wiz_0
    BUFGCTRL_X0Y17       BUFG (Prop_bufg_I_O)         0.091    36.979 r  u_clk/inst/clkout1_buf/O
                         net (fo=152, routed)         1.707    38.687    <hidden>
    RAMB36_X1Y7          RAMB36E1                                     r  <hidden>
                         clock pessimism              0.480    39.167    
                         clock uncertainty           -0.104    39.063    
    RAMB36_X1Y7          RAMB36E1 (Setup_ramb36e1_CLKBWRCLK_ENBWREN)
                                                     -0.443    38.620    <hidden>
  -------------------------------------------------------------------
                         required time                         38.620    
                         arrival time                         -19.729    
  -------------------------------------------------------------------
                         slack                                 18.892    

Slack (MET) :             19.015ns  (required time - arrival time)
  Source:                 u_vga/v_cnt_reg[4]/C
                            (rising edge-triggered cell FDCE clocked by clk_out1_clk_wiz_0_1  {rise@0.000ns fall@20.000ns period=40.000ns})
  Destination:            <hidden>
                            (rising edge-triggered cell RAMB36E1 clocked by clk_out1_clk_wiz_0_1  {rise@0.000ns fall@20.000ns period=40.000ns})
  Path Group:             clk_out1_clk_wiz_0_1
  Path Type:              Setup (Max at Slow Process Corner)
  Requirement:            40.000ns  (clk_out1_clk_wiz_0_1 rise@40.000ns - clk_out1_clk_wiz_0_1 rise@0.000ns)
  Data Path Delay:        20.560ns  (logic 4.738ns (23.044%)  route 15.822ns (76.956%))
  Logic Levels:           3  (DSP48E1=1 LUT3=1 LUT5=1)
  Clock Path Skew:        0.122ns (DCD - SCD + CPR)
    Destination Clock Delay (DCD):    -1.268ns = ( 38.732 - 40.000 ) 
    Source Clock Delay      (SCD):    -0.910ns
    Clock Pessimism Removal (CPR):    0.480ns
  Clock Uncertainty:      0.104ns  ((TSJ^2 + DJ^2)^1/2) / 2 + PE
    Total System Jitter     (TSJ):    0.071ns
    Discrete Jitter          (DJ):    0.195ns
    Phase Error              (PE):    0.000ns

    Location             Delay type                Incr(ns)  Path(ns)    Netlist Resource(s)
  -------------------------------------------------------------------    -------------------
                         (clock clk_out1_clk_wiz_0_1 rise edge)
                                                      0.000     0.000 r  
    E3                                                0.000     0.000 r  CLK100MHZ (IN)
                         net (fo=0)                   0.000     0.000    u_clk/inst/clk_in1
    E3                   IBUF (Prop_ibuf_I_O)         1.482     1.482 r  u_clk/inst/clkin1_ibufg/O
                         net (fo=1, routed)           1.233     2.715    u_clk/inst/clk_in1_clk_wiz_0
    MMCME2_ADV_X1Y2      MMCME2_ADV (Prop_mmcme2_adv_CLKIN1_CLKOUT0)
                                                     -7.070    -4.355 r  u_clk/inst/mmcm_adv_inst/CLKOUT0
                         net (fo=1, routed)           1.719    -2.636    u_clk/inst/clk_out1_clk_wiz_0
    BUFGCTRL_X0Y17       BUFG (Prop_bufg_I_O)         0.096    -2.540 r  u_clk/inst/clkout1_buf/O
                         net (fo=152, routed)         1.630    -0.910    u_vga/clk25
    SLICE_X10Y108        FDCE                                         r  u_vga/v_cnt_reg[4]/C
  -------------------------------------------------------------------    -------------------
    SLICE_X10Y108        FDCE (Prop_fdce_C_Q)         0.478    -0.432 r  u_vga/v_cnt_reg[4]/Q
                         net (fo=13, routed)          1.349     0.917    y[4]
    DSP48_X0Y44          DSP48E1 (Prop_dsp48e1_A[4]_P[18])
                                                      4.012     4.929 f  tmp0/P[18]
                         net (fo=1, routed)           0.530     5.460    tmp0_n_87
    SLICE_X12Y113        LUT5 (Prop_lut5_I4_O)        0.124     5.584 f  u_fb_i_1/O
                         net (fo=82, routed)         12.506    18.089    <hidden>
    SLICE_X70Y55         LUT3 (Prop_lut3_I2_O)        0.124    18.213 r  <hidden>
                         net (fo=6, routed)           1.437    19.650    <hidden>
    RAMB36_X2Y6          RAMB36E1                                     r  <hidden>
  -------------------------------------------------------------------    -------------------

                         (clock clk_out1_clk_wiz_0_1 rise edge)
                                                     40.000    40.000 r  
    E3                                                0.000    40.000 r  CLK100MHZ (IN)
                         net (fo=0)                   0.000    40.000    u_clk/inst/clk_in1
    E3                   IBUF (Prop_ibuf_I_O)         1.411    41.411 r  u_clk/inst/clkin1_ibufg/O
                         net (fo=1, routed)           1.162    42.573    u_clk/inst/clk_in1_clk_wiz_0
    MMCME2_ADV_X1Y2      MMCME2_ADV (Prop_mmcme2_adv_CLKIN1_CLKOUT0)
                                                     -7.324    35.249 r  u_clk/inst/mmcm_adv_inst/CLKOUT0
                         net (fo=1, routed)           1.639    36.888    u_clk/inst/clk_out1_clk_wiz_0
    BUFGCTRL_X0Y17       BUFG (Prop_bufg_I_O)         0.091    36.979 r  u_clk/inst/clkout1_buf/O
                         net (fo=152, routed)         1.752    38.732    <hidden>
    RAMB36_X2Y6          RAMB36E1                                     r  <hidden>
                         clock pessimism              0.480    39.212    
                         clock uncertainty           -0.104    39.108    
    RAMB36_X2Y6          RAMB36E1 (Setup_ramb36e1_CLKBWRCLK_ENBWREN)
                                                     -0.443    38.665    <hidden>
  -------------------------------------------------------------------
                         required time                         38.665    
                         arrival time                         -19.650    
  -------------------------------------------------------------------
                         slack                                 19.015    

Slack (MET) :             19.359ns  (required time - arrival time)
  Source:                 u_vga/v_cnt_reg[4]/C
                            (rising edge-triggered cell FDCE clocked by clk_out1_clk_wiz_0_1  {rise@0.000ns fall@20.000ns period=40.000ns})
  Destination:            <hidden>
                            (rising edge-triggered cell RAMB36E1 clocked by clk_out1_clk_wiz_0_1  {rise@0.000ns fall@20.000ns period=40.000ns})
  Path Group:             clk_out1_clk_wiz_0_1
  Path Type:              Setup (Max at Slow Process Corner)
  Requirement:            40.000ns  (clk_out1_clk_wiz_0_1 rise@40.000ns - clk_out1_clk_wiz_0_1 rise@0.000ns)
  Data Path Delay:        20.229ns  (logic 4.738ns (23.422%)  route 15.491ns (76.578%))
  Logic Levels:           3  (DSP48E1=1 LUT5=2)
  Clock Path Skew:        0.134ns (DCD - SCD + CPR)
    Destination Clock Delay (DCD):    -1.264ns = ( 38.736 - 40.000 ) 
    Source Clock Delay      (SCD):    -0.910ns
    Clock Pessimism Removal (CPR):    0.488ns
  Clock Uncertainty:      0.104ns  ((TSJ^2 + DJ^2)^1/2) / 2 + PE
    Total System Jitter     (TSJ):    0.071ns
    Discrete Jitter          (DJ):    0.195ns
    Phase Error              (PE):    0.000ns

    Location             Delay type                Incr(ns)  Path(ns)    Netlist Resource(s)
  -------------------------------------------------------------------    -------------------
                         (clock clk_out1_clk_wiz_0_1 rise edge)
                                                      0.000     0.000 r  
    E3                                                0.000     0.000 r  CLK100MHZ (IN)
                         net (fo=0)                   0.000     0.000    u_clk/inst/clk_in1
    E3                   IBUF (Prop_ibuf_I_O)         1.482     1.482 r  u_clk/inst/clkin1_ibufg/O
                         net (fo=1, routed)           1.233     2.715    u_clk/inst/clk_in1_clk_wiz_0
    MMCME2_ADV_X1Y2      MMCME2_ADV (Prop_mmcme2_adv_CLKIN1_CLKOUT0)
                                                     -7.070    -4.355 r  u_clk/inst/mmcm_adv_inst/CLKOUT0
                         net (fo=1, routed)           1.719    -2.636    u_clk/inst/clk_out1_clk_wiz_0
    BUFGCTRL_X0Y17       BUFG (Prop_bufg_I_O)         0.096    -2.540 r  u_clk/inst/clkout1_buf/O
                         net (fo=152, routed)         1.630    -0.910    u_vga/clk25
    SLICE_X10Y108        FDCE                                         r  u_vga/v_cnt_reg[4]/C
  -------------------------------------------------------------------    -------------------
    SLICE_X10Y108        FDCE (Prop_fdce_C_Q)         0.478    -0.432 r  u_vga/v_cnt_reg[4]/Q
                         net (fo=13, routed)          1.349     0.917    y[4]
    DSP48_X0Y44          DSP48E1 (Prop_dsp48e1_A[4]_P[15])
                                                      4.012     4.929 f  tmp0/P[15]
                         net (fo=1, routed)           0.523     5.453    tmp0_n_90
    SLICE_X12Y113        LUT5 (Prop_lut5_I4_O)        0.124     5.577 f  u_fb_i_4/O
                         net (fo=102, routed)        12.045    17.622    <hidden>
    SLICE_X72Y173        LUT5 (Prop_lut5_I0_O)        0.124    17.746 r  <hidden>
                         net (fo=1, routed)           1.573    19.319    <hidden>
    RAMB36_X2Y39         RAMB36E1                                     r  <hidden>
  -------------------------------------------------------------------    -------------------

                         (clock clk_out1_clk_wiz_0_1 rise edge)
                                                     40.000    40.000 r  
    E3                                                0.000    40.000 r  CLK100MHZ (IN)
                         net (fo=0)                   0.000    40.000    u_clk/inst/clk_in1
    E3                   IBUF (Prop_ibuf_I_O)         1.411    41.411 r  u_clk/inst/clkin1_ibufg/O
                         net (fo=1, routed)           1.162    42.573    u_clk/inst/clk_in1_clk_wiz_0
    MMCME2_ADV_X1Y2      MMCME2_ADV (Prop_mmcme2_adv_CLKIN1_CLKOUT0)
                                                     -7.324    35.249 r  u_clk/inst/mmcm_adv_inst/CLKOUT0
                         net (fo=1, routed)           1.639    36.888    u_clk/inst/clk_out1_clk_wiz_0
    BUFGCTRL_X0Y17       BUFG (Prop_bufg_I_O)         0.091    36.979 r  u_clk/inst/clkout1_buf/O
                         net (fo=152, routed)         1.756    38.736    <hidden>
    RAMB36_X2Y39         RAMB36E1                                     r  <hidden>
                         clock pessimism              0.488    39.224    
                         clock uncertainty           -0.104    39.121    
    RAMB36_X2Y39         RAMB36E1 (Setup_ramb36e1_CLKBWRCLK_ENBWREN)
                                                     -0.443    38.678    <hidden>
  -------------------------------------------------------------------
                         required time                         38.678    
                         arrival time                         -19.319    
  -------------------------------------------------------------------
                         slack                                 19.359    

Slack (MET) :             19.371ns  (required time - arrival time)
  Source:                 u_vga/v_cnt_reg[4]/C
                            (rising edge-triggered cell FDCE clocked by clk_out1_clk_wiz_0_1  {rise@0.000ns fall@20.000ns period=40.000ns})
  Destination:            <hidden>
                            (rising edge-triggered cell RAMB36E1 clocked by clk_out1_clk_wiz_0_1  {rise@0.000ns fall@20.000ns period=40.000ns})
  Path Group:             clk_out1_clk_wiz_0_1
  Path Type:              Setup (Max at Slow Process Corner)
  Requirement:            40.000ns  (clk_out1_clk_wiz_0_1 rise@40.000ns - clk_out1_clk_wiz_0_1 rise@0.000ns)
  Data Path Delay:        20.211ns  (logic 4.738ns (23.443%)  route 15.473ns (76.557%))
  Logic Levels:           3  (DSP48E1=1 LUT3=1 LUT5=1)
  Clock Path Skew:        0.128ns (DCD - SCD + CPR)
    Destination Clock Delay (DCD):    -1.262ns = ( 38.738 - 40.000 ) 
    Source Clock Delay      (SCD):    -0.910ns
    Clock Pessimism Removal (CPR):    0.480ns
  Clock Uncertainty:      0.104ns  ((TSJ^2 + DJ^2)^1/2) / 2 + PE
    Total System Jitter     (TSJ):    0.071ns
    Discrete Jitter          (DJ):    0.195ns
    Phase Error              (PE):    0.000ns

    Location             Delay type                Incr(ns)  Path(ns)    Netlist Resource(s)
  -------------------------------------------------------------------    -------------------
                         (clock clk_out1_clk_wiz_0_1 rise edge)
                                                      0.000     0.000 r  
    E3                                                0.000     0.000 r  CLK100MHZ (IN)
                         net (fo=0)                   0.000     0.000    u_clk/inst/clk_in1
    E3                   IBUF (Prop_ibuf_I_O)         1.482     1.482 r  u_clk/inst/clkin1_ibufg/O
                         net (fo=1, routed)           1.233     2.715    u_clk/inst/clk_in1_clk_wiz_0
    MMCME2_ADV_X1Y2      MMCME2_ADV (Prop_mmcme2_adv_CLKIN1_CLKOUT0)
                                                     -7.070    -4.355 r  u_clk/inst/mmcm_adv_inst/CLKOUT0
                         net (fo=1, routed)           1.719    -2.636    u_clk/inst/clk_out1_clk_wiz_0
    BUFGCTRL_X0Y17       BUFG (Prop_bufg_I_O)         0.096    -2.540 r  u_clk/inst/clkout1_buf/O
                         net (fo=152, routed)         1.630    -0.910    u_vga/clk25
    SLICE_X10Y108        FDCE                                         r  u_vga/v_cnt_reg[4]/C
  -------------------------------------------------------------------    -------------------
    SLICE_X10Y108        FDCE (Prop_fdce_C_Q)         0.478    -0.432 r  u_vga/v_cnt_reg[4]/Q
                         net (fo=13, routed)          1.349     0.917    y[4]
    DSP48_X0Y44          DSP48E1 (Prop_dsp48e1_A[4]_P[18])
                                                      4.012     4.929 f  tmp0/P[18]
                         net (fo=1, routed)           0.530     5.460    tmp0_n_87
    SLICE_X12Y113        LUT5 (Prop_lut5_I4_O)        0.124     5.584 f  u_fb_i_1/O
                         net (fo=82, routed)         12.506    18.089    <hidden>
    SLICE_X70Y55         LUT3 (Prop_lut3_I2_O)        0.124    18.213 r  <hidden>
                         net (fo=6, routed)           1.087    19.301    <hidden>
    RAMB36_X2Y7          RAMB36E1                                     r  <hidden>
  -------------------------------------------------------------------    -------------------

                         (clock clk_out1_clk_wiz_0_1 rise edge)
                                                     40.000    40.000 r  
    E3                                                0.000    40.000 r  CLK100MHZ (IN)
                         net (fo=0)                   0.000    40.000    u_clk/inst/clk_in1
    E3                   IBUF (Prop_ibuf_I_O)         1.411    41.411 r  u_clk/inst/clkin1_ibufg/O
                         net (fo=1, routed)           1.162    42.573    u_clk/inst/clk_in1_clk_wiz_0
    MMCME2_ADV_X1Y2      MMCME2_ADV (Prop_mmcme2_adv_CLKIN1_CLKOUT0)
                                                     -7.324    35.249 r  u_clk/inst/mmcm_adv_inst/CLKOUT0
                         net (fo=1, routed)           1.639    36.888    u_clk/inst/clk_out1_clk_wiz_0
    BUFGCTRL_X0Y17       BUFG (Prop_bufg_I_O)         0.091    36.979 r  u_clk/inst/clkout1_buf/O
                         net (fo=152, routed)         1.758    38.738    <hidden>
    RAMB36_X2Y7          RAMB36E1                                     r  <hidden>
                         clock pessimism              0.480    39.218    
                         clock uncertainty           -0.104    39.114    
    RAMB36_X2Y7          RAMB36E1 (Setup_ramb36e1_CLKBWRCLK_ENBWREN)
                                                     -0.443    38.671    <hidden>
  -------------------------------------------------------------------
                         required time                         38.671    
                         arrival time                         -19.301    
  -------------------------------------------------------------------
                         slack                                 19.371    

Slack (MET) :             19.499ns  (required time - arrival time)
  Source:                 u_vga/v_cnt_reg[4]/C
                            (rising edge-triggered cell FDCE clocked by clk_out1_clk_wiz_0_1  {rise@0.000ns fall@20.000ns period=40.000ns})
  Destination:            <hidden>
                            (rising edge-triggered cell RAMB36E1 clocked by clk_out1_clk_wiz_0_1  {rise@0.000ns fall@20.000ns period=40.000ns})
  Path Group:             clk_out1_clk_wiz_0_1
  Path Type:              Setup (Max at Slow Process Corner)
  Requirement:            40.000ns  (clk_out1_clk_wiz_0_1 rise@40.000ns - clk_out1_clk_wiz_0_1 rise@0.000ns)
  Data Path Delay:        19.965ns  (logic 4.738ns (23.732%)  route 15.227ns (76.268%))
  Logic Levels:           3  (DSP48E1=1 LUT3=1 LUT5=1)
  Clock Path Skew:        0.011ns (DCD - SCD + CPR)
    Destination Clock Delay (DCD):    -1.380ns = ( 38.620 - 40.000 ) 
    Source Clock Delay      (SCD):    -0.910ns
    Clock Pessimism Removal (CPR):    0.480ns
  Clock Uncertainty:      0.104ns  ((TSJ^2 + DJ^2)^1/2) / 2 + PE
    Total System Jitter     (TSJ):    0.071ns
    Discrete Jitter          (DJ):    0.195ns
    Phase Error              (PE):    0.000ns

    Location             Delay type                Incr(ns)  Path(ns)    Netlist Resource(s)
  -------------------------------------------------------------------    -------------------
                         (clock clk_out1_clk_wiz_0_1 rise edge)
                                                      0.000     0.000 r  
    E3                                                0.000     0.000 r  CLK100MHZ (IN)
                         net (fo=0)                   0.000     0.000    u_clk/inst/clk_in1
    E3                   IBUF (Prop_ibuf_I_O)         1.482     1.482 r  u_clk/inst/clkin1_ibufg/O
                         net (fo=1, routed)           1.233     2.715    u_clk/inst/clk_in1_clk_wiz_0
    MMCME2_ADV_X1Y2      MMCME2_ADV (Prop_mmcme2_adv_CLKIN1_CLKOUT0)
                                                     -7.070    -4.355 r  u_clk/inst/mmcm_adv_inst/CLKOUT0
                         net (fo=1, routed)           1.719    -2.636    u_clk/inst/clk_out1_clk_wiz_0
    BUFGCTRL_X0Y17       BUFG (Prop_bufg_I_O)         0.096    -2.540 r  u_clk/inst/clkout1_buf/O
                         net (fo=152, routed)         1.630    -0.910    u_vga/clk25
    SLICE_X10Y108        FDCE                                         r  u_vga/v_cnt_reg[4]/C
  -------------------------------------------------------------------    -------------------
    SLICE_X10Y108        FDCE (Prop_fdce_C_Q)         0.478    -0.432 r  u_vga/v_cnt_reg[4]/Q
                         net (fo=13, routed)          1.349     0.917    y[4]
    DSP48_X0Y44          DSP48E1 (Prop_dsp48e1_A[4]_P[18])
                                                      4.012     4.929 f  tmp0/P[18]
                         net (fo=1, routed)           0.530     5.460    tmp0_n_87
    SLICE_X12Y113        LUT5 (Prop_lut5_I4_O)        0.124     5.584 f  u_fb_i_1/O
                         net (fo=82, routed)         12.104    17.687    <hidden>
    SLICE_X74Y65         LUT3 (Prop_lut3_I2_O)        0.124    17.811 r  <hidden>
                         net (fo=6, routed)           1.243    19.055    <hidden>
    RAMB36_X3Y10         RAMB36E1                                     r  <hidden>
  -------------------------------------------------------------------    -------------------

                         (clock clk_out1_clk_wiz_0_1 rise edge)
                                                     40.000    40.000 r  
    E3                                                0.000    40.000 r  CLK100MHZ (IN)
                         net (fo=0)                   0.000    40.000    u_clk/inst/clk_in1
    E3                   IBUF (Prop_ibuf_I_O)         1.411    41.411 r  u_clk/inst/clkin1_ibufg/O
                         net (fo=1, routed)           1.162    42.573    u_clk/inst/clk_in1_clk_wiz_0
    MMCME2_ADV_X1Y2      MMCME2_ADV (Prop_mmcme2_adv_CLKIN1_CLKOUT0)
                                                     -7.324    35.249 r  u_clk/inst/mmcm_adv_inst/CLKOUT0
                         net (fo=1, routed)           1.639    36.888    u_clk/inst/clk_out1_clk_wiz_0
    BUFGCTRL_X0Y17       BUFG (Prop_bufg_I_O)         0.091    36.979 r  u_clk/inst/clkout1_buf/O
                         net (fo=152, routed)         1.641    38.620    <hidden>
    RAMB36_X3Y10         RAMB36E1                                     r  <hidden>
                         clock pessimism              0.480    39.101    
                         clock uncertainty           -0.104    38.997    
    RAMB36_X3Y10         RAMB36E1 (Setup_ramb36e1_CLKBWRCLK_ENBWREN)
                                                     -0.443    38.554    <hidden>
  -------------------------------------------------------------------
                         required time                         38.554    
                         arrival time                         -19.055    
  -------------------------------------------------------------------
                         slack                                 19.499    

Slack (MET) :             19.521ns  (required time - arrival time)
  Source:                 u_vga/v_cnt_reg[4]/C
                            (rising edge-triggered cell FDCE clocked by clk_out1_clk_wiz_0_1  {rise@0.000ns fall@20.000ns period=40.000ns})
  Destination:            <hidden>
                            (rising edge-triggered cell RAMB36E1 clocked by clk_out1_clk_wiz_0_1  {rise@0.000ns fall@20.000ns period=40.000ns})
  Path Group:             clk_out1_clk_wiz_0_1
  Path Type:              Setup (Max at Slow Process Corner)
  Requirement:            40.000ns  (clk_out1_clk_wiz_0_1 rise@40.000ns - clk_out1_clk_wiz_0_1 rise@0.000ns)
  Data Path Delay:        20.016ns  (logic 4.738ns (23.672%)  route 15.278ns (76.328%))
  Logic Levels:           3  (DSP48E1=1 LUT5=2)
  Clock Path Skew:        0.083ns (DCD - SCD + CPR)
    Destination Clock Delay (DCD):    -1.315ns = ( 38.685 - 40.000 ) 
    Source Clock Delay      (SCD):    -0.910ns
    Clock Pessimism Removal (CPR):    0.488ns
  Clock Uncertainty:      0.104ns  ((TSJ^2 + DJ^2)^1/2) / 2 + PE
    Total System Jitter     (TSJ):    0.071ns
    Discrete Jitter          (DJ):    0.195ns
    Phase Error              (PE):    0.000ns

    Location             Delay type                Incr(ns)  Path(ns)    Netlist Resource(s)
  -------------------------------------------------------------------    -------------------
                         (clock clk_out1_clk_wiz_0_1 rise edge)
                                                      0.000     0.000 r  
    E3                                                0.000     0.000 r  CLK100MHZ (IN)
                         net (fo=0)                   0.000     0.000    u_clk/inst/clk_in1
    E3                   IBUF (Prop_ibuf_I_O)         1.482     1.482 r  u_clk/inst/clkin1_ibufg/O
                         net (fo=1, routed)           1.233     2.715    u_clk/inst/clk_in1_clk_wiz_0
    MMCME2_ADV_X1Y2      MMCME2_ADV (Prop_mmcme2_adv_CLKIN1_CLKOUT0)
                                                     -7.070    -4.355 r  u_clk/inst/mmcm_adv_inst/CLKOUT0
                         net (fo=1, routed)           1.719    -2.636    u_clk/inst/clk_out1_clk_wiz_0
    BUFGCTRL_X0Y17       BUFG (Prop_bufg_I_O)         0.096    -2.540 r  u_clk/inst/clkout1_buf/O
                         net (fo=152, routed)         1.630    -0.910    u_vga/clk25
    SLICE_X10Y108        FDCE                                         r  u_vga/v_cnt_reg[4]/C
  -------------------------------------------------------------------    -------------------
    SLICE_X10Y108        FDCE (Prop_fdce_C_Q)         0.478    -0.432 r  u_vga/v_cnt_reg[4]/Q
                         net (fo=13, routed)          1.349     0.917    y[4]
    DSP48_X0Y44          DSP48E1 (Prop_dsp48e1_A[4]_P[15])
                                                      4.012     4.929 r  tmp0/P[15]
                         net (fo=1, routed)           0.523     5.453    tmp0_n_90
    SLICE_X12Y113        LUT5 (Prop_lut5_I4_O)        0.124     5.577 r  u_fb_i_4/O
                         net (fo=102, routed)        11.764    17.341    <hidden>
    SLICE_X62Y173        LUT5 (Prop_lut5_I0_O)        0.124    17.465 r  <hidden>
                         net (fo=1, routed)           1.640    19.105    <hidden>
    RAMB36_X1Y39         RAMB36E1                                     r  <hidden>
  -------------------------------------------------------------------    -------------------

                         (clock clk_out1_clk_wiz_0_1 rise edge)
                                                     40.000    40.000 r  
    E3                                                0.000    40.000 r  CLK100MHZ (IN)
                         net (fo=0)                   0.000    40.000    u_clk/inst/clk_in1
    E3                   IBUF (Prop_ibuf_I_O)         1.411    41.411 r  u_clk/inst/clkin1_ibufg/O
                         net (fo=1, routed)           1.162    42.573    u_clk/inst/clk_in1_clk_wiz_0
    MMCME2_ADV_X1Y2      MMCME2_ADV (Prop_mmcme2_adv_CLKIN1_CLKOUT0)
                                                     -7.324    35.249 r  u_clk/inst/mmcm_adv_inst/CLKOUT0
                         net (fo=1, routed)           1.639    36.888    u_clk/inst/clk_out1_clk_wiz_0
    BUFGCTRL_X0Y17       BUFG (Prop_bufg_I_O)         0.091    36.979 r  u_clk/inst/clkout1_buf/O
                         net (fo=152, routed)         1.705    38.685    <hidden>
    RAMB36_X1Y39         RAMB36E1                                     r  <hidden>
                         clock pessimism              0.488    39.173    
                         clock uncertainty           -0.104    39.070    
    RAMB36_X1Y39         RAMB36E1 (Setup_ramb36e1_CLKBWRCLK_ENBWREN)
                                                     -0.443    38.627    <hidden>
  -------------------------------------------------------------------
                         required time                         38.627    
                         arrival time                         -19.105    
  -------------------------------------------------------------------
                         slack                                 19.521    

Slack (MET) :             19.644ns  (required time - arrival time)
  Source:                 u_vga/v_cnt_reg[4]/C
                            (rising edge-triggered cell FDCE clocked by clk_out1_clk_wiz_0_1  {rise@0.000ns fall@20.000ns period=40.000ns})
  Destination:            <hidden>
                            (rising edge-triggered cell RAMB36E1 clocked by clk_out1_clk_wiz_0_1  {rise@0.000ns fall@20.000ns period=40.000ns})
  Path Group:             clk_out1_clk_wiz_0_1
  Path Type:              Setup (Max at Slow Process Corner)
  Requirement:            40.000ns  (clk_out1_clk_wiz_0_1 rise@40.000ns - clk_out1_clk_wiz_0_1 rise@0.000ns)
  Data Path Delay:        19.819ns  (logic 4.738ns (23.907%)  route 15.081ns (76.093%))
  Logic Levels:           3  (DSP48E1=1 LUT3=1 LUT5=1)
  Clock Path Skew:        0.010ns (DCD - SCD + CPR)
    Destination Clock Delay (DCD):    -1.381ns = ( 38.619 - 40.000 ) 
    Source Clock Delay      (SCD):    -0.910ns
    Clock Pessimism Removal (CPR):    0.480ns
  Clock Uncertainty:      0.104ns  ((TSJ^2 + DJ^2)^1/2) / 2 + PE
    Total System Jitter     (TSJ):    0.071ns
    Discrete Jitter          (DJ):    0.195ns
    Phase Error              (PE):    0.000ns

    Location             Delay type                Incr(ns)  Path(ns)    Netlist Resource(s)
  -------------------------------------------------------------------    -------------------
                         (clock clk_out1_clk_wiz_0_1 rise edge)
                                                      0.000     0.000 r  
    E3                                                0.000     0.000 r  CLK100MHZ (IN)
                         net (fo=0)                   0.000     0.000    u_clk/inst/clk_in1
    E3                   IBUF (Prop_ibuf_I_O)         1.482     1.482 r  u_clk/inst/clkin1_ibufg/O
                         net (fo=1, routed)           1.233     2.715    u_clk/inst/clk_in1_clk_wiz_0
    MMCME2_ADV_X1Y2      MMCME2_ADV (Prop_mmcme2_adv_CLKIN1_CLKOUT0)
                                                     -7.070    -4.355 r  u_clk/inst/mmcm_adv_inst/CLKOUT0
                         net (fo=1, routed)           1.719    -2.636    u_clk/inst/clk_out1_clk_wiz_0
    BUFGCTRL_X0Y17       BUFG (Prop_bufg_I_O)         0.096    -2.540 r  u_clk/inst/clkout1_buf/O
                         net (fo=152, routed)         1.630    -0.910    u_vga/clk25
    SLICE_X10Y108        FDCE                                         r  u_vga/v_cnt_reg[4]/C
  -------------------------------------------------------------------    -------------------
    SLICE_X10Y108        FDCE (Prop_fdce_C_Q)         0.478    -0.432 r  u_vga/v_cnt_reg[4]/Q
                         net (fo=13, routed)          1.349     0.917    y[4]
    DSP48_X0Y44          DSP48E1 (Prop_dsp48e1_A[4]_P[18])
                                                      4.012     4.929 f  tmp0/P[18]
                         net (fo=1, routed)           0.530     5.460    tmp0_n_87
    SLICE_X12Y113        LUT5 (Prop_lut5_I4_O)        0.124     5.584 f  u_fb_i_1/O
                         net (fo=82, routed)         12.104    17.687    <hidden>
    SLICE_X74Y65         LUT3 (Prop_lut3_I2_O)        0.124    17.811 r  <hidden>
                         net (fo=6, routed)           1.097    18.908    <hidden>
    RAMB36_X3Y11         RAMB36E1                                     r  <hidden>
  -------------------------------------------------------------------    -------------------

                         (clock clk_out1_clk_wiz_0_1 rise edge)
                                                     40.000    40.000 r  
    E3                                                0.000    40.000 r  CLK100MHZ (IN)
                         net (fo=0)                   0.000    40.000    u_clk/inst/clk_in1
    E3                   IBUF (Prop_ibuf_I_O)         1.411    41.411 r  u_clk/inst/clkin1_ibufg/O
                         net (fo=1, routed)           1.162    42.573    u_clk/inst/clk_in1_clk_wiz_0
    MMCME2_ADV_X1Y2      MMCME2_ADV (Prop_mmcme2_adv_CLKIN1_CLKOUT0)
                                                     -7.324    35.249 r  u_clk/inst/mmcm_adv_inst/CLKOUT0
                         net (fo=1, routed)           1.639    36.888    u_clk/inst/clk_out1_clk_wiz_0
    BUFGCTRL_X0Y17       BUFG (Prop_bufg_I_O)         0.091    36.979 r  u_clk/inst/clkout1_buf/O
                         net (fo=152, routed)         1.640    38.619    <hidden>
    RAMB36_X3Y11         RAMB36E1                                     r  <hidden>
                         clock pessimism              0.480    39.100    
                         clock uncertainty           -0.104    38.996    
    RAMB36_X3Y11         RAMB36E1 (Setup_ramb36e1_CLKBWRCLK_ENBWREN)
                                                     -0.443    38.553    <hidden>
  -------------------------------------------------------------------
                         required time                         38.553    
                         arrival time                         -18.908    
  -------------------------------------------------------------------
                         slack                                 19.644    





Min Delay Paths
--------------------------------------------------------------------------------------
Slack (MET) :             0.197ns  (arrival time - required time)
  Source:                 <hidden>
                            (rising edge-triggered cell FDRE clocked by clk_out1_clk_wiz_0_1  {rise@0.000ns fall@20.000ns period=40.000ns})
  Destination:            <hidden>
                            (rising edge-triggered cell FDRE clocked by clk_out1_clk_wiz_0_1  {rise@0.000ns fall@20.000ns period=40.000ns})
  Path Group:             clk_out1_clk_wiz_0_1
  Path Type:              Hold (Min at Fast Process Corner)
  Requirement:            0.000ns  (clk_out1_clk_wiz_0_1 rise@0.000ns - clk_out1_clk_wiz_0_1 rise@0.000ns)
  Data Path Delay:        0.280ns  (logic 0.164ns (58.537%)  route 0.116ns (41.463%))
  Logic Levels:           0  
  Clock Path Skew:        0.013ns (DCD - SCD - CPR)
    Destination Clock Delay (DCD):    -0.844ns
    Source Clock Delay      (SCD):    -0.606ns
    Clock Pessimism Removal (CPR):    -0.251ns

    Location             Delay type                Incr(ns)  Path(ns)    Netlist Resource(s)
  -------------------------------------------------------------------    -------------------
                         (clock clk_out1_clk_wiz_0_1 rise edge)
                                                      0.000     0.000 r  
    E3                                                0.000     0.000 r  CLK100MHZ (IN)
                         net (fo=0)                   0.000     0.000    u_clk/inst/clk_in1
    E3                   IBUF (Prop_ibuf_I_O)         0.250     0.250 r  u_clk/inst/clkin1_ibufg/O
                         net (fo=1, routed)           0.440     0.690    u_clk/inst/clk_in1_clk_wiz_0
    MMCME2_ADV_X1Y2      MMCME2_ADV (Prop_mmcme2_adv_CLKIN1_CLKOUT0)
                                                     -2.379    -1.689 r  u_clk/inst/mmcm_adv_inst/CLKOUT0
                         net (fo=1, routed)           0.499    -1.190    u_clk/inst/clk_out1_clk_wiz_0
    BUFGCTRL_X0Y17       BUFG (Prop_bufg_I_O)         0.026    -1.164 r  u_clk/inst/clkout1_buf/O
                         net (fo=152, routed)         0.558    -0.606    <hidden>
    SLICE_X58Y110        FDRE                                         r  <hidden>
  -------------------------------------------------------------------    -------------------
    SLICE_X58Y110        FDRE (Prop_fdre_C_Q)         0.164    -0.442 r  <hidden>
                         net (fo=1, routed)           0.116    -0.326    <hidden>
    SLICE_X59Y110        FDRE                                         r  <hidden>
  -------------------------------------------------------------------    -------------------

                         (clock clk_out1_clk_wiz_0_1 rise edge)
                                                      0.000     0.000 r  
    E3                                                0.000     0.000 r  CLK100MHZ (IN)
                         net (fo=0)                   0.000     0.000    u_clk/inst/clk_in1
    E3                   IBUF (Prop_ibuf_I_O)         0.438     0.438 r  u_clk/inst/clkin1_ibufg/O
                         net (fo=1, routed)           0.480     0.918    u_clk/inst/clk_in1_clk_wiz_0
    MMCME2_ADV_X1Y2      MMCME2_ADV (Prop_mmcme2_adv_CLKIN1_CLKOUT0)
                                                     -3.163    -2.245 r  u_clk/inst/mmcm_adv_inst/CLKOUT0
                         net (fo=1, routed)           0.544    -1.702    u_clk/inst/clk_out1_clk_wiz_0
    BUFGCTRL_X0Y17       BUFG (Prop_bufg_I_O)         0.029    -1.673 r  u_clk/inst/clkout1_buf/O
                         net (fo=152, routed)         0.829    -0.844    <hidden>
    SLICE_X59Y110        FDRE                                         r  <hidden>
                         clock pessimism              0.251    -0.593    
    SLICE_X59Y110        FDRE (Hold_fdre_C_D)         0.070    -0.523    <hidden>
  -------------------------------------------------------------------
                         required time                          0.523    
                         arrival time                          -0.326    
  -------------------------------------------------------------------
                         slack                                  0.197    

Slack (MET) :             0.201ns  (arrival time - required time)
  Source:                 <hidden>
                            (rising edge-triggered cell FDRE clocked by clk_out1_clk_wiz_0_1  {rise@0.000ns fall@20.000ns period=40.000ns})
  Destination:            <hidden>
                            (rising edge-triggered cell FDRE clocked by clk_out1_clk_wiz_0_1  {rise@0.000ns fall@20.000ns period=40.000ns})
  Path Group:             clk_out1_clk_wiz_0_1
  Path Type:              Hold (Min at Fast Process Corner)
  Requirement:            0.000ns  (clk_out1_clk_wiz_0_1 rise@0.000ns - clk_out1_clk_wiz_0_1 rise@0.000ns)
  Data Path Delay:        0.280ns  (logic 0.164ns (58.537%)  route 0.116ns (41.463%))
  Logic Levels:           0  
  Clock Path Skew:        0.013ns (DCD - SCD - CPR)
    Destination Clock Delay (DCD):    -0.844ns
    Source Clock Delay      (SCD):    -0.606ns
    Clock Pessimism Removal (CPR):    -0.251ns

    Location             Delay type                Incr(ns)  Path(ns)    Netlist Resource(s)
  -------------------------------------------------------------------    -------------------
                         (clock clk_out1_clk_wiz_0_1 rise edge)
                                                      0.000     0.000 r  
    E3                                                0.000     0.000 r  CLK100MHZ (IN)
                         net (fo=0)                   0.000     0.000    u_clk/inst/clk_in1
    E3                   IBUF (Prop_ibuf_I_O)         0.250     0.250 r  u_clk/inst/clkin1_ibufg/O
                         net (fo=1, routed)           0.440     0.690    u_clk/inst/clk_in1_clk_wiz_0
    MMCME2_ADV_X1Y2      MMCME2_ADV (Prop_mmcme2_adv_CLKIN1_CLKOUT0)
                                                     -2.379    -1.689 r  u_clk/inst/mmcm_adv_inst/CLKOUT0
                         net (fo=1, routed)           0.499    -1.190    u_clk/inst/clk_out1_clk_wiz_0
    BUFGCTRL_X0Y17       BUFG (Prop_bufg_I_O)         0.026    -1.164 r  u_clk/inst/clkout1_buf/O
                         net (fo=152, routed)         0.558    -0.606    <hidden>
    SLICE_X58Y110        FDRE                                         r  <hidden>
  -------------------------------------------------------------------    -------------------
    SLICE_X58Y110        FDRE (Prop_fdre_C_Q)         0.164    -0.442 r  <hidden>
                         net (fo=1, routed)           0.116    -0.326    <hidden>
    SLICE_X59Y110        FDRE                                         r  <hidden>
  -------------------------------------------------------------------    -------------------

                         (clock clk_out1_clk_wiz_0_1 rise edge)
                                                      0.000     0.000 r  
    E3                                                0.000     0.000 r  CLK100MHZ (IN)
                         net (fo=0)                   0.000     0.000    u_clk/inst/clk_in1
    E3                   IBUF (Prop_ibuf_I_O)         0.438     0.438 r  u_clk/inst/clkin1_ibufg/O
                         net (fo=1, routed)           0.480     0.918    u_clk/inst/clk_in1_clk_wiz_0
    MMCME2_ADV_X1Y2      MMCME2_ADV (Prop_mmcme2_adv_CLKIN1_CLKOUT0)
                                                     -3.163    -2.245 r  u_clk/inst/mmcm_adv_inst/CLKOUT0
                         net (fo=1, routed)           0.544    -1.702    u_clk/inst/clk_out1_clk_wiz_0
    BUFGCTRL_X0Y17       BUFG (Prop_bufg_I_O)         0.029    -1.673 r  u_clk/inst/clkout1_buf/O
                         net (fo=152, routed)         0.829    -0.844    <hidden>
    SLICE_X59Y110        FDRE                                         r  <hidden>
                         clock pessimism              0.251    -0.593    
    SLICE_X59Y110        FDRE (Hold_fdre_C_D)         0.066    -0.527    <hidden>
  -------------------------------------------------------------------
                         required time                          0.527    
                         arrival time                          -0.326    
  -------------------------------------------------------------------
                         slack                                  0.201    

Slack (MET) :             0.217ns  (arrival time - required time)
  Source:                 <hidden>
                            (rising edge-triggered cell FDRE clocked by clk_out1_clk_wiz_0_1  {rise@0.000ns fall@20.000ns period=40.000ns})
  Destination:            <hidden>
                            (rising edge-triggered cell FDRE clocked by clk_out1_clk_wiz_0_1  {rise@0.000ns fall@20.000ns period=40.000ns})
  Path Group:             clk_out1_clk_wiz_0_1
  Path Type:              Hold (Min at Fast Process Corner)
  Requirement:            0.000ns  (clk_out1_clk_wiz_0_1 rise@0.000ns - clk_out1_clk_wiz_0_1 rise@0.000ns)
  Data Path Delay:        0.276ns  (logic 0.164ns (59.419%)  route 0.112ns (40.581%))
  Logic Levels:           0  
  Clock Path Skew:        0.000ns (DCD - SCD - CPR)
    Destination Clock Delay (DCD):    -0.844ns
    Source Clock Delay      (SCD):    -0.606ns
    Clock Pessimism Removal (CPR):    -0.238ns

    Location             Delay type                Incr(ns)  Path(ns)    Netlist Resource(s)
  -------------------------------------------------------------------    -------------------
                         (clock clk_out1_clk_wiz_0_1 rise edge)
                                                      0.000     0.000 r  
    E3                                                0.000     0.000 r  CLK100MHZ (IN)
                         net (fo=0)                   0.000     0.000    u_clk/inst/clk_in1
    E3                   IBUF (Prop_ibuf_I_O)         0.250     0.250 r  u_clk/inst/clkin1_ibufg/O
                         net (fo=1, routed)           0.440     0.690    u_clk/inst/clk_in1_clk_wiz_0
    MMCME2_ADV_X1Y2      MMCME2_ADV (Prop_mmcme2_adv_CLKIN1_CLKOUT0)
                                                     -2.379    -1.689 r  u_clk/inst/mmcm_adv_inst/CLKOUT0
                         net (fo=1, routed)           0.499    -1.190    u_clk/inst/clk_out1_clk_wiz_0
    BUFGCTRL_X0Y17       BUFG (Prop_bufg_I_O)         0.026    -1.164 r  u_clk/inst/clkout1_buf/O
                         net (fo=152, routed)         0.558    -0.606    <hidden>
    SLICE_X58Y110        FDRE                                         r  <hidden>
  -------------------------------------------------------------------    -------------------
    SLICE_X58Y110        FDRE (Prop_fdre_C_Q)         0.164    -0.442 r  <hidden>
                         net (fo=1, routed)           0.112    -0.330    <hidden>
    SLICE_X58Y110        FDRE                                         r  <hidden>
  -------------------------------------------------------------------    -------------------

                         (clock clk_out1_clk_wiz_0_1 rise edge)
                                                      0.000     0.000 r  
    E3                                                0.000     0.000 r  CLK100MHZ (IN)
                         net (fo=0)                   0.000     0.000    u_clk/inst/clk_in1
    E3                   IBUF (Prop_ibuf_I_O)         0.438     0.438 r  u_clk/inst/clkin1_ibufg/O
                         net (fo=1, routed)           0.480     0.918    u_clk/inst/clk_in1_clk_wiz_0
    MMCME2_ADV_X1Y2      MMCME2_ADV (Prop_mmcme2_adv_CLKIN1_CLKOUT0)
                                                     -3.163    -2.245 r  u_clk/inst/mmcm_adv_inst/CLKOUT0
                         net (fo=1, routed)           0.544    -1.702    u_clk/inst/clk_out1_clk_wiz_0
    BUFGCTRL_X0Y17       BUFG (Prop_bufg_I_O)         0.029    -1.673 r  u_clk/inst/clkout1_buf/O
                         net (fo=152, routed)         0.829    -0.844    <hidden>
    SLICE_X58Y110        FDRE                                         r  <hidden>
                         clock pessimism              0.238    -0.606    
    SLICE_X58Y110        FDRE (Hold_fdre_C_D)         0.059    -0.547    <hidden>
  -------------------------------------------------------------------
                         required time                          0.547    
                         arrival time                          -0.330    
  -------------------------------------------------------------------
                         slack                                  0.217    

Slack (MET) :             0.221ns  (arrival time - required time)
  Source:                 <hidden>
                            (rising edge-triggered cell FDRE clocked by clk_out1_clk_wiz_0_1  {rise@0.000ns fall@20.000ns period=40.000ns})
  Destination:            <hidden>
                            (rising edge-triggered cell FDRE clocked by clk_out1_clk_wiz_0_1  {rise@0.000ns fall@20.000ns period=40.000ns})
  Path Group:             clk_out1_clk_wiz_0_1
  Path Type:              Hold (Min at Fast Process Corner)
  Requirement:            0.000ns  (clk_out1_clk_wiz_0_1 rise@0.000ns - clk_out1_clk_wiz_0_1 rise@0.000ns)
  Data Path Delay:        0.280ns  (logic 0.164ns (58.537%)  route 0.116ns (41.463%))
  Logic Levels:           0  
  Clock Path Skew:        0.000ns (DCD - SCD - CPR)
    Destination Clock Delay (DCD):    -0.849ns
    Source Clock Delay      (SCD):    -0.609ns
    Clock Pessimism Removal (CPR):    -0.240ns

    Location             Delay type                Incr(ns)  Path(ns)    Netlist Resource(s)
  -------------------------------------------------------------------    -------------------
                         (clock clk_out1_clk_wiz_0_1 rise edge)
                                                      0.000     0.000 r  
    E3                                                0.000     0.000 r  CLK100MHZ (IN)
                         net (fo=0)                   0.000     0.000    u_clk/inst/clk_in1
    E3                   IBUF (Prop_ibuf_I_O)         0.250     0.250 r  u_clk/inst/clkin1_ibufg/O
                         net (fo=1, routed)           0.440     0.690    u_clk/inst/clk_in1_clk_wiz_0
    MMCME2_ADV_X1Y2      MMCME2_ADV (Prop_mmcme2_adv_CLKIN1_CLKOUT0)
                                                     -2.379    -1.689 r  u_clk/inst/mmcm_adv_inst/CLKOUT0
                         net (fo=1, routed)           0.499    -1.190    u_clk/inst/clk_out1_clk_wiz_0
    BUFGCTRL_X0Y17       BUFG (Prop_bufg_I_O)         0.026    -1.164 r  u_clk/inst/clkout1_buf/O
                         net (fo=152, routed)         0.555    -0.609    <hidden>
    SLICE_X62Y118        FDRE                                         r  <hidden>
  -------------------------------------------------------------------    -------------------
    SLICE_X62Y118        FDRE (Prop_fdre_C_Q)         0.164    -0.445 r  <hidden>
                         net (fo=1, routed)           0.116    -0.329    <hidden>
    SLICE_X62Y118        FDRE                                         r  <hidden>
  -------------------------------------------------------------------    -------------------

                         (clock clk_out1_clk_wiz_0_1 rise edge)
                                                      0.000     0.000 r  
    E3                                                0.000     0.000 r  CLK100MHZ (IN)
                         net (fo=0)                   0.000     0.000    u_clk/inst/clk_in1
    E3                   IBUF (Prop_ibuf_I_O)         0.438     0.438 r  u_clk/inst/clkin1_ibufg/O
                         net (fo=1, routed)           0.480     0.918    u_clk/inst/clk_in1_clk_wiz_0
    MMCME2_ADV_X1Y2      MMCME2_ADV (Prop_mmcme2_adv_CLKIN1_CLKOUT0)
                                                     -3.163    -2.245 r  u_clk/inst/mmcm_adv_inst/CLKOUT0
                         net (fo=1, routed)           0.544    -1.702    u_clk/inst/clk_out1_clk_wiz_0
    BUFGCTRL_X0Y17       BUFG (Prop_bufg_I_O)         0.029    -1.673 r  u_clk/inst/clkout1_buf/O
                         net (fo=152, routed)         0.823    -0.849    <hidden>
    SLICE_X62Y118        FDRE                                         r  <hidden>
                         clock pessimism              0.240    -0.609    
    SLICE_X62Y118        FDRE (Hold_fdre_C_D)         0.059    -0.550    <hidden>
  -------------------------------------------------------------------
                         required time                          0.550    
                         arrival time                          -0.329    
  -------------------------------------------------------------------
                         slack                                  0.221    

Slack (MET) :             0.228ns  (arrival time - required time)
  Source:                 <hidden>
                            (rising edge-triggered cell FDRE clocked by clk_out1_clk_wiz_0_1  {rise@0.000ns fall@20.000ns period=40.000ns})
  Destination:            <hidden>
                            (rising edge-triggered cell FDRE clocked by clk_out1_clk_wiz_0_1  {rise@0.000ns fall@20.000ns period=40.000ns})
  Path Group:             clk_out1_clk_wiz_0_1
  Path Type:              Hold (Min at Fast Process Corner)
  Requirement:            0.000ns  (clk_out1_clk_wiz_0_1 rise@0.000ns - clk_out1_clk_wiz_0_1 rise@0.000ns)
  Data Path Delay:        0.280ns  (logic 0.164ns (58.537%)  route 0.116ns (41.463%))
  Logic Levels:           0  
  Clock Path Skew:        0.000ns (DCD - SCD - CPR)
    Destination Clock Delay (DCD):    -0.849ns
    Source Clock Delay      (SCD):    -0.609ns
    Clock Pessimism Removal (CPR):    -0.240ns

    Location             Delay type                Incr(ns)  Path(ns)    Netlist Resource(s)
  -------------------------------------------------------------------    -------------------
                         (clock clk_out1_clk_wiz_0_1 rise edge)
                                                      0.000     0.000 r  
    E3                                                0.000     0.000 r  CLK100MHZ (IN)
                         net (fo=0)                   0.000     0.000    u_clk/inst/clk_in1
    E3                   IBUF (Prop_ibuf_I_O)         0.250     0.250 r  u_clk/inst/clkin1_ibufg/O
                         net (fo=1, routed)           0.440     0.690    u_clk/inst/clk_in1_clk_wiz_0
    MMCME2_ADV_X1Y2      MMCME2_ADV (Prop_mmcme2_adv_CLKIN1_CLKOUT0)
                                                     -2.379    -1.689 r  u_clk/inst/mmcm_adv_inst/CLKOUT0
                         net (fo=1, routed)           0.499    -1.190    u_clk/inst/clk_out1_clk_wiz_0
    BUFGCTRL_X0Y17       BUFG (Prop_bufg_I_O)         0.026    -1.164 r  u_clk/inst/clkout1_buf/O
                         net (fo=152, routed)         0.555    -0.609    <hidden>
    SLICE_X62Y118        FDRE                                         r  <hidden>
  -------------------------------------------------------------------    -------------------
    SLICE_X62Y118        FDRE (Prop_fdre_C_Q)         0.164    -0.445 r  <hidden>
                         net (fo=1, routed)           0.116    -0.329    <hidden>
    SLICE_X62Y118        FDRE                                         r  <hidden>
  -------------------------------------------------------------------    -------------------

                         (clock clk_out1_clk_wiz_0_1 rise edge)
                                                      0.000     0.000 r  
    E3                                                0.000     0.000 r  CLK100MHZ (IN)
                         net (fo=0)                   0.000     0.000    u_clk/inst/clk_in1
    E3                   IBUF (Prop_ibuf_I_O)         0.438     0.438 r  u_clk/inst/clkin1_ibufg/O
                         net (fo=1, routed)           0.480     0.918    u_clk/inst/clk_in1_clk_wiz_0
    MMCME2_ADV_X1Y2      MMCME2_ADV (Prop_mmcme2_adv_CLKIN1_CLKOUT0)
                                                     -3.163    -2.245 r  u_clk/inst/mmcm_adv_inst/CLKOUT0
                         net (fo=1, routed)           0.544    -1.702    u_clk/inst/clk_out1_clk_wiz_0
    BUFGCTRL_X0Y17       BUFG (Prop_bufg_I_O)         0.029    -1.673 r  u_clk/inst/clkout1_buf/O
                         net (fo=152, routed)         0.823    -0.849    <hidden>
    SLICE_X62Y118        FDRE                                         r  <hidden>
                         clock pessimism              0.240    -0.609    
    SLICE_X62Y118        FDRE (Hold_fdre_C_D)         0.052    -0.557    <hidden>
  -------------------------------------------------------------------
                         required time                          0.557    
                         arrival time                          -0.329    
  -------------------------------------------------------------------
                         slack                                  0.228    

Slack (MET) :             0.249ns  (arrival time - required time)
  Source:                 active_d1_reg/C
                            (rising edge-triggered cell FDRE clocked by clk_out1_clk_wiz_0_1  {rise@0.000ns fall@20.000ns period=40.000ns})
  Destination:            active_d2_reg/D
                            (rising edge-triggered cell FDRE clocked by clk_out1_clk_wiz_0_1  {rise@0.000ns fall@20.000ns period=40.000ns})
  Path Group:             clk_out1_clk_wiz_0_1
  Path Type:              Hold (Min at Fast Process Corner)
  Requirement:            0.000ns  (clk_out1_clk_wiz_0_1 rise@0.000ns - clk_out1_clk_wiz_0_1 rise@0.000ns)
  Data Path Delay:        0.356ns  (logic 0.183ns (51.463%)  route 0.173ns (48.537%))
  Logic Levels:           1  (LUT3=1)
  Clock Path Skew:        0.000ns (DCD - SCD - CPR)
    Destination Clock Delay (DCD):    -0.841ns
    Source Clock Delay      (SCD):    -0.604ns
    Clock Pessimism Removal (CPR):    -0.237ns

    Location             Delay type                Incr(ns)  Path(ns)    Netlist Resource(s)
  -------------------------------------------------------------------    -------------------
                         (clock clk_out1_clk_wiz_0_1 rise edge)
                                                      0.000     0.000 r  
    E3                                                0.000     0.000 r  CLK100MHZ (IN)
                         net (fo=0)                   0.000     0.000    u_clk/inst/clk_in1
    E3                   IBUF (Prop_ibuf_I_O)         0.250     0.250 r  u_clk/inst/clkin1_ibufg/O
                         net (fo=1, routed)           0.440     0.690    u_clk/inst/clk_in1_clk_wiz_0
    MMCME2_ADV_X1Y2      MMCME2_ADV (Prop_mmcme2_adv_CLKIN1_CLKOUT0)
                                                     -2.379    -1.689 r  u_clk/inst/mmcm_adv_inst/CLKOUT0
                         net (fo=1, routed)           0.499    -1.190    u_clk/inst/clk_out1_clk_wiz_0
    BUFGCTRL_X0Y17       BUFG (Prop_bufg_I_O)         0.026    -1.164 r  u_clk/inst/clkout1_buf/O
                         net (fo=152, routed)         0.560    -0.604    clk25
    SLICE_X40Y110        FDRE                                         r  active_d1_reg/C
  -------------------------------------------------------------------    -------------------
    SLICE_X40Y110        FDRE (Prop_fdre_C_Q)         0.141    -0.463 r  active_d1_reg/Q
                         net (fo=1, routed)           0.173    -0.291    active_d1
    SLICE_X40Y110        LUT3 (Prop_lut3_I2_O)        0.042    -0.249 r  active_d2_i_1/O
                         net (fo=1, routed)           0.000    -0.249    active_d2_i_1_n_0
    SLICE_X40Y110        FDRE                                         r  active_d2_reg/D
  -------------------------------------------------------------------    -------------------

                         (clock clk_out1_clk_wiz_0_1 rise edge)
                                                      0.000     0.000 r  
    E3                                                0.000     0.000 r  CLK100MHZ (IN)
                         net (fo=0)                   0.000     0.000    u_clk/inst/clk_in1
    E3                   IBUF (Prop_ibuf_I_O)         0.438     0.438 r  u_clk/inst/clkin1_ibufg/O
                         net (fo=1, routed)           0.480     0.918    u_clk/inst/clk_in1_clk_wiz_0
    MMCME2_ADV_X1Y2      MMCME2_ADV (Prop_mmcme2_adv_CLKIN1_CLKOUT0)
                                                     -3.163    -2.245 r  u_clk/inst/mmcm_adv_inst/CLKOUT0
                         net (fo=1, routed)           0.544    -1.702    u_clk/inst/clk_out1_clk_wiz_0
    BUFGCTRL_X0Y17       BUFG (Prop_bufg_I_O)         0.029    -1.673 r  u_clk/inst/clkout1_buf/O
                         net (fo=152, routed)         0.832    -0.841    clk25
    SLICE_X40Y110        FDRE                                         r  active_d2_reg/C
                         clock pessimism              0.237    -0.604    
    SLICE_X40Y110        FDRE (Hold_fdre_C_D)         0.107    -0.497    active_d2_reg
  -------------------------------------------------------------------
                         required time                          0.497    
                         arrival time                          -0.249    
  -------------------------------------------------------------------
                         slack                                  0.249    

Slack (MET) :             0.256ns  (arrival time - required time)
  Source:                 u_vga/h_cnt_reg[6]/C
                            (rising edge-triggered cell FDCE clocked by clk_out1_clk_wiz_0_1  {rise@0.000ns fall@20.000ns period=40.000ns})
  Destination:            u_vga/h_cnt_reg[7]/D
                            (rising edge-triggered cell FDCE clocked by clk_out1_clk_wiz_0_1  {rise@0.000ns fall@20.000ns period=40.000ns})
  Path Group:             clk_out1_clk_wiz_0_1
  Path Type:              Hold (Min at Fast Process Corner)
  Requirement:            0.000ns  (clk_out1_clk_wiz_0_1 rise@0.000ns - clk_out1_clk_wiz_0_1 rise@0.000ns)
  Data Path Delay:        0.363ns  (logic 0.183ns (50.353%)  route 0.180ns (49.647%))
  Logic Levels:           1  (LUT4=1)
  Clock Path Skew:        0.000ns (DCD - SCD - CPR)
    Destination Clock Delay (DCD):    -0.807ns
    Source Clock Delay      (SCD):    -0.569ns
    Clock Pessimism Removal (CPR):    -0.238ns

    Location             Delay type                Incr(ns)  Path(ns)    Netlist Resource(s)
  -------------------------------------------------------------------    -------------------
                         (clock clk_out1_clk_wiz_0_1 rise edge)
                                                      0.000     0.000 r  
    E3                                                0.000     0.000 r  CLK100MHZ (IN)
                         net (fo=0)                   0.000     0.000    u_clk/inst/clk_in1
    E3                   IBUF (Prop_ibuf_I_O)         0.250     0.250 r  u_clk/inst/clkin1_ibufg/O
                         net (fo=1, routed)           0.440     0.690    u_clk/inst/clk_in1_clk_wiz_0
    MMCME2_ADV_X1Y2      MMCME2_ADV (Prop_mmcme2_adv_CLKIN1_CLKOUT0)
                                                     -2.379    -1.689 r  u_clk/inst/mmcm_adv_inst/CLKOUT0
                         net (fo=1, routed)           0.499    -1.190    u_clk/inst/clk_out1_clk_wiz_0
    BUFGCTRL_X0Y17       BUFG (Prop_bufg_I_O)         0.026    -1.164 r  u_clk/inst/clkout1_buf/O
                         net (fo=152, routed)         0.595    -0.569    u_vga/clk25
    SLICE_X7Y111         FDCE                                         r  u_vga/h_cnt_reg[6]/C
  -------------------------------------------------------------------    -------------------
    SLICE_X7Y111         FDCE (Prop_fdce_C_Q)         0.141    -0.428 r  u_vga/h_cnt_reg[6]/Q
                         net (fo=12, routed)          0.180    -0.248    u_vga/x[6]
    SLICE_X7Y111         LUT4 (Prop_lut4_I0_O)        0.042    -0.206 r  u_vga/h_cnt[7]_i_1/O
                         net (fo=1, routed)           0.000    -0.206    u_vga/h_cnt[7]
    SLICE_X7Y111         FDCE                                         r  u_vga/h_cnt_reg[7]/D
  -------------------------------------------------------------------    -------------------

                         (clock clk_out1_clk_wiz_0_1 rise edge)
                                                      0.000     0.000 r  
    E3                                                0.000     0.000 r  CLK100MHZ (IN)
                         net (fo=0)                   0.000     0.000    u_clk/inst/clk_in1
    E3                   IBUF (Prop_ibuf_I_O)         0.438     0.438 r  u_clk/inst/clkin1_ibufg/O
                         net (fo=1, routed)           0.480     0.918    u_clk/inst/clk_in1_clk_wiz_0
    MMCME2_ADV_X1Y2      MMCME2_ADV (Prop_mmcme2_adv_CLKIN1_CLKOUT0)
                                                     -3.163    -2.245 r  u_clk/inst/mmcm_adv_inst/CLKOUT0
                         net (fo=1, routed)           0.544    -1.702    u_clk/inst/clk_out1_clk_wiz_0
    BUFGCTRL_X0Y17       BUFG (Prop_bufg_I_O)         0.029    -1.673 r  u_clk/inst/clkout1_buf/O
                         net (fo=152, routed)         0.866    -0.807    u_vga/clk25
    SLICE_X7Y111         FDCE                                         r  u_vga/h_cnt_reg[7]/C
                         clock pessimism              0.238    -0.569    
    SLICE_X7Y111         FDCE (Hold_fdce_C_D)         0.107    -0.462    u_vga/h_cnt_reg[7]
  -------------------------------------------------------------------
                         required time                          0.462    
                         arrival time                          -0.206    
  -------------------------------------------------------------------
                         slack                                  0.256    

Slack (MET) :             0.262ns  (arrival time - required time)
  Source:                 u_vga/h_cnt_reg[0]/C
                            (rising edge-triggered cell FDCE clocked by clk_out1_clk_wiz_0_1  {rise@0.000ns fall@20.000ns period=40.000ns})
  Destination:            u_vga/h_cnt_reg[1]/D
                            (rising edge-triggered cell FDCE clocked by clk_out1_clk_wiz_0_1  {rise@0.000ns fall@20.000ns period=40.000ns})
  Path Group:             clk_out1_clk_wiz_0_1
  Path Type:              Hold (Min at Fast Process Corner)
  Requirement:            0.000ns  (clk_out1_clk_wiz_0_1 rise@0.000ns - clk_out1_clk_wiz_0_1 rise@0.000ns)
  Data Path Delay:        0.393ns  (logic 0.207ns (52.626%)  route 0.186ns (47.374%))
  Logic Levels:           1  (LUT2=1)
  Clock Path Skew:        0.000ns (DCD - SCD - CPR)
    Destination Clock Delay (DCD):    -0.835ns
    Source Clock Delay      (SCD):    -0.597ns
    Clock Pessimism Removal (CPR):    -0.238ns

    Location             Delay type                Incr(ns)  Path(ns)    Netlist Resource(s)
  -------------------------------------------------------------------    -------------------
                         (clock clk_out1_clk_wiz_0_1 rise edge)
                                                      0.000     0.000 r  
    E3                                                0.000     0.000 r  CLK100MHZ (IN)
                         net (fo=0)                   0.000     0.000    u_clk/inst/clk_in1
    E3                   IBUF (Prop_ibuf_I_O)         0.250     0.250 r  u_clk/inst/clkin1_ibufg/O
                         net (fo=1, routed)           0.440     0.690    u_clk/inst/clk_in1_clk_wiz_0
    MMCME2_ADV_X1Y2      MMCME2_ADV (Prop_mmcme2_adv_CLKIN1_CLKOUT0)
                                                     -2.379    -1.689 r  u_clk/inst/mmcm_adv_inst/CLKOUT0
                         net (fo=1, routed)           0.499    -1.190    u_clk/inst/clk_out1_clk_wiz_0
    BUFGCTRL_X0Y17       BUFG (Prop_bufg_I_O)         0.026    -1.164 r  u_clk/inst/clkout1_buf/O
                         net (fo=152, routed)         0.567    -0.597    u_vga/clk25
    SLICE_X8Y111         FDCE                                         r  u_vga/h_cnt_reg[0]/C
  -------------------------------------------------------------------    -------------------
    SLICE_X8Y111         FDCE (Prop_fdce_C_Q)         0.164    -0.433 r  u_vga/h_cnt_reg[0]/Q
                         net (fo=11, routed)          0.186    -0.247    u_vga/x[0]
    SLICE_X8Y111         LUT2 (Prop_lut2_I0_O)        0.043    -0.204 r  u_vga/h_cnt[1]_i_1/O
                         net (fo=1, routed)           0.000    -0.204    u_vga/h_cnt[1]
    SLICE_X8Y111         FDCE                                         r  u_vga/h_cnt_reg[1]/D
  -------------------------------------------------------------------    -------------------

                         (clock clk_out1_clk_wiz_0_1 rise edge)
                                                      0.000     0.000 r  
    E3                                                0.000     0.000 r  CLK100MHZ (IN)
                         net (fo=0)                   0.000     0.000    u_clk/inst/clk_in1
    E3                   IBUF (Prop_ibuf_I_O)         0.438     0.438 r  u_clk/inst/clkin1_ibufg/O
                         net (fo=1, routed)           0.480     0.918    u_clk/inst/clk_in1_clk_wiz_0
    MMCME2_ADV_X1Y2      MMCME2_ADV (Prop_mmcme2_adv_CLKIN1_CLKOUT0)
                                                     -3.163    -2.245 r  u_clk/inst/mmcm_adv_inst/CLKOUT0
                         net (fo=1, routed)           0.544    -1.702    u_clk/inst/clk_out1_clk_wiz_0
    BUFGCTRL_X0Y17       BUFG (Prop_bufg_I_O)         0.029    -1.673 r  u_clk/inst/clkout1_buf/O
                         net (fo=152, routed)         0.838    -0.835    u_vga/clk25
    SLICE_X8Y111         FDCE                                         r  u_vga/h_cnt_reg[1]/C
                         clock pessimism              0.238    -0.597    
    SLICE_X8Y111         FDCE (Hold_fdce_C_D)         0.131    -0.466    u_vga/h_cnt_reg[1]
  -------------------------------------------------------------------
                         required time                          0.466    
                         arrival time                          -0.204    
  -------------------------------------------------------------------
                         slack                                  0.262    

Slack (MET) :             0.262ns  (arrival time - required time)
  Source:                 u_vga/h_cnt_reg[0]/C
                            (rising edge-triggered cell FDCE clocked by clk_out1_clk_wiz_0_1  {rise@0.000ns fall@20.000ns period=40.000ns})
  Destination:            u_vga/h_cnt_reg[3]/D
                            (rising edge-triggered cell FDCE clocked by clk_out1_clk_wiz_0_1  {rise@0.000ns fall@20.000ns period=40.000ns})
  Path Group:             clk_out1_clk_wiz_0_1
  Path Type:              Hold (Min at Fast Process Corner)
  Requirement:            0.000ns  (clk_out1_clk_wiz_0_1 rise@0.000ns - clk_out1_clk_wiz_0_1 rise@0.000ns)
  Data Path Delay:        0.393ns  (logic 0.207ns (52.626%)  route 0.186ns (47.374%))
  Logic Levels:           1  (LUT4=1)
  Clock Path Skew:        0.000ns (DCD - SCD - CPR)
    Destination Clock Delay (DCD):    -0.835ns
    Source Clock Delay      (SCD):    -0.597ns
    Clock Pessimism Removal (CPR):    -0.238ns

    Location             Delay type                Incr(ns)  Path(ns)    Netlist Resource(s)
  -------------------------------------------------------------------    -------------------
                         (clock clk_out1_clk_wiz_0_1 rise edge)
                                                      0.000     0.000 r  
    E3                                                0.000     0.000 r  CLK100MHZ (IN)
                         net (fo=0)                   0.000     0.000    u_clk/inst/clk_in1
    E3                   IBUF (Prop_ibuf_I_O)         0.250     0.250 r  u_clk/inst/clkin1_ibufg/O
                         net (fo=1, routed)           0.440     0.690    u_clk/inst/clk_in1_clk_wiz_0
    MMCME2_ADV_X1Y2      MMCME2_ADV (Prop_mmcme2_adv_CLKIN1_CLKOUT0)
                                                     -2.379    -1.689 r  u_clk/inst/mmcm_adv_inst/CLKOUT0
                         net (fo=1, routed)           0.499    -1.190    u_clk/inst/clk_out1_clk_wiz_0
    BUFGCTRL_X0Y17       BUFG (Prop_bufg_I_O)         0.026    -1.164 r  u_clk/inst/clkout1_buf/O
                         net (fo=152, routed)         0.567    -0.597    u_vga/clk25
    SLICE_X8Y111         FDCE                                         r  u_vga/h_cnt_reg[0]/C
  -------------------------------------------------------------------    -------------------
    SLICE_X8Y111         FDCE (Prop_fdce_C_Q)         0.164    -0.433 r  u_vga/h_cnt_reg[0]/Q
                         net (fo=11, routed)          0.186    -0.247    u_vga/x[0]
    SLICE_X8Y111         LUT4 (Prop_lut4_I1_O)        0.043    -0.204 r  u_vga/h_cnt[3]_i_1/O
                         net (fo=1, routed)           0.000    -0.204    u_vga/h_cnt[3]
    SLICE_X8Y111         FDCE                                         r  u_vga/h_cnt_reg[3]/D
  -------------------------------------------------------------------    -------------------

                         (clock clk_out1_clk_wiz_0_1 rise edge)
                                                      0.000     0.000 r  
    E3                                                0.000     0.000 r  CLK100MHZ (IN)
                         net (fo=0)                   0.000     0.000    u_clk/inst/clk_in1
    E3                   IBUF (Prop_ibuf_I_O)         0.438     0.438 r  u_clk/inst/clkin1_ibufg/O
                         net (fo=1, routed)           0.480     0.918    u_clk/inst/clk_in1_clk_wiz_0
    MMCME2_ADV_X1Y2      MMCME2_ADV (Prop_mmcme2_adv_CLKIN1_CLKOUT0)
                                                     -3.163    -2.245 r  u_clk/inst/mmcm_adv_inst/CLKOUT0
                         net (fo=1, routed)           0.544    -1.702    u_clk/inst/clk_out1_clk_wiz_0
    BUFGCTRL_X0Y17       BUFG (Prop_bufg_I_O)         0.029    -1.673 r  u_clk/inst/clkout1_buf/O
                         net (fo=152, routed)         0.838    -0.835    u_vga/clk25
    SLICE_X8Y111         FDCE                                         r  u_vga/h_cnt_reg[3]/C
                         clock pessimism              0.238    -0.597    
    SLICE_X8Y111         FDCE (Hold_fdce_C_D)         0.131    -0.466    u_vga/h_cnt_reg[3]
  -------------------------------------------------------------------
                         required time                          0.466    
                         arrival time                          -0.204    
  -------------------------------------------------------------------
                         slack                                  0.262    

Slack (MET) :             0.264ns  (arrival time - required time)
  Source:                 u_vga/v_cnt_reg[9]/C
                            (rising edge-triggered cell FDCE clocked by clk_out1_clk_wiz_0_1  {rise@0.000ns fall@20.000ns period=40.000ns})
  Destination:            u_vga/v_cnt_reg[9]/D
                            (rising edge-triggered cell FDCE clocked by clk_out1_clk_wiz_0_1  {rise@0.000ns fall@20.000ns period=40.000ns})
  Path Group:             clk_out1_clk_wiz_0_1
  Path Type:              Hold (Min at Fast Process Corner)
  Requirement:            0.000ns  (clk_out1_clk_wiz_0_1 rise@0.000ns - clk_out1_clk_wiz_0_1 rise@0.000ns)
  Data Path Delay:        0.384ns  (logic 0.209ns (54.384%)  route 0.175ns (45.616%))
  Logic Levels:           1  (LUT6=1)
  Clock Path Skew:        0.000ns (DCD - SCD - CPR)
    Destination Clock Delay (DCD):    -0.834ns
    Source Clock Delay      (SCD):    -0.596ns
    Clock Pessimism Removal (CPR):    -0.238ns

    Location             Delay type                Incr(ns)  Path(ns)    Netlist Resource(s)
  -------------------------------------------------------------------    -------------------
                         (clock clk_out1_clk_wiz_0_1 rise edge)
                                                      0.000     0.000 r  
    E3                                                0.000     0.000 r  CLK100MHZ (IN)
                         net (fo=0)                   0.000     0.000    u_clk/inst/clk_in1
    E3                   IBUF (Prop_ibuf_I_O)         0.250     0.250 r  u_clk/inst/clkin1_ibufg/O
                         net (fo=1, routed)           0.440     0.690    u_clk/inst/clk_in1_clk_wiz_0
    MMCME2_ADV_X1Y2      MMCME2_ADV (Prop_mmcme2_adv_CLKIN1_CLKOUT0)
                                                     -2.379    -1.689 r  u_clk/inst/mmcm_adv_inst/CLKOUT0
                         net (fo=1, routed)           0.499    -1.190    u_clk/inst/clk_out1_clk_wiz_0
    BUFGCTRL_X0Y17       BUFG (Prop_bufg_I_O)         0.026    -1.164 r  u_clk/inst/clkout1_buf/O
                         net (fo=152, routed)         0.568    -0.596    u_vga/clk25
    SLICE_X10Y108        FDCE                                         r  u_vga/v_cnt_reg[9]/C
  -------------------------------------------------------------------    -------------------
    SLICE_X10Y108        FDCE (Prop_fdce_C_Q)         0.164    -0.432 r  u_vga/v_cnt_reg[9]/Q
                         net (fo=10, routed)          0.175    -0.257    u_vga/y[9]
    SLICE_X10Y108        LUT6 (Prop_lut6_I4_O)        0.045    -0.212 r  u_vga/v_cnt[9]_i_2/O
                         net (fo=1, routed)           0.000    -0.212    u_vga/v_cnt[9]
    SLICE_X10Y108        FDCE                                         r  u_vga/v_cnt_reg[9]/D
  -------------------------------------------------------------------    -------------------

                         (clock clk_out1_clk_wiz_0_1 rise edge)
                                                      0.000     0.000 r  
    E3                                                0.000     0.000 r  CLK100MHZ (IN)
                         net (fo=0)                   0.000     0.000    u_clk/inst/clk_in1
    E3                   IBUF (Prop_ibuf_I_O)         0.438     0.438 r  u_clk/inst/clkin1_ibufg/O
                         net (fo=1, routed)           0.480     0.918    u_clk/inst/clk_in1_clk_wiz_0
    MMCME2_ADV_X1Y2      MMCME2_ADV (Prop_mmcme2_adv_CLKIN1_CLKOUT0)
                                                     -3.163    -2.245 r  u_clk/inst/mmcm_adv_inst/CLKOUT0
                         net (fo=1, routed)           0.544    -1.702    u_clk/inst/clk_out1_clk_wiz_0
    BUFGCTRL_X0Y17       BUFG (Prop_bufg_I_O)         0.029    -1.673 r  u_clk/inst/clkout1_buf/O
                         net (fo=152, routed)         0.839    -0.834    u_vga/clk25
    SLICE_X10Y108        FDCE                                         r  u_vga/v_cnt_reg[9]/C
                         clock pessimism              0.238    -0.596    
    SLICE_X10Y108        FDCE (Hold_fdce_C_D)         0.120    -0.476    u_vga/v_cnt_reg[9]
  -------------------------------------------------------------------
                         required time                          0.476    
                         arrival time                          -0.212    
  -------------------------------------------------------------------
                         slack                                  0.264    





Pulse Width Checks
--------------------------------------------------------------------------------------
Clock Name:         clk_out1_clk_wiz_0_1
Waveform(ns):       { 0.000 20.000 }
Period(ns):         40.000
Sources:            { u_clk/inst/mmcm_adv_inst/CLKOUT0 }

Check Type        Corner  Lib Pin             Reference Pin  Required(ns)  Actual(ns)  Slack(ns)  Location         Pin
Min Period        n/a     RAMB36E1/CLKBWRCLK  n/a            2.892         40.000      37.108     RAMB36_X1Y8      <hidden>
Min Period        n/a     RAMB36E1/CLKBWRCLK  n/a            2.892         40.000      37.108     RAMB36_X1Y9      <hidden>
Min Period        n/a     RAMB36E1/CLKBWRCLK  n/a            2.892         40.000      37.108     RAMB36_X2Y9      <hidden>
Min Period        n/a     RAMB36E1/CLKBWRCLK  n/a            2.892         40.000      37.108     RAMB36_X2Y10     <hidden>
Min Period        n/a     RAMB36E1/CLKBWRCLK  n/a            2.892         40.000      37.108     RAMB36_X2Y13     <hidden>
Min Period        n/a     RAMB36E1/CLKBWRCLK  n/a            2.892         40.000      37.108     RAMB36_X2Y14     <hidden>
Min Period        n/a     RAMB36E1/CLKBWRCLK  n/a            2.892         40.000      37.108     RAMB36_X3Y12     <hidden>
Min Period        n/a     RAMB36E1/CLKBWRCLK  n/a            2.892         40.000      37.108     RAMB36_X3Y13     <hidden>
Min Period        n/a     RAMB36E1/CLKBWRCLK  n/a            2.892         40.000      37.108     RAMB36_X1Y6      <hidden>
Min Period        n/a     RAMB36E1/CLKBWRCLK  n/a            2.892         40.000      37.108     RAMB36_X1Y7      <hidden>
Max Period        n/a     MMCME2_ADV/CLKOUT0  n/a            213.360       40.000      173.360    MMCME2_ADV_X1Y2  u_clk/inst/mmcm_adv_inst/CLKOUT0
Low Pulse Width   Slow    FDRE/C              n/a            0.500         20.000      19.500     SLICE_X72Y79     VGA_B_reg[0]/C
Low Pulse Width   Fast    FDRE/C              n/a            0.500         20.000      19.500     SLICE_X72Y79     VGA_B_reg[0]/C
Low Pulse Width   Slow    FDRE/C              n/a            0.500         20.000      19.500     SLICE_X62Y79     VGA_B_reg[1]/C
Low Pulse Width   Fast    FDRE/C              n/a            0.500         20.000      19.500     SLICE_X62Y79     VGA_B_reg[1]/C
Low Pulse Width   Slow    FDRE/C              n/a            0.500         20.000      19.500     SLICE_X72Y79     VGA_B_reg[2]/C
Low Pulse Width   Fast    FDRE/C              n/a            0.500         20.000      19.500     SLICE_X72Y79     VGA_B_reg[2]/C
Low Pulse Width   Slow    FDRE/C              n/a            0.500         20.000      19.500     SLICE_X64Y119    VGA_B_reg[3]/C
Low Pulse Width   Fast    FDRE/C              n/a            0.500         20.000      19.500     SLICE_X64Y119    VGA_B_reg[3]/C
Low Pulse Width   Slow    FDRE/C              n/a            0.500         20.000      19.500     SLICE_X65Y119    VGA_G_reg[0]/C
Low Pulse Width   Fast    FDRE/C              n/a            0.500         20.000      19.500     SLICE_X65Y119    VGA_G_reg[0]/C
High Pulse Width  Slow    FDRE/C              n/a            0.500         20.000      19.500     SLICE_X72Y79     VGA_B_reg[0]/C
High Pulse Width  Fast    FDRE/C              n/a            0.500         20.000      19.500     SLICE_X72Y79     VGA_B_reg[0]/C
High Pulse Width  Slow    FDRE/C              n/a            0.500         20.000      19.500     SLICE_X62Y79     VGA_B_reg[1]/C
High Pulse Width  Fast    FDRE/C              n/a            0.500         20.000      19.500     SLICE_X62Y79     VGA_B_reg[1]/C
High Pulse Width  Slow    FDRE/C              n/a            0.500         20.000      19.500     SLICE_X72Y79     VGA_B_reg[2]/C
High Pulse Width  Fast    FDRE/C              n/a            0.500         20.000      19.500     SLICE_X72Y79     VGA_B_reg[2]/C
High Pulse Width  Slow    FDRE/C              n/a            0.500         20.000      19.500     SLICE_X64Y119    VGA_B_reg[3]/C
High Pulse Width  Fast    FDRE/C              n/a            0.500         20.000      19.500     SLICE_X64Y119    VGA_B_reg[3]/C
High Pulse Width  Slow    FDRE/C              n/a            0.500         20.000      19.500     SLICE_X65Y119    VGA_G_reg[0]/C
High Pulse Width  Fast    FDRE/C              n/a            0.500         20.000      19.500     SLICE_X65Y119    VGA_G_reg[0]/C



---------------------------------------------------------------------------------------------------
From Clock:  clk_out2_clk_wiz_0_1
  To Clock:  clk_out2_clk_wiz_0_1

Setup :           NA  Failing Endpoints,  Worst Slack           NA  ,  Total Violation           NA
Hold  :           NA  Failing Endpoints,  Worst Slack           NA  ,  Total Violation           NA
PW    :            0  Failing Endpoints,  Worst Slack       39.511ns,  Total Violation        0.000ns
---------------------------------------------------------------------------------------------------


Pulse Width Checks
--------------------------------------------------------------------------------------
Clock Name:         clk_out2_clk_wiz_0_1
Waveform(ns):       { 0.000 20.833 }
Period(ns):         41.667
Sources:            { u_clk/inst/mmcm_adv_inst/CLKOUT1 }

Check Type  Corner  Lib Pin             Reference Pin  Required(ns)  Actual(ns)  Slack(ns)  Location         Pin
Min Period  n/a     BUFG/I              n/a            2.155         41.667      39.511     BUFGCTRL_X0Y16   u_clk/inst/clkout2_buf/I
Min Period  n/a     MMCME2_ADV/CLKOUT1  n/a            1.249         41.667      40.418     MMCME2_ADV_X1Y2  u_clk/inst/mmcm_adv_inst/CLKOUT1
Max Period  n/a     MMCME2_ADV/CLKOUT1  n/a            213.360       41.667      171.693    MMCME2_ADV_X1Y2  u_clk/inst/mmcm_adv_inst/CLKOUT1



---------------------------------------------------------------------------------------------------
From Clock:  clkfbout_clk_wiz_0_1
  To Clock:  clkfbout_clk_wiz_0_1

Setup :           NA  Failing Endpoints,  Worst Slack           NA  ,  Total Violation           NA
Hold  :           NA  Failing Endpoints,  Worst Slack           NA  ,  Total Violation           NA
PW    :            0  Failing Endpoints,  Worst Slack        7.845ns,  Total Violation        0.000ns
---------------------------------------------------------------------------------------------------


Pulse Width Checks
--------------------------------------------------------------------------------------
Clock Name:         clkfbout_clk_wiz_0_1
Waveform(ns):       { 0.000 5.000 }
Period(ns):         10.000
Sources:            { u_clk/inst/mmcm_adv_inst/CLKFBOUT }

Check Type  Corner  Lib Pin              Reference Pin  Required(ns)  Actual(ns)  Slack(ns)  Location         Pin
Min Period  n/a     BUFG/I               n/a            2.155         10.000      7.845      BUFGCTRL_X0Y18   u_clk/inst/clkf_buf/I
Min Period  n/a     MMCME2_ADV/CLKFBOUT  n/a            1.249         10.000      8.751      MMCME2_ADV_X1Y2  u_clk/inst/mmcm_adv_inst/CLKFBOUT
Min Period  n/a     MMCME2_ADV/CLKFBIN   n/a            1.249         10.000      8.751      MMCME2_ADV_X1Y2  u_clk/inst/mmcm_adv_inst/CLKFBIN
Max Period  n/a     MMCME2_ADV/CLKFBIN   n/a            100.000       10.000      90.000     MMCME2_ADV_X1Y2  u_clk/inst/mmcm_adv_inst/CLKFBIN
Max Period  n/a     MMCME2_ADV/CLKFBOUT  n/a            213.360       10.000      203.360    MMCME2_ADV_X1Y2  u_clk/inst/mmcm_adv_inst/CLKFBOUT



---------------------------------------------------------------------------------------------------
From Clock:  clk_out1_clk_wiz_0_1
  To Clock:  clk_out1_clk_wiz_0

Setup :            0  Failing Endpoints,  Worst Slack       18.236ns,  Total Violation        0.000ns
Hold  :            0  Failing Endpoints,  Worst Slack        0.091ns,  Total Violation        0.000ns
---------------------------------------------------------------------------------------------------


Max Delay Paths
--------------------------------------------------------------------------------------
Slack (MET) :             18.236ns  (required time - arrival time)
  Source:                 u_vga/v_cnt_reg[4]/C
                            (rising edge-triggered cell FDCE clocked by clk_out1_clk_wiz_0_1  {rise@0.000ns fall@20.000ns period=40.000ns})
  Destination:            <hidden>
                            (rising edge-triggered cell RAMB36E1 clocked by clk_out1_clk_wiz_0  {rise@0.000ns fall@20.000ns period=40.000ns})
  Path Group:             clk_out1_clk_wiz_0
  Path Type:              Setup (Max at Slow Process Corner)
  Requirement:            40.000ns  (clk_out1_clk_wiz_0 rise@40.000ns - clk_out1_clk_wiz_0_1 rise@0.000ns)
  Data Path Delay:        21.337ns  (logic 4.738ns (22.206%)  route 16.599ns (77.794%))
  Logic Levels:           3  (DSP48E1=1 LUT3=1 LUT5=1)
  Clock Path Skew:        0.122ns (DCD - SCD + CPR)
    Destination Clock Delay (DCD):    -1.268ns = ( 38.732 - 40.000 ) 
    Source Clock Delay      (SCD):    -0.910ns
    Clock Pessimism Removal (CPR):    0.480ns
  Clock Uncertainty:      0.106ns  ((TSJ^2 + DJ^2)^1/2) / 2 + PE
    Total System Jitter     (TSJ):    0.071ns
    Discrete Jitter          (DJ):    0.200ns
    Phase Error              (PE):    0.000ns
  Clock Domain Crossing:  Inter clock paths are considered valid unless explicitly excluded by timing constraints such as set_clock_groups or set_false_path.

    Location             Delay type                Incr(ns)  Path(ns)    Netlist Resource(s)
  -------------------------------------------------------------------    -------------------
                         (clock clk_out1_clk_wiz_0_1 rise edge)
                                                      0.000     0.000 r  
    E3                                                0.000     0.000 r  CLK100MHZ (IN)
                         net (fo=0)                   0.000     0.000    u_clk/inst/clk_in1
    E3                   IBUF (Prop_ibuf_I_O)         1.482     1.482 r  u_clk/inst/clkin1_ibufg/O
                         net (fo=1, routed)           1.233     2.715    u_clk/inst/clk_in1_clk_wiz_0
    MMCME2_ADV_X1Y2      MMCME2_ADV (Prop_mmcme2_adv_CLKIN1_CLKOUT0)
                                                     -7.070    -4.355 r  u_clk/inst/mmcm_adv_inst/CLKOUT0
                         net (fo=1, routed)           1.719    -2.636    u_clk/inst/clk_out1_clk_wiz_0
    BUFGCTRL_X0Y17       BUFG (Prop_bufg_I_O)         0.096    -2.540 r  u_clk/inst/clkout1_buf/O
                         net (fo=152, routed)         1.630    -0.910    u_vga/clk25
    SLICE_X10Y108        FDCE                                         r  u_vga/v_cnt_reg[4]/C
  -------------------------------------------------------------------    -------------------
    SLICE_X10Y108        FDCE (Prop_fdce_C_Q)         0.478    -0.432 r  u_vga/v_cnt_reg[4]/Q
                         net (fo=13, routed)          1.349     0.917    y[4]
    DSP48_X0Y44          DSP48E1 (Prop_dsp48e1_A[4]_P[18])
                                                      4.012     4.929 f  tmp0/P[18]
                         net (fo=1, routed)           0.530     5.460    tmp0_n_87
    SLICE_X12Y113        LUT5 (Prop_lut5_I4_O)        0.124     5.584 f  u_fb_i_1/O
                         net (fo=82, routed)         12.506    18.089    <hidden>
    SLICE_X70Y55         LUT3 (Prop_lut3_I2_O)        0.124    18.213 r  <hidden>
                         net (fo=6, routed)           2.213    20.427    <hidden>
    RAMB36_X2Y4          RAMB36E1                                     r  <hidden>
  -------------------------------------------------------------------    -------------------

                         (clock clk_out1_clk_wiz_0 rise edge)
                                                     40.000    40.000 r  
    E3                                                0.000    40.000 r  CLK100MHZ (IN)
                         net (fo=0)                   0.000    40.000    u_clk/inst/clk_in1
    E3                   IBUF (Prop_ibuf_I_O)         1.411    41.411 r  u_clk/inst/clkin1_ibufg/O
                         net (fo=1, routed)           1.162    42.573    u_clk/inst/clk_in1_clk_wiz_0
    MMCME2_ADV_X1Y2      MMCME2_ADV (Prop_mmcme2_adv_CLKIN1_CLKOUT0)
                                                     -7.324    35.249 r  u_clk/inst/mmcm_adv_inst/CLKOUT0
                         net (fo=1, routed)           1.639    36.888    u_clk/inst/clk_out1_clk_wiz_0
    BUFGCTRL_X0Y17       BUFG (Prop_bufg_I_O)         0.091    36.979 r  u_clk/inst/clkout1_buf/O
                         net (fo=152, routed)         1.752    38.732    <hidden>
    RAMB36_X2Y4          RAMB36E1                                     r  <hidden>
                         clock pessimism              0.480    39.212    
                         clock uncertainty           -0.106    39.106    
    RAMB36_X2Y4          RAMB36E1 (Setup_ramb36e1_CLKBWRCLK_ENBWREN)
                                                     -0.443    38.663    <hidden>
  -------------------------------------------------------------------
                         required time                         38.663    
                         arrival time                         -20.427    
  -------------------------------------------------------------------
                         slack                                 18.236    

Slack (MET) :             18.541ns  (required time - arrival time)
  Source:                 u_vga/v_cnt_reg[4]/C
                            (rising edge-triggered cell FDCE clocked by clk_out1_clk_wiz_0_1  {rise@0.000ns fall@20.000ns period=40.000ns})
  Destination:            <hidden>
                            (rising edge-triggered cell RAMB36E1 clocked by clk_out1_clk_wiz_0  {rise@0.000ns fall@20.000ns period=40.000ns})
  Path Group:             clk_out1_clk_wiz_0
  Path Type:              Setup (Max at Slow Process Corner)
  Requirement:            40.000ns  (clk_out1_clk_wiz_0 rise@40.000ns - clk_out1_clk_wiz_0_1 rise@0.000ns)
  Data Path Delay:        20.981ns  (logic 4.738ns (22.582%)  route 16.243ns (77.418%))
  Logic Levels:           3  (DSP48E1=1 LUT3=1 LUT5=1)
  Clock Path Skew:        0.071ns (DCD - SCD + CPR)
    Destination Clock Delay (DCD):    -1.319ns = ( 38.681 - 40.000 ) 
    Source Clock Delay      (SCD):    -0.910ns
    Clock Pessimism Removal (CPR):    0.480ns
  Clock Uncertainty:      0.106ns  ((TSJ^2 + DJ^2)^1/2) / 2 + PE
    Total System Jitter     (TSJ):    0.071ns
    Discrete Jitter          (DJ):    0.200ns
    Phase Error              (PE):    0.000ns
  Clock Domain Crossing:  Inter clock paths are considered valid unless explicitly excluded by timing constraints such as set_clock_groups or set_false_path.

    Location             Delay type                Incr(ns)  Path(ns)    Netlist Resource(s)
  -------------------------------------------------------------------    -------------------
                         (clock clk_out1_clk_wiz_0_1 rise edge)
                                                      0.000     0.000 r  
    E3                                                0.000     0.000 r  CLK100MHZ (IN)
                         net (fo=0)                   0.000     0.000    u_clk/inst/clk_in1
    E3                   IBUF (Prop_ibuf_I_O)         1.482     1.482 r  u_clk/inst/clkin1_ibufg/O
                         net (fo=1, routed)           1.233     2.715    u_clk/inst/clk_in1_clk_wiz_0
    MMCME2_ADV_X1Y2      MMCME2_ADV (Prop_mmcme2_adv_CLKIN1_CLKOUT0)
                                                     -7.070    -4.355 r  u_clk/inst/mmcm_adv_inst/CLKOUT0
                         net (fo=1, routed)           1.719    -2.636    u_clk/inst/clk_out1_clk_wiz_0
    BUFGCTRL_X0Y17       BUFG (Prop_bufg_I_O)         0.096    -2.540 r  u_clk/inst/clkout1_buf/O
                         net (fo=152, routed)         1.630    -0.910    u_vga/clk25
    SLICE_X10Y108        FDCE                                         r  u_vga/v_cnt_reg[4]/C
  -------------------------------------------------------------------    -------------------
    SLICE_X10Y108        FDCE (Prop_fdce_C_Q)         0.478    -0.432 r  u_vga/v_cnt_reg[4]/Q
                         net (fo=13, routed)          1.349     0.917    y[4]
    DSP48_X0Y44          DSP48E1 (Prop_dsp48e1_A[4]_P[18])
                                                      4.012     4.929 f  tmp0/P[18]
                         net (fo=1, routed)           0.530     5.460    tmp0_n_87
    SLICE_X12Y113        LUT5 (Prop_lut5_I4_O)        0.124     5.584 f  u_fb_i_1/O
                         net (fo=82, routed)         12.506    18.089    <hidden>
    SLICE_X70Y55         LUT3 (Prop_lut3_I2_O)        0.124    18.213 r  <hidden>
                         net (fo=6, routed)           1.858    20.071    <hidden>
    RAMB36_X1Y6          RAMB36E1                                     r  <hidden>
  -------------------------------------------------------------------    -------------------

                         (clock clk_out1_clk_wiz_0 rise edge)
                                                     40.000    40.000 r  
    E3                                                0.000    40.000 r  CLK100MHZ (IN)
                         net (fo=0)                   0.000    40.000    u_clk/inst/clk_in1
    E3                   IBUF (Prop_ibuf_I_O)         1.411    41.411 r  u_clk/inst/clkin1_ibufg/O
                         net (fo=1, routed)           1.162    42.573    u_clk/inst/clk_in1_clk_wiz_0
    MMCME2_ADV_X1Y2      MMCME2_ADV (Prop_mmcme2_adv_CLKIN1_CLKOUT0)
                                                     -7.324    35.249 r  u_clk/inst/mmcm_adv_inst/CLKOUT0
                         net (fo=1, routed)           1.639    36.888    u_clk/inst/clk_out1_clk_wiz_0
    BUFGCTRL_X0Y17       BUFG (Prop_bufg_I_O)         0.091    36.979 r  u_clk/inst/clkout1_buf/O
                         net (fo=152, routed)         1.701    38.681    <hidden>
    RAMB36_X1Y6          RAMB36E1                                     r  <hidden>
                         clock pessimism              0.480    39.161    
                         clock uncertainty           -0.106    39.055    
    RAMB36_X1Y6          RAMB36E1 (Setup_ramb36e1_CLKBWRCLK_ENBWREN)
                                                     -0.443    38.612    <hidden>
  -------------------------------------------------------------------
                         required time                         38.612    
                         arrival time                         -20.071    
  -------------------------------------------------------------------
                         slack                                 18.541    

Slack (MET) :             18.601ns  (required time - arrival time)
  Source:                 u_vga/v_cnt_reg[4]/C
                            (rising edge-triggered cell FDCE clocked by clk_out1_clk_wiz_0_1  {rise@0.000ns fall@20.000ns period=40.000ns})
  Destination:            <hidden>
                            (rising edge-triggered cell RAMB36E1 clocked by clk_out1_clk_wiz_0  {rise@0.000ns fall@20.000ns period=40.000ns})
  Path Group:             clk_out1_clk_wiz_0
  Path Type:              Setup (Max at Slow Process Corner)
  Requirement:            40.000ns  (clk_out1_clk_wiz_0 rise@40.000ns - clk_out1_clk_wiz_0_1 rise@0.000ns)
  Data Path Delay:        20.966ns  (logic 4.738ns (22.599%)  route 16.228ns (77.401%))
  Logic Levels:           3  (DSP48E1=1 LUT3=1 LUT5=1)
  Clock Path Skew:        0.116ns (DCD - SCD + CPR)
    Destination Clock Delay (DCD):    -1.274ns = ( 38.726 - 40.000 ) 
    Source Clock Delay      (SCD):    -0.910ns
    Clock Pessimism Removal (CPR):    0.480ns
  Clock Uncertainty:      0.106ns  ((TSJ^2 + DJ^2)^1/2) / 2 + PE
    Total System Jitter     (TSJ):    0.071ns
    Discrete Jitter          (DJ):    0.200ns
    Phase Error              (PE):    0.000ns
  Clock Domain Crossing:  Inter clock paths are considered valid unless explicitly excluded by timing constraints such as set_clock_groups or set_false_path.

    Location             Delay type                Incr(ns)  Path(ns)    Netlist Resource(s)
  -------------------------------------------------------------------    -------------------
                         (clock clk_out1_clk_wiz_0_1 rise edge)
                                                      0.000     0.000 r  
    E3                                                0.000     0.000 r  CLK100MHZ (IN)
                         net (fo=0)                   0.000     0.000    u_clk/inst/clk_in1
    E3                   IBUF (Prop_ibuf_I_O)         1.482     1.482 r  u_clk/inst/clkin1_ibufg/O
                         net (fo=1, routed)           1.233     2.715    u_clk/inst/clk_in1_clk_wiz_0
    MMCME2_ADV_X1Y2      MMCME2_ADV (Prop_mmcme2_adv_CLKIN1_CLKOUT0)
                                                     -7.070    -4.355 r  u_clk/inst/mmcm_adv_inst/CLKOUT0
                         net (fo=1, routed)           1.719    -2.636    u_clk/inst/clk_out1_clk_wiz_0
    BUFGCTRL_X0Y17       BUFG (Prop_bufg_I_O)         0.096    -2.540 r  u_clk/inst/clkout1_buf/O
                         net (fo=152, routed)         1.630    -0.910    u_vga/clk25
    SLICE_X10Y108        FDCE                                         r  u_vga/v_cnt_reg[4]/C
  -------------------------------------------------------------------    -------------------
    SLICE_X10Y108        FDCE (Prop_fdce_C_Q)         0.478    -0.432 r  u_vga/v_cnt_reg[4]/Q
                         net (fo=13, routed)          1.349     0.917    y[4]
    DSP48_X0Y44          DSP48E1 (Prop_dsp48e1_A[4]_P[18])
                                                      4.012     4.929 f  tmp0/P[18]
                         net (fo=1, routed)           0.530     5.460    tmp0_n_87
    SLICE_X12Y113        LUT5 (Prop_lut5_I4_O)        0.124     5.584 f  u_fb_i_1/O
                         net (fo=82, routed)         12.506    18.089    <hidden>
    SLICE_X70Y55         LUT3 (Prop_lut3_I2_O)        0.124    18.213 r  <hidden>
                         net (fo=6, routed)           1.842    20.056    <hidden>
    RAMB36_X2Y5          RAMB36E1                                     r  <hidden>
  -------------------------------------------------------------------    -------------------

                         (clock clk_out1_clk_wiz_0 rise edge)
                                                     40.000    40.000 r  
    E3                                                0.000    40.000 r  CLK100MHZ (IN)
                         net (fo=0)                   0.000    40.000    u_clk/inst/clk_in1
    E3                   IBUF (Prop_ibuf_I_O)         1.411    41.411 r  u_clk/inst/clkin1_ibufg/O
                         net (fo=1, routed)           1.162    42.573    u_clk/inst/clk_in1_clk_wiz_0
    MMCME2_ADV_X1Y2      MMCME2_ADV (Prop_mmcme2_adv_CLKIN1_CLKOUT0)
                                                     -7.324    35.249 r  u_clk/inst/mmcm_adv_inst/CLKOUT0
                         net (fo=1, routed)           1.639    36.888    u_clk/inst/clk_out1_clk_wiz_0
    BUFGCTRL_X0Y17       BUFG (Prop_bufg_I_O)         0.091    36.979 r  u_clk/inst/clkout1_buf/O
                         net (fo=152, routed)         1.746    38.726    <hidden>
    RAMB36_X2Y5          RAMB36E1                                     r  <hidden>
                         clock pessimism              0.480    39.206    
                         clock uncertainty           -0.106    39.100    
    RAMB36_X2Y5          RAMB36E1 (Setup_ramb36e1_CLKBWRCLK_ENBWREN)
                                                     -0.443    38.657    <hidden>
  -------------------------------------------------------------------
                         required time                         38.657    
                         arrival time                         -20.056    
  -------------------------------------------------------------------
                         slack                                 18.601    

Slack (MET) :             18.889ns  (required time - arrival time)
  Source:                 u_vga/v_cnt_reg[4]/C
                            (rising edge-triggered cell FDCE clocked by clk_out1_clk_wiz_0_1  {rise@0.000ns fall@20.000ns period=40.000ns})
  Destination:            <hidden>
                            (rising edge-triggered cell RAMB36E1 clocked by clk_out1_clk_wiz_0  {rise@0.000ns fall@20.000ns period=40.000ns})
  Path Group:             clk_out1_clk_wiz_0
  Path Type:              Setup (Max at Slow Process Corner)
  Requirement:            40.000ns  (clk_out1_clk_wiz_0 rise@40.000ns - clk_out1_clk_wiz_0_1 rise@0.000ns)
  Data Path Delay:        20.639ns  (logic 4.738ns (22.957%)  route 15.901ns (77.043%))
  Logic Levels:           3  (DSP48E1=1 LUT3=1 LUT5=1)
  Clock Path Skew:        0.077ns (DCD - SCD + CPR)
    Destination Clock Delay (DCD):    -1.313ns = ( 38.687 - 40.000 ) 
    Source Clock Delay      (SCD):    -0.910ns
    Clock Pessimism Removal (CPR):    0.480ns
  Clock Uncertainty:      0.106ns  ((TSJ^2 + DJ^2)^1/2) / 2 + PE
    Total System Jitter     (TSJ):    0.071ns
    Discrete Jitter          (DJ):    0.200ns
    Phase Error              (PE):    0.000ns
  Clock Domain Crossing:  Inter clock paths are considered valid unless explicitly excluded by timing constraints such as set_clock_groups or set_false_path.

    Location             Delay type                Incr(ns)  Path(ns)    Netlist Resource(s)
  -------------------------------------------------------------------    -------------------
                         (clock clk_out1_clk_wiz_0_1 rise edge)
                                                      0.000     0.000 r  
    E3                                                0.000     0.000 r  CLK100MHZ (IN)
                         net (fo=0)                   0.000     0.000    u_clk/inst/clk_in1
    E3                   IBUF (Prop_ibuf_I_O)         1.482     1.482 r  u_clk/inst/clkin1_ibufg/O
                         net (fo=1, routed)           1.233     2.715    u_clk/inst/clk_in1_clk_wiz_0
    MMCME2_ADV_X1Y2      MMCME2_ADV (Prop_mmcme2_adv_CLKIN1_CLKOUT0)
                                                     -7.070    -4.355 r  u_clk/inst/mmcm_adv_inst/CLKOUT0
                         net (fo=1, routed)           1.719    -2.636    u_clk/inst/clk_out1_clk_wiz_0
    BUFGCTRL_X0Y17       BUFG (Prop_bufg_I_O)         0.096    -2.540 r  u_clk/inst/clkout1_buf/O
                         net (fo=152, routed)         1.630    -0.910    u_vga/clk25
    SLICE_X10Y108        FDCE                                         r  u_vga/v_cnt_reg[4]/C
  -------------------------------------------------------------------    -------------------
    SLICE_X10Y108        FDCE (Prop_fdce_C_Q)         0.478    -0.432 r  u_vga/v_cnt_reg[4]/Q
                         net (fo=13, routed)          1.349     0.917    y[4]
    DSP48_X0Y44          DSP48E1 (Prop_dsp48e1_A[4]_P[18])
                                                      4.012     4.929 f  tmp0/P[18]
                         net (fo=1, routed)           0.530     5.460    tmp0_n_87
    SLICE_X12Y113        LUT5 (Prop_lut5_I4_O)        0.124     5.584 f  u_fb_i_1/O
                         net (fo=82, routed)         12.506    18.089    <hidden>
    SLICE_X70Y55         LUT3 (Prop_lut3_I2_O)        0.124    18.213 r  <hidden>
                         net (fo=6, routed)           1.515    19.729    <hidden>
    RAMB36_X1Y7          RAMB36E1                                     r  <hidden>
  -------------------------------------------------------------------    -------------------

                         (clock clk_out1_clk_wiz_0 rise edge)
                                                     40.000    40.000 r  
    E3                                                0.000    40.000 r  CLK100MHZ (IN)
                         net (fo=0)                   0.000    40.000    u_clk/inst/clk_in1
    E3                   IBUF (Prop_ibuf_I_O)         1.411    41.411 r  u_clk/inst/clkin1_ibufg/O
                         net (fo=1, routed)           1.162    42.573    u_clk/inst/clk_in1_clk_wiz_0
    MMCME2_ADV_X1Y2      MMCME2_ADV (Prop_mmcme2_adv_CLKIN1_CLKOUT0)
                                                     -7.324    35.249 r  u_clk/inst/mmcm_adv_inst/CLKOUT0
                         net (fo=1, routed)           1.639    36.888    u_clk/inst/clk_out1_clk_wiz_0
    BUFGCTRL_X0Y17       BUFG (Prop_bufg_I_O)         0.091    36.979 r  u_clk/inst/clkout1_buf/O
                         net (fo=152, routed)         1.707    38.687    <hidden>
    RAMB36_X1Y7          RAMB36E1                                     r  <hidden>
                         clock pessimism              0.480    39.167    
                         clock uncertainty           -0.106    39.061    
    RAMB36_X1Y7          RAMB36E1 (Setup_ramb36e1_CLKBWRCLK_ENBWREN)
                                                     -0.443    38.618    <hidden>
  -------------------------------------------------------------------
                         required time                         38.618    
                         arrival time                         -19.729    
  -------------------------------------------------------------------
                         slack                                 18.889    

Slack (MET) :             19.013ns  (required time - arrival time)
  Source:                 u_vga/v_cnt_reg[4]/C
                            (rising edge-triggered cell FDCE clocked by clk_out1_clk_wiz_0_1  {rise@0.000ns fall@20.000ns period=40.000ns})
  Destination:            <hidden>
                            (rising edge-triggered cell RAMB36E1 clocked by clk_out1_clk_wiz_0  {rise@0.000ns fall@20.000ns period=40.000ns})
  Path Group:             clk_out1_clk_wiz_0
  Path Type:              Setup (Max at Slow Process Corner)
  Requirement:            40.000ns  (clk_out1_clk_wiz_0 rise@40.000ns - clk_out1_clk_wiz_0_1 rise@0.000ns)
  Data Path Delay:        20.560ns  (logic 4.738ns (23.044%)  route 15.822ns (76.956%))
  Logic Levels:           3  (DSP48E1=1 LUT3=1 LUT5=1)
  Clock Path Skew:        0.122ns (DCD - SCD + CPR)
    Destination Clock Delay (DCD):    -1.268ns = ( 38.732 - 40.000 ) 
    Source Clock Delay      (SCD):    -0.910ns
    Clock Pessimism Removal (CPR):    0.480ns
  Clock Uncertainty:      0.106ns  ((TSJ^2 + DJ^2)^1/2) / 2 + PE
    Total System Jitter     (TSJ):    0.071ns
    Discrete Jitter          (DJ):    0.200ns
    Phase Error              (PE):    0.000ns
  Clock Domain Crossing:  Inter clock paths are considered valid unless explicitly excluded by timing constraints such as set_clock_groups or set_false_path.

    Location             Delay type                Incr(ns)  Path(ns)    Netlist Resource(s)
  -------------------------------------------------------------------    -------------------
                         (clock clk_out1_clk_wiz_0_1 rise edge)
                                                      0.000     0.000 r  
    E3                                                0.000     0.000 r  CLK100MHZ (IN)
                         net (fo=0)                   0.000     0.000    u_clk/inst/clk_in1
    E3                   IBUF (Prop_ibuf_I_O)         1.482     1.482 r  u_clk/inst/clkin1_ibufg/O
                         net (fo=1, routed)           1.233     2.715    u_clk/inst/clk_in1_clk_wiz_0
    MMCME2_ADV_X1Y2      MMCME2_ADV (Prop_mmcme2_adv_CLKIN1_CLKOUT0)
                                                     -7.070    -4.355 r  u_clk/inst/mmcm_adv_inst/CLKOUT0
                         net (fo=1, routed)           1.719    -2.636    u_clk/inst/clk_out1_clk_wiz_0
    BUFGCTRL_X0Y17       BUFG (Prop_bufg_I_O)         0.096    -2.540 r  u_clk/inst/clkout1_buf/O
                         net (fo=152, routed)         1.630    -0.910    u_vga/clk25
    SLICE_X10Y108        FDCE                                         r  u_vga/v_cnt_reg[4]/C
  -------------------------------------------------------------------    -------------------
    SLICE_X10Y108        FDCE (Prop_fdce_C_Q)         0.478    -0.432 r  u_vga/v_cnt_reg[4]/Q
                         net (fo=13, routed)          1.349     0.917    y[4]
    DSP48_X0Y44          DSP48E1 (Prop_dsp48e1_A[4]_P[18])
                                                      4.012     4.929 f  tmp0/P[18]
                         net (fo=1, routed)           0.530     5.460    tmp0_n_87
    SLICE_X12Y113        LUT5 (Prop_lut5_I4_O)        0.124     5.584 f  u_fb_i_1/O
                         net (fo=82, routed)         12.506    18.089    <hidden>
    SLICE_X70Y55         LUT3 (Prop_lut3_I2_O)        0.124    18.213 r  <hidden>
                         net (fo=6, routed)           1.437    19.650    <hidden>
    RAMB36_X2Y6          RAMB36E1                                     r  <hidden>
  -------------------------------------------------------------------    -------------------

                         (clock clk_out1_clk_wiz_0 rise edge)
                                                     40.000    40.000 r  
    E3                                                0.000    40.000 r  CLK100MHZ (IN)
                         net (fo=0)                   0.000    40.000    u_clk/inst/clk_in1
    E3                   IBUF (Prop_ibuf_I_O)         1.411    41.411 r  u_clk/inst/clkin1_ibufg/O
                         net (fo=1, routed)           1.162    42.573    u_clk/inst/clk_in1_clk_wiz_0
    MMCME2_ADV_X1Y2      MMCME2_ADV (Prop_mmcme2_adv_CLKIN1_CLKOUT0)
                                                     -7.324    35.249 r  u_clk/inst/mmcm_adv_inst/CLKOUT0
                         net (fo=1, routed)           1.639    36.888    u_clk/inst/clk_out1_clk_wiz_0
    BUFGCTRL_X0Y17       BUFG (Prop_bufg_I_O)         0.091    36.979 r  u_clk/inst/clkout1_buf/O
                         net (fo=152, routed)         1.752    38.732    <hidden>
    RAMB36_X2Y6          RAMB36E1                                     r  <hidden>
                         clock pessimism              0.480    39.212    
                         clock uncertainty           -0.106    39.106    
    RAMB36_X2Y6          RAMB36E1 (Setup_ramb36e1_CLKBWRCLK_ENBWREN)
                                                     -0.443    38.663    <hidden>
  -------------------------------------------------------------------
                         required time                         38.663    
                         arrival time                         -19.650    
  -------------------------------------------------------------------
                         slack                                 19.013    

Slack (MET) :             19.356ns  (required time - arrival time)
  Source:                 u_vga/v_cnt_reg[4]/C
                            (rising edge-triggered cell FDCE clocked by clk_out1_clk_wiz_0_1  {rise@0.000ns fall@20.000ns period=40.000ns})
  Destination:            <hidden>
                            (rising edge-triggered cell RAMB36E1 clocked by clk_out1_clk_wiz_0  {rise@0.000ns fall@20.000ns period=40.000ns})
  Path Group:             clk_out1_clk_wiz_0
  Path Type:              Setup (Max at Slow Process Corner)
  Requirement:            40.000ns  (clk_out1_clk_wiz_0 rise@40.000ns - clk_out1_clk_wiz_0_1 rise@0.000ns)
  Data Path Delay:        20.229ns  (logic 4.738ns (23.422%)  route 15.491ns (76.578%))
  Logic Levels:           3  (DSP48E1=1 LUT5=2)
  Clock Path Skew:        0.134ns (DCD - SCD + CPR)
    Destination Clock Delay (DCD):    -1.264ns = ( 38.736 - 40.000 ) 
    Source Clock Delay      (SCD):    -0.910ns
    Clock Pessimism Removal (CPR):    0.488ns
  Clock Uncertainty:      0.106ns  ((TSJ^2 + DJ^2)^1/2) / 2 + PE
    Total System Jitter     (TSJ):    0.071ns
    Discrete Jitter          (DJ):    0.200ns
    Phase Error              (PE):    0.000ns
  Clock Domain Crossing:  Inter clock paths are considered valid unless explicitly excluded by timing constraints such as set_clock_groups or set_false_path.

    Location             Delay type                Incr(ns)  Path(ns)    Netlist Resource(s)
  -------------------------------------------------------------------    -------------------
                         (clock clk_out1_clk_wiz_0_1 rise edge)
                                                      0.000     0.000 r  
    E3                                                0.000     0.000 r  CLK100MHZ (IN)
                         net (fo=0)                   0.000     0.000    u_clk/inst/clk_in1
    E3                   IBUF (Prop_ibuf_I_O)         1.482     1.482 r  u_clk/inst/clkin1_ibufg/O
                         net (fo=1, routed)           1.233     2.715    u_clk/inst/clk_in1_clk_wiz_0
    MMCME2_ADV_X1Y2      MMCME2_ADV (Prop_mmcme2_adv_CLKIN1_CLKOUT0)
                                                     -7.070    -4.355 r  u_clk/inst/mmcm_adv_inst/CLKOUT0
                         net (fo=1, routed)           1.719    -2.636    u_clk/inst/clk_out1_clk_wiz_0
    BUFGCTRL_X0Y17       BUFG (Prop_bufg_I_O)         0.096    -2.540 r  u_clk/inst/clkout1_buf/O
                         net (fo=152, routed)         1.630    -0.910    u_vga/clk25
    SLICE_X10Y108        FDCE                                         r  u_vga/v_cnt_reg[4]/C
  -------------------------------------------------------------------    -------------------
    SLICE_X10Y108        FDCE (Prop_fdce_C_Q)         0.478    -0.432 r  u_vga/v_cnt_reg[4]/Q
                         net (fo=13, routed)          1.349     0.917    y[4]
    DSP48_X0Y44          DSP48E1 (Prop_dsp48e1_A[4]_P[15])
                                                      4.012     4.929 f  tmp0/P[15]
                         net (fo=1, routed)           0.523     5.453    tmp0_n_90
    SLICE_X12Y113        LUT5 (Prop_lut5_I4_O)        0.124     5.577 f  u_fb_i_4/O
                         net (fo=102, routed)        12.045    17.622    <hidden>
    SLICE_X72Y173        LUT5 (Prop_lut5_I0_O)        0.124    17.746 r  <hidden>
                         net (fo=1, routed)           1.573    19.319    <hidden>
    RAMB36_X2Y39         RAMB36E1                                     r  <hidden>
  -------------------------------------------------------------------    -------------------

                         (clock clk_out1_clk_wiz_0 rise edge)
                                                     40.000    40.000 r  
    E3                                                0.000    40.000 r  CLK100MHZ (IN)
                         net (fo=0)                   0.000    40.000    u_clk/inst/clk_in1
    E3                   IBUF (Prop_ibuf_I_O)         1.411    41.411 r  u_clk/inst/clkin1_ibufg/O
                         net (fo=1, routed)           1.162    42.573    u_clk/inst/clk_in1_clk_wiz_0
    MMCME2_ADV_X1Y2      MMCME2_ADV (Prop_mmcme2_adv_CLKIN1_CLKOUT0)
                                                     -7.324    35.249 r  u_clk/inst/mmcm_adv_inst/CLKOUT0
                         net (fo=1, routed)           1.639    36.888    u_clk/inst/clk_out1_clk_wiz_0
    BUFGCTRL_X0Y17       BUFG (Prop_bufg_I_O)         0.091    36.979 r  u_clk/inst/clkout1_buf/O
                         net (fo=152, routed)         1.756    38.736    <hidden>
    RAMB36_X2Y39         RAMB36E1                                     r  <hidden>
                         clock pessimism              0.488    39.224    
                         clock uncertainty           -0.106    39.118    
    RAMB36_X2Y39         RAMB36E1 (Setup_ramb36e1_CLKBWRCLK_ENBWREN)
                                                     -0.443    38.675    <hidden>
  -------------------------------------------------------------------
                         required time                         38.675    
                         arrival time                         -19.319    
  -------------------------------------------------------------------
                         slack                                 19.356    

Slack (MET) :             19.368ns  (required time - arrival time)
  Source:                 u_vga/v_cnt_reg[4]/C
                            (rising edge-triggered cell FDCE clocked by clk_out1_clk_wiz_0_1  {rise@0.000ns fall@20.000ns period=40.000ns})
  Destination:            <hidden>
                            (rising edge-triggered cell RAMB36E1 clocked by clk_out1_clk_wiz_0  {rise@0.000ns fall@20.000ns period=40.000ns})
  Path Group:             clk_out1_clk_wiz_0
  Path Type:              Setup (Max at Slow Process Corner)
  Requirement:            40.000ns  (clk_out1_clk_wiz_0 rise@40.000ns - clk_out1_clk_wiz_0_1 rise@0.000ns)
  Data Path Delay:        20.211ns  (logic 4.738ns (23.443%)  route 15.473ns (76.557%))
  Logic Levels:           3  (DSP48E1=1 LUT3=1 LUT5=1)
  Clock Path Skew:        0.128ns (DCD - SCD + CPR)
    Destination Clock Delay (DCD):    -1.262ns = ( 38.738 - 40.000 ) 
    Source Clock Delay      (SCD):    -0.910ns
    Clock Pessimism Removal (CPR):    0.480ns
  Clock Uncertainty:      0.106ns  ((TSJ^2 + DJ^2)^1/2) / 2 + PE
    Total System Jitter     (TSJ):    0.071ns
    Discrete Jitter          (DJ):    0.200ns
    Phase Error              (PE):    0.000ns
  Clock Domain Crossing:  Inter clock paths are considered valid unless explicitly excluded by timing constraints such as set_clock_groups or set_false_path.

    Location             Delay type                Incr(ns)  Path(ns)    Netlist Resource(s)
  -------------------------------------------------------------------    -------------------
                         (clock clk_out1_clk_wiz_0_1 rise edge)
                                                      0.000     0.000 r  
    E3                                                0.000     0.000 r  CLK100MHZ (IN)
                         net (fo=0)                   0.000     0.000    u_clk/inst/clk_in1
    E3                   IBUF (Prop_ibuf_I_O)         1.482     1.482 r  u_clk/inst/clkin1_ibufg/O
                         net (fo=1, routed)           1.233     2.715    u_clk/inst/clk_in1_clk_wiz_0
    MMCME2_ADV_X1Y2      MMCME2_ADV (Prop_mmcme2_adv_CLKIN1_CLKOUT0)
                                                     -7.070    -4.355 r  u_clk/inst/mmcm_adv_inst/CLKOUT0
                         net (fo=1, routed)           1.719    -2.636    u_clk/inst/clk_out1_clk_wiz_0
    BUFGCTRL_X0Y17       BUFG (Prop_bufg_I_O)         0.096    -2.540 r  u_clk/inst/clkout1_buf/O
                         net (fo=152, routed)         1.630    -0.910    u_vga/clk25
    SLICE_X10Y108        FDCE                                         r  u_vga/v_cnt_reg[4]/C
  -------------------------------------------------------------------    -------------------
    SLICE_X10Y108        FDCE (Prop_fdce_C_Q)         0.478    -0.432 r  u_vga/v_cnt_reg[4]/Q
                         net (fo=13, routed)          1.349     0.917    y[4]
    DSP48_X0Y44          DSP48E1 (Prop_dsp48e1_A[4]_P[18])
                                                      4.012     4.929 f  tmp0/P[18]
                         net (fo=1, routed)           0.530     5.460    tmp0_n_87
    SLICE_X12Y113        LUT5 (Prop_lut5_I4_O)        0.124     5.584 f  u_fb_i_1/O
                         net (fo=82, routed)         12.506    18.089    <hidden>
    SLICE_X70Y55         LUT3 (Prop_lut3_I2_O)        0.124    18.213 r  <hidden>
                         net (fo=6, routed)           1.087    19.301    <hidden>
    RAMB36_X2Y7          RAMB36E1                                     r  <hidden>
  -------------------------------------------------------------------    -------------------

                         (clock clk_out1_clk_wiz_0 rise edge)
                                                     40.000    40.000 r  
    E3                                                0.000    40.000 r  CLK100MHZ (IN)
                         net (fo=0)                   0.000    40.000    u_clk/inst/clk_in1
    E3                   IBUF (Prop_ibuf_I_O)         1.411    41.411 r  u_clk/inst/clkin1_ibufg/O
                         net (fo=1, routed)           1.162    42.573    u_clk/inst/clk_in1_clk_wiz_0
    MMCME2_ADV_X1Y2      MMCME2_ADV (Prop_mmcme2_adv_CLKIN1_CLKOUT0)
                                                     -7.324    35.249 r  u_clk/inst/mmcm_adv_inst/CLKOUT0
                         net (fo=1, routed)           1.639    36.888    u_clk/inst/clk_out1_clk_wiz_0
    BUFGCTRL_X0Y17       BUFG (Prop_bufg_I_O)         0.091    36.979 r  u_clk/inst/clkout1_buf/O
                         net (fo=152, routed)         1.758    38.738    <hidden>
    RAMB36_X2Y7          RAMB36E1                                     r  <hidden>
                         clock pessimism              0.480    39.218    
                         clock uncertainty           -0.106    39.112    
    RAMB36_X2Y7          RAMB36E1 (Setup_ramb36e1_CLKBWRCLK_ENBWREN)
                                                     -0.443    38.669    <hidden>
  -------------------------------------------------------------------
                         required time                         38.669    
                         arrival time                         -19.301    
  -------------------------------------------------------------------
                         slack                                 19.368    

Slack (MET) :             19.496ns  (required time - arrival time)
  Source:                 u_vga/v_cnt_reg[4]/C
                            (rising edge-triggered cell FDCE clocked by clk_out1_clk_wiz_0_1  {rise@0.000ns fall@20.000ns period=40.000ns})
  Destination:            <hidden>
                            (rising edge-triggered cell RAMB36E1 clocked by clk_out1_clk_wiz_0  {rise@0.000ns fall@20.000ns period=40.000ns})
  Path Group:             clk_out1_clk_wiz_0
  Path Type:              Setup (Max at Slow Process Corner)
  Requirement:            40.000ns  (clk_out1_clk_wiz_0 rise@40.000ns - clk_out1_clk_wiz_0_1 rise@0.000ns)
  Data Path Delay:        19.965ns  (logic 4.738ns (23.732%)  route 15.227ns (76.268%))
  Logic Levels:           3  (DSP48E1=1 LUT3=1 LUT5=1)
  Clock Path Skew:        0.011ns (DCD - SCD + CPR)
    Destination Clock Delay (DCD):    -1.380ns = ( 38.620 - 40.000 ) 
    Source Clock Delay      (SCD):    -0.910ns
    Clock Pessimism Removal (CPR):    0.480ns
  Clock Uncertainty:      0.106ns  ((TSJ^2 + DJ^2)^1/2) / 2 + PE
    Total System Jitter     (TSJ):    0.071ns
    Discrete Jitter          (DJ):    0.200ns
    Phase Error              (PE):    0.000ns
  Clock Domain Crossing:  Inter clock paths are considered valid unless explicitly excluded by timing constraints such as set_clock_groups or set_false_path.

    Location             Delay type                Incr(ns)  Path(ns)    Netlist Resource(s)
  -------------------------------------------------------------------    -------------------
                         (clock clk_out1_clk_wiz_0_1 rise edge)
                                                      0.000     0.000 r  
    E3                                                0.000     0.000 r  CLK100MHZ (IN)
                         net (fo=0)                   0.000     0.000    u_clk/inst/clk_in1
    E3                   IBUF (Prop_ibuf_I_O)         1.482     1.482 r  u_clk/inst/clkin1_ibufg/O
                         net (fo=1, routed)           1.233     2.715    u_clk/inst/clk_in1_clk_wiz_0
    MMCME2_ADV_X1Y2      MMCME2_ADV (Prop_mmcme2_adv_CLKIN1_CLKOUT0)
                                                     -7.070    -4.355 r  u_clk/inst/mmcm_adv_inst/CLKOUT0
                         net (fo=1, routed)           1.719    -2.636    u_clk/inst/clk_out1_clk_wiz_0
    BUFGCTRL_X0Y17       BUFG (Prop_bufg_I_O)         0.096    -2.540 r  u_clk/inst/clkout1_buf/O
                         net (fo=152, routed)         1.630    -0.910    u_vga/clk25
    SLICE_X10Y108        FDCE                                         r  u_vga/v_cnt_reg[4]/C
  -------------------------------------------------------------------    -------------------
    SLICE_X10Y108        FDCE (Prop_fdce_C_Q)         0.478    -0.432 r  u_vga/v_cnt_reg[4]/Q
                         net (fo=13, routed)          1.349     0.917    y[4]
    DSP48_X0Y44          DSP48E1 (Prop_dsp48e1_A[4]_P[18])
                                                      4.012     4.929 f  tmp0/P[18]
                         net (fo=1, routed)           0.530     5.460    tmp0_n_87
    SLICE_X12Y113        LUT5 (Prop_lut5_I4_O)        0.124     5.584 f  u_fb_i_1/O
                         net (fo=82, routed)         12.104    17.687    <hidden>
    SLICE_X74Y65         LUT3 (Prop_lut3_I2_O)        0.124    17.811 r  <hidden>
                         net (fo=6, routed)           1.243    19.055    <hidden>
    RAMB36_X3Y10         RAMB36E1                                     r  <hidden>
  -------------------------------------------------------------------    -------------------

                         (clock clk_out1_clk_wiz_0 rise edge)
                                                     40.000    40.000 r  
    E3                                                0.000    40.000 r  CLK100MHZ (IN)
                         net (fo=0)                   0.000    40.000    u_clk/inst/clk_in1
    E3                   IBUF (Prop_ibuf_I_O)         1.411    41.411 r  u_clk/inst/clkin1_ibufg/O
                         net (fo=1, routed)           1.162    42.573    u_clk/inst/clk_in1_clk_wiz_0
    MMCME2_ADV_X1Y2      MMCME2_ADV (Prop_mmcme2_adv_CLKIN1_CLKOUT0)
                                                     -7.324    35.249 r  u_clk/inst/mmcm_adv_inst/CLKOUT0
                         net (fo=1, routed)           1.639    36.888    u_clk/inst/clk_out1_clk_wiz_0
    BUFGCTRL_X0Y17       BUFG (Prop_bufg_I_O)         0.091    36.979 r  u_clk/inst/clkout1_buf/O
                         net (fo=152, routed)         1.641    38.620    <hidden>
    RAMB36_X3Y10         RAMB36E1                                     r  <hidden>
                         clock pessimism              0.480    39.101    
                         clock uncertainty           -0.106    38.994    
    RAMB36_X3Y10         RAMB36E1 (Setup_ramb36e1_CLKBWRCLK_ENBWREN)
                                                     -0.443    38.551    <hidden>
  -------------------------------------------------------------------
                         required time                         38.551    
                         arrival time                         -19.055    
  -------------------------------------------------------------------
                         slack                                 19.496    

Slack (MET) :             19.519ns  (required time - arrival time)
  Source:                 u_vga/v_cnt_reg[4]/C
                            (rising edge-triggered cell FDCE clocked by clk_out1_clk_wiz_0_1  {rise@0.000ns fall@20.000ns period=40.000ns})
  Destination:            <hidden>
                            (rising edge-triggered cell RAMB36E1 clocked by clk_out1_clk_wiz_0  {rise@0.000ns fall@20.000ns period=40.000ns})
  Path Group:             clk_out1_clk_wiz_0
  Path Type:              Setup (Max at Slow Process Corner)
  Requirement:            40.000ns  (clk_out1_clk_wiz_0 rise@40.000ns - clk_out1_clk_wiz_0_1 rise@0.000ns)
  Data Path Delay:        20.016ns  (logic 4.738ns (23.672%)  route 15.278ns (76.328%))
  Logic Levels:           3  (DSP48E1=1 LUT5=2)
  Clock Path Skew:        0.083ns (DCD - SCD + CPR)
    Destination Clock Delay (DCD):    -1.315ns = ( 38.685 - 40.000 ) 
    Source Clock Delay      (SCD):    -0.910ns
    Clock Pessimism Removal (CPR):    0.488ns
  Clock Uncertainty:      0.106ns  ((TSJ^2 + DJ^2)^1/2) / 2 + PE
    Total System Jitter     (TSJ):    0.071ns
    Discrete Jitter          (DJ):    0.200ns
    Phase Error              (PE):    0.000ns
  Clock Domain Crossing:  Inter clock paths are considered valid unless explicitly excluded by timing constraints such as set_clock_groups or set_false_path.

    Location             Delay type                Incr(ns)  Path(ns)    Netlist Resource(s)
  -------------------------------------------------------------------    -------------------
                         (clock clk_out1_clk_wiz_0_1 rise edge)
                                                      0.000     0.000 r  
    E3                                                0.000     0.000 r  CLK100MHZ (IN)
                         net (fo=0)                   0.000     0.000    u_clk/inst/clk_in1
    E3                   IBUF (Prop_ibuf_I_O)         1.482     1.482 r  u_clk/inst/clkin1_ibufg/O
                         net (fo=1, routed)           1.233     2.715    u_clk/inst/clk_in1_clk_wiz_0
    MMCME2_ADV_X1Y2      MMCME2_ADV (Prop_mmcme2_adv_CLKIN1_CLKOUT0)
                                                     -7.070    -4.355 r  u_clk/inst/mmcm_adv_inst/CLKOUT0
                         net (fo=1, routed)           1.719    -2.636    u_clk/inst/clk_out1_clk_wiz_0
    BUFGCTRL_X0Y17       BUFG (Prop_bufg_I_O)         0.096    -2.540 r  u_clk/inst/clkout1_buf/O
                         net (fo=152, routed)         1.630    -0.910    u_vga/clk25
    SLICE_X10Y108        FDCE                                         r  u_vga/v_cnt_reg[4]/C
  -------------------------------------------------------------------    -------------------
    SLICE_X10Y108        FDCE (Prop_fdce_C_Q)         0.478    -0.432 r  u_vga/v_cnt_reg[4]/Q
                         net (fo=13, routed)          1.349     0.917    y[4]
    DSP48_X0Y44          DSP48E1 (Prop_dsp48e1_A[4]_P[15])
                                                      4.012     4.929 r  tmp0/P[15]
                         net (fo=1, routed)           0.523     5.453    tmp0_n_90
    SLICE_X12Y113        LUT5 (Prop_lut5_I4_O)        0.124     5.577 r  u_fb_i_4/O
                         net (fo=102, routed)        11.764    17.341    <hidden>
    SLICE_X62Y173        LUT5 (Prop_lut5_I0_O)        0.124    17.465 r  <hidden>
                         net (fo=1, routed)           1.640    19.105    <hidden>
    RAMB36_X1Y39         RAMB36E1                                     r  <hidden>
  -------------------------------------------------------------------    -------------------

                         (clock clk_out1_clk_wiz_0 rise edge)
                                                     40.000    40.000 r  
    E3                                                0.000    40.000 r  CLK100MHZ (IN)
                         net (fo=0)                   0.000    40.000    u_clk/inst/clk_in1
    E3                   IBUF (Prop_ibuf_I_O)         1.411    41.411 r  u_clk/inst/clkin1_ibufg/O
                         net (fo=1, routed)           1.162    42.573    u_clk/inst/clk_in1_clk_wiz_0
    MMCME2_ADV_X1Y2      MMCME2_ADV (Prop_mmcme2_adv_CLKIN1_CLKOUT0)
                                                     -7.324    35.249 r  u_clk/inst/mmcm_adv_inst/CLKOUT0
                         net (fo=1, routed)           1.639    36.888    u_clk/inst/clk_out1_clk_wiz_0
    BUFGCTRL_X0Y17       BUFG (Prop_bufg_I_O)         0.091    36.979 r  u_clk/inst/clkout1_buf/O
                         net (fo=152, routed)         1.705    38.685    <hidden>
    RAMB36_X1Y39         RAMB36E1                                     r  <hidden>
                         clock pessimism              0.488    39.173    
                         clock uncertainty           -0.106    39.067    
    RAMB36_X1Y39         RAMB36E1 (Setup_ramb36e1_CLKBWRCLK_ENBWREN)
                                                     -0.443    38.624    <hidden>
  -------------------------------------------------------------------
                         required time                         38.624    
                         arrival time                         -19.105    
  -------------------------------------------------------------------
                         slack                                 19.519    

Slack (MET) :             19.642ns  (required time - arrival time)
  Source:                 u_vga/v_cnt_reg[4]/C
                            (rising edge-triggered cell FDCE clocked by clk_out1_clk_wiz_0_1  {rise@0.000ns fall@20.000ns period=40.000ns})
  Destination:            <hidden>
                            (rising edge-triggered cell RAMB36E1 clocked by clk_out1_clk_wiz_0  {rise@0.000ns fall@20.000ns period=40.000ns})
  Path Group:             clk_out1_clk_wiz_0
  Path Type:              Setup (Max at Slow Process Corner)
  Requirement:            40.000ns  (clk_out1_clk_wiz_0 rise@40.000ns - clk_out1_clk_wiz_0_1 rise@0.000ns)
  Data Path Delay:        19.819ns  (logic 4.738ns (23.907%)  route 15.081ns (76.093%))
  Logic Levels:           3  (DSP48E1=1 LUT3=1 LUT5=1)
  Clock Path Skew:        0.010ns (DCD - SCD + CPR)
    Destination Clock Delay (DCD):    -1.381ns = ( 38.619 - 40.000 ) 
    Source Clock Delay      (SCD):    -0.910ns
    Clock Pessimism Removal (CPR):    0.480ns
  Clock Uncertainty:      0.106ns  ((TSJ^2 + DJ^2)^1/2) / 2 + PE
    Total System Jitter     (TSJ):    0.071ns
    Discrete Jitter          (DJ):    0.200ns
    Phase Error              (PE):    0.000ns
  Clock Domain Crossing:  Inter clock paths are considered valid unless explicitly excluded by timing constraints such as set_clock_groups or set_false_path.

    Location             Delay type                Incr(ns)  Path(ns)    Netlist Resource(s)
  -------------------------------------------------------------------    -------------------
                         (clock clk_out1_clk_wiz_0_1 rise edge)
                                                      0.000     0.000 r  
    E3                                                0.000     0.000 r  CLK100MHZ (IN)
                         net (fo=0)                   0.000     0.000    u_clk/inst/clk_in1
    E3                   IBUF (Prop_ibuf_I_O)         1.482     1.482 r  u_clk/inst/clkin1_ibufg/O
                         net (fo=1, routed)           1.233     2.715    u_clk/inst/clk_in1_clk_wiz_0
    MMCME2_ADV_X1Y2      MMCME2_ADV (Prop_mmcme2_adv_CLKIN1_CLKOUT0)
                                                     -7.070    -4.355 r  u_clk/inst/mmcm_adv_inst/CLKOUT0
                         net (fo=1, routed)           1.719    -2.636    u_clk/inst/clk_out1_clk_wiz_0
    BUFGCTRL_X0Y17       BUFG (Prop_bufg_I_O)         0.096    -2.540 r  u_clk/inst/clkout1_buf/O
                         net (fo=152, routed)         1.630    -0.910    u_vga/clk25
    SLICE_X10Y108        FDCE                                         r  u_vga/v_cnt_reg[4]/C
  -------------------------------------------------------------------    -------------------
    SLICE_X10Y108        FDCE (Prop_fdce_C_Q)         0.478    -0.432 r  u_vga/v_cnt_reg[4]/Q
                         net (fo=13, routed)          1.349     0.917    y[4]
    DSP48_X0Y44          DSP48E1 (Prop_dsp48e1_A[4]_P[18])
                                                      4.012     4.929 f  tmp0/P[18]
                         net (fo=1, routed)           0.530     5.460    tmp0_n_87
    SLICE_X12Y113        LUT5 (Prop_lut5_I4_O)        0.124     5.584 f  u_fb_i_1/O
                         net (fo=82, routed)         12.104    17.687    <hidden>
    SLICE_X74Y65         LUT3 (Prop_lut3_I2_O)        0.124    17.811 r  <hidden>
                         net (fo=6, routed)           1.097    18.908    <hidden>
    RAMB36_X3Y11         RAMB36E1                                     r  <hidden>
  -------------------------------------------------------------------    -------------------

                         (clock clk_out1_clk_wiz_0 rise edge)
                                                     40.000    40.000 r  
    E3                                                0.000    40.000 r  CLK100MHZ (IN)
                         net (fo=0)                   0.000    40.000    u_clk/inst/clk_in1
    E3                   IBUF (Prop_ibuf_I_O)         1.411    41.411 r  u_clk/inst/clkin1_ibufg/O
                         net (fo=1, routed)           1.162    42.573    u_clk/inst/clk_in1_clk_wiz_0
    MMCME2_ADV_X1Y2      MMCME2_ADV (Prop_mmcme2_adv_CLKIN1_CLKOUT0)
                                                     -7.324    35.249 r  u_clk/inst/mmcm_adv_inst/CLKOUT0
                         net (fo=1, routed)           1.639    36.888    u_clk/inst/clk_out1_clk_wiz_0
    BUFGCTRL_X0Y17       BUFG (Prop_bufg_I_O)         0.091    36.979 r  u_clk/inst/clkout1_buf/O
                         net (fo=152, routed)         1.640    38.619    <hidden>
    RAMB36_X3Y11         RAMB36E1                                     r  <hidden>
                         clock pessimism              0.480    39.100    
                         clock uncertainty           -0.106    38.993    
    RAMB36_X3Y11         RAMB36E1 (Setup_ramb36e1_CLKBWRCLK_ENBWREN)
                                                     -0.443    38.550    <hidden>
  -------------------------------------------------------------------
                         required time                         38.550    
                         arrival time                         -18.908    
  -------------------------------------------------------------------
                         slack                                 19.642    





Min Delay Paths
--------------------------------------------------------------------------------------
Slack (MET) :             0.091ns  (arrival time - required time)
  Source:                 <hidden>
                            (rising edge-triggered cell FDRE clocked by clk_out1_clk_wiz_0_1  {rise@0.000ns fall@20.000ns period=40.000ns})
  Destination:            <hidden>
                            (rising edge-triggered cell FDRE clocked by clk_out1_clk_wiz_0  {rise@0.000ns fall@20.000ns period=40.000ns})
  Path Group:             clk_out1_clk_wiz_0
  Path Type:              Hold (Min at Fast Process Corner)
  Requirement:            0.000ns  (clk_out1_clk_wiz_0 rise@0.000ns - clk_out1_clk_wiz_0_1 rise@0.000ns)
  Data Path Delay:        0.280ns  (logic 0.164ns (58.537%)  route 0.116ns (41.463%))
  Logic Levels:           0  
  Clock Path Skew:        0.013ns (DCD - SCD - CPR)
    Destination Clock Delay (DCD):    -0.844ns
    Source Clock Delay      (SCD):    -0.606ns
    Clock Pessimism Removal (CPR):    -0.251ns
  Clock Uncertainty:      0.106ns  ((TSJ^2 + DJ^2)^1/2) / 2 + PE
    Total System Jitter     (TSJ):    0.071ns
    Discrete Jitter          (DJ):    0.200ns
    Phase Error              (PE):    0.000ns
  Clock Domain Crossing:  Inter clock paths are considered valid unless explicitly excluded by timing constraints such as set_clock_groups or set_false_path.

    Location             Delay type                Incr(ns)  Path(ns)    Netlist Resource(s)
  -------------------------------------------------------------------    -------------------
                         (clock clk_out1_clk_wiz_0_1 rise edge)
                                                      0.000     0.000 r  
    E3                                                0.000     0.000 r  CLK100MHZ (IN)
                         net (fo=0)                   0.000     0.000    u_clk/inst/clk_in1
    E3                   IBUF (Prop_ibuf_I_O)         0.250     0.250 r  u_clk/inst/clkin1_ibufg/O
                         net (fo=1, routed)           0.440     0.690    u_clk/inst/clk_in1_clk_wiz_0
    MMCME2_ADV_X1Y2      MMCME2_ADV (Prop_mmcme2_adv_CLKIN1_CLKOUT0)
                                                     -2.379    -1.689 r  u_clk/inst/mmcm_adv_inst/CLKOUT0
                         net (fo=1, routed)           0.499    -1.190    u_clk/inst/clk_out1_clk_wiz_0
    BUFGCTRL_X0Y17       BUFG (Prop_bufg_I_O)         0.026    -1.164 r  u_clk/inst/clkout1_buf/O
                         net (fo=152, routed)         0.558    -0.606    <hidden>
    SLICE_X58Y110        FDRE                                         r  <hidden>
  -------------------------------------------------------------------    -------------------
    SLICE_X58Y110        FDRE (Prop_fdre_C_Q)         0.164    -0.442 r  <hidden>
                         net (fo=1, routed)           0.116    -0.326    <hidden>
    SLICE_X59Y110        FDRE                                         r  <hidden>
  -------------------------------------------------------------------    -------------------

                         (clock clk_out1_clk_wiz_0 rise edge)
                                                      0.000     0.000 r  
    E3                                                0.000     0.000 r  CLK100MHZ (IN)
                         net (fo=0)                   0.000     0.000    u_clk/inst/clk_in1
    E3                   IBUF (Prop_ibuf_I_O)         0.438     0.438 r  u_clk/inst/clkin1_ibufg/O
                         net (fo=1, routed)           0.480     0.918    u_clk/inst/clk_in1_clk_wiz_0
    MMCME2_ADV_X1Y2      MMCME2_ADV (Prop_mmcme2_adv_CLKIN1_CLKOUT0)
                                                     -3.163    -2.245 r  u_clk/inst/mmcm_adv_inst/CLKOUT0
                         net (fo=1, routed)           0.544    -1.702    u_clk/inst/clk_out1_clk_wiz_0
    BUFGCTRL_X0Y17       BUFG (Prop_bufg_I_O)         0.029    -1.673 r  u_clk/inst/clkout1_buf/O
                         net (fo=152, routed)         0.829    -0.844    <hidden>
    SLICE_X59Y110        FDRE                                         r  <hidden>
                         clock pessimism              0.251    -0.593    
                         clock uncertainty            0.106    -0.487    
    SLICE_X59Y110        FDRE (Hold_fdre_C_D)         0.070    -0.417    <hidden>
  -------------------------------------------------------------------
                         required time                          0.417    
                         arrival time                          -0.326    
  -------------------------------------------------------------------
                         slack                                  0.091    

Slack (MET) :             0.095ns  (arrival time - required time)
  Source:                 <hidden>
                            (rising edge-triggered cell FDRE clocked by clk_out1_clk_wiz_0_1  {rise@0.000ns fall@20.000ns period=40.000ns})
  Destination:            <hidden>
                            (rising edge-triggered cell FDRE clocked by clk_out1_clk_wiz_0  {rise@0.000ns fall@20.000ns period=40.000ns})
  Path Group:             clk_out1_clk_wiz_0
  Path Type:              Hold (Min at Fast Process Corner)
  Requirement:            0.000ns  (clk_out1_clk_wiz_0 rise@0.000ns - clk_out1_clk_wiz_0_1 rise@0.000ns)
  Data Path Delay:        0.280ns  (logic 0.164ns (58.537%)  route 0.116ns (41.463%))
  Logic Levels:           0  
  Clock Path Skew:        0.013ns (DCD - SCD - CPR)
    Destination Clock Delay (DCD):    -0.844ns
    Source Clock Delay      (SCD):    -0.606ns
    Clock Pessimism Removal (CPR):    -0.251ns
  Clock Uncertainty:      0.106ns  ((TSJ^2 + DJ^2)^1/2) / 2 + PE
    Total System Jitter     (TSJ):    0.071ns
    Discrete Jitter          (DJ):    0.200ns
    Phase Error              (PE):    0.000ns
  Clock Domain Crossing:  Inter clock paths are considered valid unless explicitly excluded by timing constraints such as set_clock_groups or set_false_path.

    Location             Delay type                Incr(ns)  Path(ns)    Netlist Resource(s)
  -------------------------------------------------------------------    -------------------
                         (clock clk_out1_clk_wiz_0_1 rise edge)
                                                      0.000     0.000 r  
    E3                                                0.000     0.000 r  CLK100MHZ (IN)
                         net (fo=0)                   0.000     0.000    u_clk/inst/clk_in1
    E3                   IBUF (Prop_ibuf_I_O)         0.250     0.250 r  u_clk/inst/clkin1_ibufg/O
                         net (fo=1, routed)           0.440     0.690    u_clk/inst/clk_in1_clk_wiz_0
    MMCME2_ADV_X1Y2      MMCME2_ADV (Prop_mmcme2_adv_CLKIN1_CLKOUT0)
                                                     -2.379    -1.689 r  u_clk/inst/mmcm_adv_inst/CLKOUT0
                         net (fo=1, routed)           0.499    -1.190    u_clk/inst/clk_out1_clk_wiz_0
    BUFGCTRL_X0Y17       BUFG (Prop_bufg_I_O)         0.026    -1.164 r  u_clk/inst/clkout1_buf/O
                         net (fo=152, routed)         0.558    -0.606    <hidden>
    SLICE_X58Y110        FDRE                                         r  <hidden>
  -------------------------------------------------------------------    -------------------
    SLICE_X58Y110        FDRE (Prop_fdre_C_Q)         0.164    -0.442 r  <hidden>
                         net (fo=1, routed)           0.116    -0.326    <hidden>
    SLICE_X59Y110        FDRE                                         r  <hidden>
  -------------------------------------------------------------------    -------------------

                         (clock clk_out1_clk_wiz_0 rise edge)
                                                      0.000     0.000 r  
    E3                                                0.000     0.000 r  CLK100MHZ (IN)
                         net (fo=0)                   0.000     0.000    u_clk/inst/clk_in1
    E3                   IBUF (Prop_ibuf_I_O)         0.438     0.438 r  u_clk/inst/clkin1_ibufg/O
                         net (fo=1, routed)           0.480     0.918    u_clk/inst/clk_in1_clk_wiz_0
    MMCME2_ADV_X1Y2      MMCME2_ADV (Prop_mmcme2_adv_CLKIN1_CLKOUT0)
                                                     -3.163    -2.245 r  u_clk/inst/mmcm_adv_inst/CLKOUT0
                         net (fo=1, routed)           0.544    -1.702    u_clk/inst/clk_out1_clk_wiz_0
    BUFGCTRL_X0Y17       BUFG (Prop_bufg_I_O)         0.029    -1.673 r  u_clk/inst/clkout1_buf/O
                         net (fo=152, routed)         0.829    -0.844    <hidden>
    SLICE_X59Y110        FDRE                                         r  <hidden>
                         clock pessimism              0.251    -0.593    
                         clock uncertainty            0.106    -0.487    
    SLICE_X59Y110        FDRE (Hold_fdre_C_D)         0.066    -0.421    <hidden>
  -------------------------------------------------------------------
                         required time                          0.421    
                         arrival time                          -0.326    
  -------------------------------------------------------------------
                         slack                                  0.095    

Slack (MET) :             0.111ns  (arrival time - required time)
  Source:                 <hidden>
                            (rising edge-triggered cell FDRE clocked by clk_out1_clk_wiz_0_1  {rise@0.000ns fall@20.000ns period=40.000ns})
  Destination:            <hidden>
                            (rising edge-triggered cell FDRE clocked by clk_out1_clk_wiz_0  {rise@0.000ns fall@20.000ns period=40.000ns})
  Path Group:             clk_out1_clk_wiz_0
  Path Type:              Hold (Min at Fast Process Corner)
  Requirement:            0.000ns  (clk_out1_clk_wiz_0 rise@0.000ns - clk_out1_clk_wiz_0_1 rise@0.000ns)
  Data Path Delay:        0.276ns  (logic 0.164ns (59.419%)  route 0.112ns (40.581%))
  Logic Levels:           0  
  Clock Path Skew:        0.000ns (DCD - SCD - CPR)
    Destination Clock Delay (DCD):    -0.844ns
    Source Clock Delay      (SCD):    -0.606ns
    Clock Pessimism Removal (CPR):    -0.238ns
  Clock Uncertainty:      0.106ns  ((TSJ^2 + DJ^2)^1/2) / 2 + PE
    Total System Jitter     (TSJ):    0.071ns
    Discrete Jitter          (DJ):    0.200ns
    Phase Error              (PE):    0.000ns
  Clock Domain Crossing:  Inter clock paths are considered valid unless explicitly excluded by timing constraints such as set_clock_groups or set_false_path.

    Location             Delay type                Incr(ns)  Path(ns)    Netlist Resource(s)
  -------------------------------------------------------------------    -------------------
                         (clock clk_out1_clk_wiz_0_1 rise edge)
                                                      0.000     0.000 r  
    E3                                                0.000     0.000 r  CLK100MHZ (IN)
                         net (fo=0)                   0.000     0.000    u_clk/inst/clk_in1
    E3                   IBUF (Prop_ibuf_I_O)         0.250     0.250 r  u_clk/inst/clkin1_ibufg/O
                         net (fo=1, routed)           0.440     0.690    u_clk/inst/clk_in1_clk_wiz_0
    MMCME2_ADV_X1Y2      MMCME2_ADV (Prop_mmcme2_adv_CLKIN1_CLKOUT0)
                                                     -2.379    -1.689 r  u_clk/inst/mmcm_adv_inst/CLKOUT0
                         net (fo=1, routed)           0.499    -1.190    u_clk/inst/clk_out1_clk_wiz_0
    BUFGCTRL_X0Y17       BUFG (Prop_bufg_I_O)         0.026    -1.164 r  u_clk/inst/clkout1_buf/O
                         net (fo=152, routed)         0.558    -0.606    <hidden>
    SLICE_X58Y110        FDRE                                         r  <hidden>
  -------------------------------------------------------------------    -------------------
    SLICE_X58Y110        FDRE (Prop_fdre_C_Q)         0.164    -0.442 r  <hidden>
                         net (fo=1, routed)           0.112    -0.330    <hidden>
    SLICE_X58Y110        FDRE                                         r  <hidden>
  -------------------------------------------------------------------    -------------------

                         (clock clk_out1_clk_wiz_0 rise edge)
                                                      0.000     0.000 r  
    E3                                                0.000     0.000 r  CLK100MHZ (IN)
                         net (fo=0)                   0.000     0.000    u_clk/inst/clk_in1
    E3                   IBUF (Prop_ibuf_I_O)         0.438     0.438 r  u_clk/inst/clkin1_ibufg/O
                         net (fo=1, routed)           0.480     0.918    u_clk/inst/clk_in1_clk_wiz_0
    MMCME2_ADV_X1Y2      MMCME2_ADV (Prop_mmcme2_adv_CLKIN1_CLKOUT0)
                                                     -3.163    -2.245 r  u_clk/inst/mmcm_adv_inst/CLKOUT0
                         net (fo=1, routed)           0.544    -1.702    u_clk/inst/clk_out1_clk_wiz_0
    BUFGCTRL_X0Y17       BUFG (Prop_bufg_I_O)         0.029    -1.673 r  u_clk/inst/clkout1_buf/O
                         net (fo=152, routed)         0.829    -0.844    <hidden>
    SLICE_X58Y110        FDRE                                         r  <hidden>
                         clock pessimism              0.238    -0.606    
                         clock uncertainty            0.106    -0.500    
    SLICE_X58Y110        FDRE (Hold_fdre_C_D)         0.059    -0.441    <hidden>
  -------------------------------------------------------------------
                         required time                          0.441    
                         arrival time                          -0.330    
  -------------------------------------------------------------------
                         slack                                  0.111    

Slack (MET) :             0.115ns  (arrival time - required time)
  Source:                 <hidden>
                            (rising edge-triggered cell FDRE clocked by clk_out1_clk_wiz_0_1  {rise@0.000ns fall@20.000ns period=40.000ns})
  Destination:            <hidden>
                            (rising edge-triggered cell FDRE clocked by clk_out1_clk_wiz_0  {rise@0.000ns fall@20.000ns period=40.000ns})
  Path Group:             clk_out1_clk_wiz_0
  Path Type:              Hold (Min at Fast Process Corner)
  Requirement:            0.000ns  (clk_out1_clk_wiz_0 rise@0.000ns - clk_out1_clk_wiz_0_1 rise@0.000ns)
  Data Path Delay:        0.280ns  (logic 0.164ns (58.537%)  route 0.116ns (41.463%))
  Logic Levels:           0  
  Clock Path Skew:        0.000ns (DCD - SCD - CPR)
    Destination Clock Delay (DCD):    -0.849ns
    Source Clock Delay      (SCD):    -0.609ns
    Clock Pessimism Removal (CPR):    -0.240ns
  Clock Uncertainty:      0.106ns  ((TSJ^2 + DJ^2)^1/2) / 2 + PE
    Total System Jitter     (TSJ):    0.071ns
    Discrete Jitter          (DJ):    0.200ns
    Phase Error              (PE):    0.000ns
  Clock Domain Crossing:  Inter clock paths are considered valid unless explicitly excluded by timing constraints such as set_clock_groups or set_false_path.

    Location             Delay type                Incr(ns)  Path(ns)    Netlist Resource(s)
  -------------------------------------------------------------------    -------------------
                         (clock clk_out1_clk_wiz_0_1 rise edge)
                                                      0.000     0.000 r  
    E3                                                0.000     0.000 r  CLK100MHZ (IN)
                         net (fo=0)                   0.000     0.000    u_clk/inst/clk_in1
    E3                   IBUF (Prop_ibuf_I_O)         0.250     0.250 r  u_clk/inst/clkin1_ibufg/O
                         net (fo=1, routed)           0.440     0.690    u_clk/inst/clk_in1_clk_wiz_0
    MMCME2_ADV_X1Y2      MMCME2_ADV (Prop_mmcme2_adv_CLKIN1_CLKOUT0)
                                                     -2.379    -1.689 r  u_clk/inst/mmcm_adv_inst/CLKOUT0
                         net (fo=1, routed)           0.499    -1.190    u_clk/inst/clk_out1_clk_wiz_0
    BUFGCTRL_X0Y17       BUFG (Prop_bufg_I_O)         0.026    -1.164 r  u_clk/inst/clkout1_buf/O
                         net (fo=152, routed)         0.555    -0.609    <hidden>
    SLICE_X62Y118        FDRE                                         r  <hidden>
  -------------------------------------------------------------------    -------------------
    SLICE_X62Y118        FDRE (Prop_fdre_C_Q)         0.164    -0.445 r  <hidden>
                         net (fo=1, routed)           0.116    -0.329    <hidden>
    SLICE_X62Y118        FDRE                                         r  <hidden>
  -------------------------------------------------------------------    -------------------

                         (clock clk_out1_clk_wiz_0 rise edge)
                                                      0.000     0.000 r  
    E3                                                0.000     0.000 r  CLK100MHZ (IN)
                         net (fo=0)                   0.000     0.000    u_clk/inst/clk_in1
    E3                   IBUF (Prop_ibuf_I_O)         0.438     0.438 r  u_clk/inst/clkin1_ibufg/O
                         net (fo=1, routed)           0.480     0.918    u_clk/inst/clk_in1_clk_wiz_0
    MMCME2_ADV_X1Y2      MMCME2_ADV (Prop_mmcme2_adv_CLKIN1_CLKOUT0)
                                                     -3.163    -2.245 r  u_clk/inst/mmcm_adv_inst/CLKOUT0
                         net (fo=1, routed)           0.544    -1.702    u_clk/inst/clk_out1_clk_wiz_0
    BUFGCTRL_X0Y17       BUFG (Prop_bufg_I_O)         0.029    -1.673 r  u_clk/inst/clkout1_buf/O
                         net (fo=152, routed)         0.823    -0.849    <hidden>
    SLICE_X62Y118        FDRE                                         r  <hidden>
                         clock pessimism              0.240    -0.609    
                         clock uncertainty            0.106    -0.503    
    SLICE_X62Y118        FDRE (Hold_fdre_C_D)         0.059    -0.444    <hidden>
  -------------------------------------------------------------------
                         required time                          0.444    
                         arrival time                          -0.329    
  -------------------------------------------------------------------
                         slack                                  0.115    

Slack (MET) :             0.122ns  (arrival time - required time)
  Source:                 <hidden>
                            (rising edge-triggered cell FDRE clocked by clk_out1_clk_wiz_0_1  {rise@0.000ns fall@20.000ns period=40.000ns})
  Destination:            <hidden>
                            (rising edge-triggered cell FDRE clocked by clk_out1_clk_wiz_0  {rise@0.000ns fall@20.000ns period=40.000ns})
  Path Group:             clk_out1_clk_wiz_0
  Path Type:              Hold (Min at Fast Process Corner)
  Requirement:            0.000ns  (clk_out1_clk_wiz_0 rise@0.000ns - clk_out1_clk_wiz_0_1 rise@0.000ns)
  Data Path Delay:        0.280ns  (logic 0.164ns (58.537%)  route 0.116ns (41.463%))
  Logic Levels:           0  
  Clock Path Skew:        0.000ns (DCD - SCD - CPR)
    Destination Clock Delay (DCD):    -0.849ns
    Source Clock Delay      (SCD):    -0.609ns
    Clock Pessimism Removal (CPR):    -0.240ns
  Clock Uncertainty:      0.106ns  ((TSJ^2 + DJ^2)^1/2) / 2 + PE
    Total System Jitter     (TSJ):    0.071ns
    Discrete Jitter          (DJ):    0.200ns
    Phase Error              (PE):    0.000ns
  Clock Domain Crossing:  Inter clock paths are considered valid unless explicitly excluded by timing constraints such as set_clock_groups or set_false_path.

    Location             Delay type                Incr(ns)  Path(ns)    Netlist Resource(s)
  -------------------------------------------------------------------    -------------------
                         (clock clk_out1_clk_wiz_0_1 rise edge)
                                                      0.000     0.000 r  
    E3                                                0.000     0.000 r  CLK100MHZ (IN)
                         net (fo=0)                   0.000     0.000    u_clk/inst/clk_in1
    E3                   IBUF (Prop_ibuf_I_O)         0.250     0.250 r  u_clk/inst/clkin1_ibufg/O
                         net (fo=1, routed)           0.440     0.690    u_clk/inst/clk_in1_clk_wiz_0
    MMCME2_ADV_X1Y2      MMCME2_ADV (Prop_mmcme2_adv_CLKIN1_CLKOUT0)
                                                     -2.379    -1.689 r  u_clk/inst/mmcm_adv_inst/CLKOUT0
                         net (fo=1, routed)           0.499    -1.190    u_clk/inst/clk_out1_clk_wiz_0
    BUFGCTRL_X0Y17       BUFG (Prop_bufg_I_O)         0.026    -1.164 r  u_clk/inst/clkout1_buf/O
                         net (fo=152, routed)         0.555    -0.609    <hidden>
    SLICE_X62Y118        FDRE                                         r  <hidden>
  -------------------------------------------------------------------    -------------------
    SLICE_X62Y118        FDRE (Prop_fdre_C_Q)         0.164    -0.445 r  <hidden>
                         net (fo=1, routed)           0.116    -0.329    <hidden>
    SLICE_X62Y118        FDRE                                         r  <hidden>
  -------------------------------------------------------------------    -------------------

                         (clock clk_out1_clk_wiz_0 rise edge)
                                                      0.000     0.000 r  
    E3                                                0.000     0.000 r  CLK100MHZ (IN)
                         net (fo=0)                   0.000     0.000    u_clk/inst/clk_in1
    E3                   IBUF (Prop_ibuf_I_O)         0.438     0.438 r  u_clk/inst/clkin1_ibufg/O
                         net (fo=1, routed)           0.480     0.918    u_clk/inst/clk_in1_clk_wiz_0
    MMCME2_ADV_X1Y2      MMCME2_ADV (Prop_mmcme2_adv_CLKIN1_CLKOUT0)
                                                     -3.163    -2.245 r  u_clk/inst/mmcm_adv_inst/CLKOUT0
                         net (fo=1, routed)           0.544    -1.702    u_clk/inst/clk_out1_clk_wiz_0
    BUFGCTRL_X0Y17       BUFG (Prop_bufg_I_O)         0.029    -1.673 r  u_clk/inst/clkout1_buf/O
                         net (fo=152, routed)         0.823    -0.849    <hidden>
    SLICE_X62Y118        FDRE                                         r  <hidden>
                         clock pessimism              0.240    -0.609    
                         clock uncertainty            0.106    -0.503    
    SLICE_X62Y118        FDRE (Hold_fdre_C_D)         0.052    -0.451    <hidden>
  -------------------------------------------------------------------
                         required time                          0.451    
                         arrival time                          -0.329    
  -------------------------------------------------------------------
                         slack                                  0.122    

Slack (MET) :             0.142ns  (arrival time - required time)
  Source:                 active_d1_reg/C
                            (rising edge-triggered cell FDRE clocked by clk_out1_clk_wiz_0_1  {rise@0.000ns fall@20.000ns period=40.000ns})
  Destination:            active_d2_reg/D
                            (rising edge-triggered cell FDRE clocked by clk_out1_clk_wiz_0  {rise@0.000ns fall@20.000ns period=40.000ns})
  Path Group:             clk_out1_clk_wiz_0
  Path Type:              Hold (Min at Fast Process Corner)
  Requirement:            0.000ns  (clk_out1_clk_wiz_0 rise@0.000ns - clk_out1_clk_wiz_0_1 rise@0.000ns)
  Data Path Delay:        0.356ns  (logic 0.183ns (51.463%)  route 0.173ns (48.537%))
  Logic Levels:           1  (LUT3=1)
  Clock Path Skew:        0.000ns (DCD - SCD - CPR)
    Destination Clock Delay (DCD):    -0.841ns
    Source Clock Delay      (SCD):    -0.604ns
    Clock Pessimism Removal (CPR):    -0.237ns
  Clock Uncertainty:      0.106ns  ((TSJ^2 + DJ^2)^1/2) / 2 + PE
    Total System Jitter     (TSJ):    0.071ns
    Discrete Jitter          (DJ):    0.200ns
    Phase Error              (PE):    0.000ns
  Clock Domain Crossing:  Inter clock paths are considered valid unless explicitly excluded by timing constraints such as set_clock_groups or set_false_path.

    Location             Delay type                Incr(ns)  Path(ns)    Netlist Resource(s)
  -------------------------------------------------------------------    -------------------
                         (clock clk_out1_clk_wiz_0_1 rise edge)
                                                      0.000     0.000 r  
    E3                                                0.000     0.000 r  CLK100MHZ (IN)
                         net (fo=0)                   0.000     0.000    u_clk/inst/clk_in1
    E3                   IBUF (Prop_ibuf_I_O)         0.250     0.250 r  u_clk/inst/clkin1_ibufg/O
                         net (fo=1, routed)           0.440     0.690    u_clk/inst/clk_in1_clk_wiz_0
    MMCME2_ADV_X1Y2      MMCME2_ADV (Prop_mmcme2_adv_CLKIN1_CLKOUT0)
                                                     -2.379    -1.689 r  u_clk/inst/mmcm_adv_inst/CLKOUT0
                         net (fo=1, routed)           0.499    -1.190    u_clk/inst/clk_out1_clk_wiz_0
    BUFGCTRL_X0Y17       BUFG (Prop_bufg_I_O)         0.026    -1.164 r  u_clk/inst/clkout1_buf/O
                         net (fo=152, routed)         0.560    -0.604    clk25
    SLICE_X40Y110        FDRE                                         r  active_d1_reg/C
  -------------------------------------------------------------------    -------------------
    SLICE_X40Y110        FDRE (Prop_fdre_C_Q)         0.141    -0.463 r  active_d1_reg/Q
                         net (fo=1, routed)           0.173    -0.291    active_d1
    SLICE_X40Y110        LUT3 (Prop_lut3_I2_O)        0.042    -0.249 r  active_d2_i_1/O
                         net (fo=1, routed)           0.000    -0.249    active_d2_i_1_n_0
    SLICE_X40Y110        FDRE                                         r  active_d2_reg/D
  -------------------------------------------------------------------    -------------------

                         (clock clk_out1_clk_wiz_0 rise edge)
                                                      0.000     0.000 r  
    E3                                                0.000     0.000 r  CLK100MHZ (IN)
                         net (fo=0)                   0.000     0.000    u_clk/inst/clk_in1
    E3                   IBUF (Prop_ibuf_I_O)         0.438     0.438 r  u_clk/inst/clkin1_ibufg/O
                         net (fo=1, routed)           0.480     0.918    u_clk/inst/clk_in1_clk_wiz_0
    MMCME2_ADV_X1Y2      MMCME2_ADV (Prop_mmcme2_adv_CLKIN1_CLKOUT0)
                                                     -3.163    -2.245 r  u_clk/inst/mmcm_adv_inst/CLKOUT0
                         net (fo=1, routed)           0.544    -1.702    u_clk/inst/clk_out1_clk_wiz_0
    BUFGCTRL_X0Y17       BUFG (Prop_bufg_I_O)         0.029    -1.673 r  u_clk/inst/clkout1_buf/O
                         net (fo=152, routed)         0.832    -0.841    clk25
    SLICE_X40Y110        FDRE                                         r  active_d2_reg/C
                         clock pessimism              0.237    -0.604    
                         clock uncertainty            0.106    -0.498    
    SLICE_X40Y110        FDRE (Hold_fdre_C_D)         0.107    -0.391    active_d2_reg
  -------------------------------------------------------------------
                         required time                          0.391    
                         arrival time                          -0.249    
  -------------------------------------------------------------------
                         slack                                  0.142    

Slack (MET) :             0.150ns  (arrival time - required time)
  Source:                 u_vga/h_cnt_reg[6]/C
                            (rising edge-triggered cell FDCE clocked by clk_out1_clk_wiz_0_1  {rise@0.000ns fall@20.000ns period=40.000ns})
  Destination:            u_vga/h_cnt_reg[7]/D
                            (rising edge-triggered cell FDCE clocked by clk_out1_clk_wiz_0  {rise@0.000ns fall@20.000ns period=40.000ns})
  Path Group:             clk_out1_clk_wiz_0
  Path Type:              Hold (Min at Fast Process Corner)
  Requirement:            0.000ns  (clk_out1_clk_wiz_0 rise@0.000ns - clk_out1_clk_wiz_0_1 rise@0.000ns)
  Data Path Delay:        0.363ns  (logic 0.183ns (50.353%)  route 0.180ns (49.647%))
  Logic Levels:           1  (LUT4=1)
  Clock Path Skew:        0.000ns (DCD - SCD - CPR)
    Destination Clock Delay (DCD):    -0.807ns
    Source Clock Delay      (SCD):    -0.569ns
    Clock Pessimism Removal (CPR):    -0.238ns
  Clock Uncertainty:      0.106ns  ((TSJ^2 + DJ^2)^1/2) / 2 + PE
    Total System Jitter     (TSJ):    0.071ns
    Discrete Jitter          (DJ):    0.200ns
    Phase Error              (PE):    0.000ns
  Clock Domain Crossing:  Inter clock paths are considered valid unless explicitly excluded by timing constraints such as set_clock_groups or set_false_path.

    Location             Delay type                Incr(ns)  Path(ns)    Netlist Resource(s)
  -------------------------------------------------------------------    -------------------
                         (clock clk_out1_clk_wiz_0_1 rise edge)
                                                      0.000     0.000 r  
    E3                                                0.000     0.000 r  CLK100MHZ (IN)
                         net (fo=0)                   0.000     0.000    u_clk/inst/clk_in1
    E3                   IBUF (Prop_ibuf_I_O)         0.250     0.250 r  u_clk/inst/clkin1_ibufg/O
                         net (fo=1, routed)           0.440     0.690    u_clk/inst/clk_in1_clk_wiz_0
    MMCME2_ADV_X1Y2      MMCME2_ADV (Prop_mmcme2_adv_CLKIN1_CLKOUT0)
                                                     -2.379    -1.689 r  u_clk/inst/mmcm_adv_inst/CLKOUT0
                         net (fo=1, routed)           0.499    -1.190    u_clk/inst/clk_out1_clk_wiz_0
    BUFGCTRL_X0Y17       BUFG (Prop_bufg_I_O)         0.026    -1.164 r  u_clk/inst/clkout1_buf/O
                         net (fo=152, routed)         0.595    -0.569    u_vga/clk25
    SLICE_X7Y111         FDCE                                         r  u_vga/h_cnt_reg[6]/C
  -------------------------------------------------------------------    -------------------
    SLICE_X7Y111         FDCE (Prop_fdce_C_Q)         0.141    -0.428 r  u_vga/h_cnt_reg[6]/Q
                         net (fo=12, routed)          0.180    -0.248    u_vga/x[6]
    SLICE_X7Y111         LUT4 (Prop_lut4_I0_O)        0.042    -0.206 r  u_vga/h_cnt[7]_i_1/O
                         net (fo=1, routed)           0.000    -0.206    u_vga/h_cnt[7]
    SLICE_X7Y111         FDCE                                         r  u_vga/h_cnt_reg[7]/D
  -------------------------------------------------------------------    -------------------

                         (clock clk_out1_clk_wiz_0 rise edge)
                                                      0.000     0.000 r  
    E3                                                0.000     0.000 r  CLK100MHZ (IN)
                         net (fo=0)                   0.000     0.000    u_clk/inst/clk_in1
    E3                   IBUF (Prop_ibuf_I_O)         0.438     0.438 r  u_clk/inst/clkin1_ibufg/O
                         net (fo=1, routed)           0.480     0.918    u_clk/inst/clk_in1_clk_wiz_0
    MMCME2_ADV_X1Y2      MMCME2_ADV (Prop_mmcme2_adv_CLKIN1_CLKOUT0)
                                                     -3.163    -2.245 r  u_clk/inst/mmcm_adv_inst/CLKOUT0
                         net (fo=1, routed)           0.544    -1.702    u_clk/inst/clk_out1_clk_wiz_0
    BUFGCTRL_X0Y17       BUFG (Prop_bufg_I_O)         0.029    -1.673 r  u_clk/inst/clkout1_buf/O
                         net (fo=152, routed)         0.866    -0.807    u_vga/clk25
    SLICE_X7Y111         FDCE                                         r  u_vga/h_cnt_reg[7]/C
                         clock pessimism              0.238    -0.569    
                         clock uncertainty            0.106    -0.463    
    SLICE_X7Y111         FDCE (Hold_fdce_C_D)         0.107    -0.356    u_vga/h_cnt_reg[7]
  -------------------------------------------------------------------
                         required time                          0.356    
                         arrival time                          -0.206    
  -------------------------------------------------------------------
                         slack                                  0.150    

Slack (MET) :             0.156ns  (arrival time - required time)
  Source:                 u_vga/h_cnt_reg[0]/C
                            (rising edge-triggered cell FDCE clocked by clk_out1_clk_wiz_0_1  {rise@0.000ns fall@20.000ns period=40.000ns})
  Destination:            u_vga/h_cnt_reg[1]/D
                            (rising edge-triggered cell FDCE clocked by clk_out1_clk_wiz_0  {rise@0.000ns fall@20.000ns period=40.000ns})
  Path Group:             clk_out1_clk_wiz_0
  Path Type:              Hold (Min at Fast Process Corner)
  Requirement:            0.000ns  (clk_out1_clk_wiz_0 rise@0.000ns - clk_out1_clk_wiz_0_1 rise@0.000ns)
  Data Path Delay:        0.393ns  (logic 0.207ns (52.626%)  route 0.186ns (47.374%))
  Logic Levels:           1  (LUT2=1)
  Clock Path Skew:        0.000ns (DCD - SCD - CPR)
    Destination Clock Delay (DCD):    -0.835ns
    Source Clock Delay      (SCD):    -0.597ns
    Clock Pessimism Removal (CPR):    -0.238ns
  Clock Uncertainty:      0.106ns  ((TSJ^2 + DJ^2)^1/2) / 2 + PE
    Total System Jitter     (TSJ):    0.071ns
    Discrete Jitter          (DJ):    0.200ns
    Phase Error              (PE):    0.000ns
  Clock Domain Crossing:  Inter clock paths are considered valid unless explicitly excluded by timing constraints such as set_clock_groups or set_false_path.

    Location             Delay type                Incr(ns)  Path(ns)    Netlist Resource(s)
  -------------------------------------------------------------------    -------------------
                         (clock clk_out1_clk_wiz_0_1 rise edge)
                                                      0.000     0.000 r  
    E3                                                0.000     0.000 r  CLK100MHZ (IN)
                         net (fo=0)                   0.000     0.000    u_clk/inst/clk_in1
    E3                   IBUF (Prop_ibuf_I_O)         0.250     0.250 r  u_clk/inst/clkin1_ibufg/O
                         net (fo=1, routed)           0.440     0.690    u_clk/inst/clk_in1_clk_wiz_0
    MMCME2_ADV_X1Y2      MMCME2_ADV (Prop_mmcme2_adv_CLKIN1_CLKOUT0)
                                                     -2.379    -1.689 r  u_clk/inst/mmcm_adv_inst/CLKOUT0
                         net (fo=1, routed)           0.499    -1.190    u_clk/inst/clk_out1_clk_wiz_0
    BUFGCTRL_X0Y17       BUFG (Prop_bufg_I_O)         0.026    -1.164 r  u_clk/inst/clkout1_buf/O
                         net (fo=152, routed)         0.567    -0.597    u_vga/clk25
    SLICE_X8Y111         FDCE                                         r  u_vga/h_cnt_reg[0]/C
  -------------------------------------------------------------------    -------------------
    SLICE_X8Y111         FDCE (Prop_fdce_C_Q)         0.164    -0.433 r  u_vga/h_cnt_reg[0]/Q
                         net (fo=11, routed)          0.186    -0.247    u_vga/x[0]
    SLICE_X8Y111         LUT2 (Prop_lut2_I0_O)        0.043    -0.204 r  u_vga/h_cnt[1]_i_1/O
                         net (fo=1, routed)           0.000    -0.204    u_vga/h_cnt[1]
    SLICE_X8Y111         FDCE                                         r  u_vga/h_cnt_reg[1]/D
  -------------------------------------------------------------------    -------------------

                         (clock clk_out1_clk_wiz_0 rise edge)
                                                      0.000     0.000 r  
    E3                                                0.000     0.000 r  CLK100MHZ (IN)
                         net (fo=0)                   0.000     0.000    u_clk/inst/clk_in1
    E3                   IBUF (Prop_ibuf_I_O)         0.438     0.438 r  u_clk/inst/clkin1_ibufg/O
                         net (fo=1, routed)           0.480     0.918    u_clk/inst/clk_in1_clk_wiz_0
    MMCME2_ADV_X1Y2      MMCME2_ADV (Prop_mmcme2_adv_CLKIN1_CLKOUT0)
                                                     -3.163    -2.245 r  u_clk/inst/mmcm_adv_inst/CLKOUT0
                         net (fo=1, routed)           0.544    -1.702    u_clk/inst/clk_out1_clk_wiz_0
    BUFGCTRL_X0Y17       BUFG (Prop_bufg_I_O)         0.029    -1.673 r  u_clk/inst/clkout1_buf/O
                         net (fo=152, routed)         0.838    -0.835    u_vga/clk25
    SLICE_X8Y111         FDCE                                         r  u_vga/h_cnt_reg[1]/C
                         clock pessimism              0.238    -0.597    
                         clock uncertainty            0.106    -0.491    
    SLICE_X8Y111         FDCE (Hold_fdce_C_D)         0.131    -0.360    u_vga/h_cnt_reg[1]
  -------------------------------------------------------------------
                         required time                          0.360    
                         arrival time                          -0.204    
  -------------------------------------------------------------------
                         slack                                  0.156    

Slack (MET) :             0.156ns  (arrival time - required time)
  Source:                 u_vga/h_cnt_reg[0]/C
                            (rising edge-triggered cell FDCE clocked by clk_out1_clk_wiz_0_1  {rise@0.000ns fall@20.000ns period=40.000ns})
  Destination:            u_vga/h_cnt_reg[3]/D
                            (rising edge-triggered cell FDCE clocked by clk_out1_clk_wiz_0  {rise@0.000ns fall@20.000ns period=40.000ns})
  Path Group:             clk_out1_clk_wiz_0
  Path Type:              Hold (Min at Fast Process Corner)
  Requirement:            0.000ns  (clk_out1_clk_wiz_0 rise@0.000ns - clk_out1_clk_wiz_0_1 rise@0.000ns)
  Data Path Delay:        0.393ns  (logic 0.207ns (52.626%)  route 0.186ns (47.374%))
  Logic Levels:           1  (LUT4=1)
  Clock Path Skew:        0.000ns (DCD - SCD - CPR)
    Destination Clock Delay (DCD):    -0.835ns
    Source Clock Delay      (SCD):    -0.597ns
    Clock Pessimism Removal (CPR):    -0.238ns
  Clock Uncertainty:      0.106ns  ((TSJ^2 + DJ^2)^1/2) / 2 + PE
    Total System Jitter     (TSJ):    0.071ns
    Discrete Jitter          (DJ):    0.200ns
    Phase Error              (PE):    0.000ns
  Clock Domain Crossing:  Inter clock paths are considered valid unless explicitly excluded by timing constraints such as set_clock_groups or set_false_path.

    Location             Delay type                Incr(ns)  Path(ns)    Netlist Resource(s)
  -------------------------------------------------------------------    -------------------
                         (clock clk_out1_clk_wiz_0_1 rise edge)
                                                      0.000     0.000 r  
    E3                                                0.000     0.000 r  CLK100MHZ (IN)
                         net (fo=0)                   0.000     0.000    u_clk/inst/clk_in1
    E3                   IBUF (Prop_ibuf_I_O)         0.250     0.250 r  u_clk/inst/clkin1_ibufg/O
                         net (fo=1, routed)           0.440     0.690    u_clk/inst/clk_in1_clk_wiz_0
    MMCME2_ADV_X1Y2      MMCME2_ADV (Prop_mmcme2_adv_CLKIN1_CLKOUT0)
                                                     -2.379    -1.689 r  u_clk/inst/mmcm_adv_inst/CLKOUT0
                         net (fo=1, routed)           0.499    -1.190    u_clk/inst/clk_out1_clk_wiz_0
    BUFGCTRL_X0Y17       BUFG (Prop_bufg_I_O)         0.026    -1.164 r  u_clk/inst/clkout1_buf/O
                         net (fo=152, routed)         0.567    -0.597    u_vga/clk25
    SLICE_X8Y111         FDCE                                         r  u_vga/h_cnt_reg[0]/C
  -------------------------------------------------------------------    -------------------
    SLICE_X8Y111         FDCE (Prop_fdce_C_Q)         0.164    -0.433 r  u_vga/h_cnt_reg[0]/Q
                         net (fo=11, routed)          0.186    -0.247    u_vga/x[0]
    SLICE_X8Y111         LUT4 (Prop_lut4_I1_O)        0.043    -0.204 r  u_vga/h_cnt[3]_i_1/O
                         net (fo=1, routed)           0.000    -0.204    u_vga/h_cnt[3]
    SLICE_X8Y111         FDCE                                         r  u_vga/h_cnt_reg[3]/D
  -------------------------------------------------------------------    -------------------

                         (clock clk_out1_clk_wiz_0 rise edge)
                                                      0.000     0.000 r  
    E3                                                0.000     0.000 r  CLK100MHZ (IN)
                         net (fo=0)                   0.000     0.000    u_clk/inst/clk_in1
    E3                   IBUF (Prop_ibuf_I_O)         0.438     0.438 r  u_clk/inst/clkin1_ibufg/O
                         net (fo=1, routed)           0.480     0.918    u_clk/inst/clk_in1_clk_wiz_0
    MMCME2_ADV_X1Y2      MMCME2_ADV (Prop_mmcme2_adv_CLKIN1_CLKOUT0)
                                                     -3.163    -2.245 r  u_clk/inst/mmcm_adv_inst/CLKOUT0
                         net (fo=1, routed)           0.544    -1.702    u_clk/inst/clk_out1_clk_wiz_0
    BUFGCTRL_X0Y17       BUFG (Prop_bufg_I_O)         0.029    -1.673 r  u_clk/inst/clkout1_buf/O
                         net (fo=152, routed)         0.838    -0.835    u_vga/clk25
    SLICE_X8Y111         FDCE                                         r  u_vga/h_cnt_reg[3]/C
                         clock pessimism              0.238    -0.597    
                         clock uncertainty            0.106    -0.491    
    SLICE_X8Y111         FDCE (Hold_fdce_C_D)         0.131    -0.360    u_vga/h_cnt_reg[3]
  -------------------------------------------------------------------
                         required time                          0.360    
                         arrival time                          -0.204    
  -------------------------------------------------------------------
                         slack                                  0.156    

Slack (MET) :             0.158ns  (arrival time - required time)
  Source:                 u_vga/v_cnt_reg[9]/C
                            (rising edge-triggered cell FDCE clocked by clk_out1_clk_wiz_0_1  {rise@0.000ns fall@20.000ns period=40.000ns})
  Destination:            u_vga/v_cnt_reg[9]/D
                            (rising edge-triggered cell FDCE clocked by clk_out1_clk_wiz_0  {rise@0.000ns fall@20.000ns period=40.000ns})
  Path Group:             clk_out1_clk_wiz_0
  Path Type:              Hold (Min at Fast Process Corner)
  Requirement:            0.000ns  (clk_out1_clk_wiz_0 rise@0.000ns - clk_out1_clk_wiz_0_1 rise@0.000ns)
  Data Path Delay:        0.384ns  (logic 0.209ns (54.384%)  route 0.175ns (45.616%))
  Logic Levels:           1  (LUT6=1)
  Clock Path Skew:        0.000ns (DCD - SCD - CPR)
    Destination Clock Delay (DCD):    -0.834ns
    Source Clock Delay      (SCD):    -0.596ns
    Clock Pessimism Removal (CPR):    -0.238ns
  Clock Uncertainty:      0.106ns  ((TSJ^2 + DJ^2)^1/2) / 2 + PE
    Total System Jitter     (TSJ):    0.071ns
    Discrete Jitter          (DJ):    0.200ns
    Phase Error              (PE):    0.000ns
  Clock Domain Crossing:  Inter clock paths are considered valid unless explicitly excluded by timing constraints such as set_clock_groups or set_false_path.

    Location             Delay type                Incr(ns)  Path(ns)    Netlist Resource(s)
  -------------------------------------------------------------------    -------------------
                         (clock clk_out1_clk_wiz_0_1 rise edge)
                                                      0.000     0.000 r  
    E3                                                0.000     0.000 r  CLK100MHZ (IN)
                         net (fo=0)                   0.000     0.000    u_clk/inst/clk_in1
    E3                   IBUF (Prop_ibuf_I_O)         0.250     0.250 r  u_clk/inst/clkin1_ibufg/O
                         net (fo=1, routed)           0.440     0.690    u_clk/inst/clk_in1_clk_wiz_0
    MMCME2_ADV_X1Y2      MMCME2_ADV (Prop_mmcme2_adv_CLKIN1_CLKOUT0)
                                                     -2.379    -1.689 r  u_clk/inst/mmcm_adv_inst/CLKOUT0
                         net (fo=1, routed)           0.499    -1.190    u_clk/inst/clk_out1_clk_wiz_0
    BUFGCTRL_X0Y17       BUFG (Prop_bufg_I_O)         0.026    -1.164 r  u_clk/inst/clkout1_buf/O
                         net (fo=152, routed)         0.568    -0.596    u_vga/clk25
    SLICE_X10Y108        FDCE                                         r  u_vga/v_cnt_reg[9]/C
  -------------------------------------------------------------------    -------------------
    SLICE_X10Y108        FDCE (Prop_fdce_C_Q)         0.164    -0.432 r  u_vga/v_cnt_reg[9]/Q
                         net (fo=10, routed)          0.175    -0.257    u_vga/y[9]
    SLICE_X10Y108        LUT6 (Prop_lut6_I4_O)        0.045    -0.212 r  u_vga/v_cnt[9]_i_2/O
                         net (fo=1, routed)           0.000    -0.212    u_vga/v_cnt[9]
    SLICE_X10Y108        FDCE                                         r  u_vga/v_cnt_reg[9]/D
  -------------------------------------------------------------------    -------------------

                         (clock clk_out1_clk_wiz_0 rise edge)
                                                      0.000     0.000 r  
    E3                                                0.000     0.000 r  CLK100MHZ (IN)
                         net (fo=0)                   0.000     0.000    u_clk/inst/clk_in1
    E3                   IBUF (Prop_ibuf_I_O)         0.438     0.438 r  u_clk/inst/clkin1_ibufg/O
                         net (fo=1, routed)           0.480     0.918    u_clk/inst/clk_in1_clk_wiz_0
    MMCME2_ADV_X1Y2      MMCME2_ADV (Prop_mmcme2_adv_CLKIN1_CLKOUT0)
                                                     -3.163    -2.245 r  u_clk/inst/mmcm_adv_inst/CLKOUT0
                         net (fo=1, routed)           0.544    -1.702    u_clk/inst/clk_out1_clk_wiz_0
    BUFGCTRL_X0Y17       BUFG (Prop_bufg_I_O)         0.029    -1.673 r  u_clk/inst/clkout1_buf/O
                         net (fo=152, routed)         0.839    -0.834    u_vga/clk25
    SLICE_X10Y108        FDCE                                         r  u_vga/v_cnt_reg[9]/C
                         clock pessimism              0.238    -0.596    
                         clock uncertainty            0.106    -0.490    
    SLICE_X10Y108        FDCE (Hold_fdce_C_D)         0.120    -0.370    u_vga/v_cnt_reg[9]
  -------------------------------------------------------------------
                         required time                          0.370    
                         arrival time                          -0.212    
  -------------------------------------------------------------------
                         slack                                  0.158    





---------------------------------------------------------------------------------------------------
From Clock:  clk_out1_clk_wiz_0
  To Clock:  clk_out1_clk_wiz_0_1

Setup :            0  Failing Endpoints,  Worst Slack       18.236ns,  Total Violation        0.000ns
Hold  :            0  Failing Endpoints,  Worst Slack        0.091ns,  Total Violation        0.000ns
---------------------------------------------------------------------------------------------------


Max Delay Paths
--------------------------------------------------------------------------------------
Slack (MET) :             18.236ns  (required time - arrival time)
  Source:                 u_vga/v_cnt_reg[4]/C
                            (rising edge-triggered cell FDCE clocked by clk_out1_clk_wiz_0  {rise@0.000ns fall@20.000ns period=40.000ns})
  Destination:            <hidden>
                            (rising edge-triggered cell RAMB36E1 clocked by clk_out1_clk_wiz_0_1  {rise@0.000ns fall@20.000ns period=40.000ns})
  Path Group:             clk_out1_clk_wiz_0_1
  Path Type:              Setup (Max at Slow Process Corner)
  Requirement:            40.000ns  (clk_out1_clk_wiz_0_1 rise@40.000ns - clk_out1_clk_wiz_0 rise@0.000ns)
  Data Path Delay:        21.337ns  (logic 4.738ns (22.206%)  route 16.599ns (77.794%))
  Logic Levels:           3  (DSP48E1=1 LUT3=1 LUT5=1)
  Clock Path Skew:        0.122ns (DCD - SCD + CPR)
    Destination Clock Delay (DCD):    -1.268ns = ( 38.732 - 40.000 ) 
    Source Clock Delay      (SCD):    -0.910ns
    Clock Pessimism Removal (CPR):    0.480ns
  Clock Uncertainty:      0.106ns  ((TSJ^2 + DJ^2)^1/2) / 2 + PE
    Total System Jitter     (TSJ):    0.071ns
    Discrete Jitter          (DJ):    0.200ns
    Phase Error              (PE):    0.000ns
  Clock Domain Crossing:  Inter clock paths are considered valid unless explicitly excluded by timing constraints such as set_clock_groups or set_false_path.

    Location             Delay type                Incr(ns)  Path(ns)    Netlist Resource(s)
  -------------------------------------------------------------------    -------------------
                         (clock clk_out1_clk_wiz_0 rise edge)
                                                      0.000     0.000 r  
    E3                                                0.000     0.000 r  CLK100MHZ (IN)
                         net (fo=0)                   0.000     0.000    u_clk/inst/clk_in1
    E3                   IBUF (Prop_ibuf_I_O)         1.482     1.482 r  u_clk/inst/clkin1_ibufg/O
                         net (fo=1, routed)           1.233     2.715    u_clk/inst/clk_in1_clk_wiz_0
    MMCME2_ADV_X1Y2      MMCME2_ADV (Prop_mmcme2_adv_CLKIN1_CLKOUT0)
                                                     -7.070    -4.355 r  u_clk/inst/mmcm_adv_inst/CLKOUT0
                         net (fo=1, routed)           1.719    -2.636    u_clk/inst/clk_out1_clk_wiz_0
    BUFGCTRL_X0Y17       BUFG (Prop_bufg_I_O)         0.096    -2.540 r  u_clk/inst/clkout1_buf/O
                         net (fo=152, routed)         1.630    -0.910    u_vga/clk25
    SLICE_X10Y108        FDCE                                         r  u_vga/v_cnt_reg[4]/C
  -------------------------------------------------------------------    -------------------
    SLICE_X10Y108        FDCE (Prop_fdce_C_Q)         0.478    -0.432 r  u_vga/v_cnt_reg[4]/Q
                         net (fo=13, routed)          1.349     0.917    y[4]
    DSP48_X0Y44          DSP48E1 (Prop_dsp48e1_A[4]_P[18])
                                                      4.012     4.929 f  tmp0/P[18]
                         net (fo=1, routed)           0.530     5.460    tmp0_n_87
    SLICE_X12Y113        LUT5 (Prop_lut5_I4_O)        0.124     5.584 f  u_fb_i_1/O
                         net (fo=82, routed)         12.506    18.089    <hidden>
    SLICE_X70Y55         LUT3 (Prop_lut3_I2_O)        0.124    18.213 r  <hidden>
                         net (fo=6, routed)           2.213    20.427    <hidden>
    RAMB36_X2Y4          RAMB36E1                                     r  <hidden>
  -------------------------------------------------------------------    -------------------

                         (clock clk_out1_clk_wiz_0_1 rise edge)
                                                     40.000    40.000 r  
    E3                                                0.000    40.000 r  CLK100MHZ (IN)
                         net (fo=0)                   0.000    40.000    u_clk/inst/clk_in1
    E3                   IBUF (Prop_ibuf_I_O)         1.411    41.411 r  u_clk/inst/clkin1_ibufg/O
                         net (fo=1, routed)           1.162    42.573    u_clk/inst/clk_in1_clk_wiz_0
    MMCME2_ADV_X1Y2      MMCME2_ADV (Prop_mmcme2_adv_CLKIN1_CLKOUT0)
                                                     -7.324    35.249 r  u_clk/inst/mmcm_adv_inst/CLKOUT0
                         net (fo=1, routed)           1.639    36.888    u_clk/inst/clk_out1_clk_wiz_0
    BUFGCTRL_X0Y17       BUFG (Prop_bufg_I_O)         0.091    36.979 r  u_clk/inst/clkout1_buf/O
                         net (fo=152, routed)         1.752    38.732    <hidden>
    RAMB36_X2Y4          RAMB36E1                                     r  <hidden>
                         clock pessimism              0.480    39.212    
                         clock uncertainty           -0.106    39.106    
    RAMB36_X2Y4          RAMB36E1 (Setup_ramb36e1_CLKBWRCLK_ENBWREN)
                                                     -0.443    38.663    <hidden>
  -------------------------------------------------------------------
                         required time                         38.663    
                         arrival time                         -20.427    
  -------------------------------------------------------------------
                         slack                                 18.236    

Slack (MET) :             18.541ns  (required time - arrival time)
  Source:                 u_vga/v_cnt_reg[4]/C
                            (rising edge-triggered cell FDCE clocked by clk_out1_clk_wiz_0  {rise@0.000ns fall@20.000ns period=40.000ns})
  Destination:            <hidden>
                            (rising edge-triggered cell RAMB36E1 clocked by clk_out1_clk_wiz_0_1  {rise@0.000ns fall@20.000ns period=40.000ns})
  Path Group:             clk_out1_clk_wiz_0_1
  Path Type:              Setup (Max at Slow Process Corner)
  Requirement:            40.000ns  (clk_out1_clk_wiz_0_1 rise@40.000ns - clk_out1_clk_wiz_0 rise@0.000ns)
  Data Path Delay:        20.981ns  (logic 4.738ns (22.582%)  route 16.243ns (77.418%))
  Logic Levels:           3  (DSP48E1=1 LUT3=1 LUT5=1)
  Clock Path Skew:        0.071ns (DCD - SCD + CPR)
    Destination Clock Delay (DCD):    -1.319ns = ( 38.681 - 40.000 ) 
    Source Clock Delay      (SCD):    -0.910ns
    Clock Pessimism Removal (CPR):    0.480ns
  Clock Uncertainty:      0.106ns  ((TSJ^2 + DJ^2)^1/2) / 2 + PE
    Total System Jitter     (TSJ):    0.071ns
    Discrete Jitter          (DJ):    0.200ns
    Phase Error              (PE):    0.000ns
  Clock Domain Crossing:  Inter clock paths are considered valid unless explicitly excluded by timing constraints such as set_clock_groups or set_false_path.

    Location             Delay type                Incr(ns)  Path(ns)    Netlist Resource(s)
  -------------------------------------------------------------------    -------------------
                         (clock clk_out1_clk_wiz_0 rise edge)
                                                      0.000     0.000 r  
    E3                                                0.000     0.000 r  CLK100MHZ (IN)
                         net (fo=0)                   0.000     0.000    u_clk/inst/clk_in1
    E3                   IBUF (Prop_ibuf_I_O)         1.482     1.482 r  u_clk/inst/clkin1_ibufg/O
                         net (fo=1, routed)           1.233     2.715    u_clk/inst/clk_in1_clk_wiz_0
    MMCME2_ADV_X1Y2      MMCME2_ADV (Prop_mmcme2_adv_CLKIN1_CLKOUT0)
                                                     -7.070    -4.355 r  u_clk/inst/mmcm_adv_inst/CLKOUT0
                         net (fo=1, routed)           1.719    -2.636    u_clk/inst/clk_out1_clk_wiz_0
    BUFGCTRL_X0Y17       BUFG (Prop_bufg_I_O)         0.096    -2.540 r  u_clk/inst/clkout1_buf/O
                         net (fo=152, routed)         1.630    -0.910    u_vga/clk25
    SLICE_X10Y108        FDCE                                         r  u_vga/v_cnt_reg[4]/C
  -------------------------------------------------------------------    -------------------
    SLICE_X10Y108        FDCE (Prop_fdce_C_Q)         0.478    -0.432 r  u_vga/v_cnt_reg[4]/Q
                         net (fo=13, routed)          1.349     0.917    y[4]
    DSP48_X0Y44          DSP48E1 (Prop_dsp48e1_A[4]_P[18])
                                                      4.012     4.929 f  tmp0/P[18]
                         net (fo=1, routed)           0.530     5.460    tmp0_n_87
    SLICE_X12Y113        LUT5 (Prop_lut5_I4_O)        0.124     5.584 f  u_fb_i_1/O
                         net (fo=82, routed)         12.506    18.089    <hidden>
    SLICE_X70Y55         LUT3 (Prop_lut3_I2_O)        0.124    18.213 r  <hidden>
                         net (fo=6, routed)           1.858    20.071    <hidden>
    RAMB36_X1Y6          RAMB36E1                                     r  <hidden>
  -------------------------------------------------------------------    -------------------

                         (clock clk_out1_clk_wiz_0_1 rise edge)
                                                     40.000    40.000 r  
    E3                                                0.000    40.000 r  CLK100MHZ (IN)
                         net (fo=0)                   0.000    40.000    u_clk/inst/clk_in1
    E3                   IBUF (Prop_ibuf_I_O)         1.411    41.411 r  u_clk/inst/clkin1_ibufg/O
                         net (fo=1, routed)           1.162    42.573    u_clk/inst/clk_in1_clk_wiz_0
    MMCME2_ADV_X1Y2      MMCME2_ADV (Prop_mmcme2_adv_CLKIN1_CLKOUT0)
                                                     -7.324    35.249 r  u_clk/inst/mmcm_adv_inst/CLKOUT0
                         net (fo=1, routed)           1.639    36.888    u_clk/inst/clk_out1_clk_wiz_0
    BUFGCTRL_X0Y17       BUFG (Prop_bufg_I_O)         0.091    36.979 r  u_clk/inst/clkout1_buf/O
                         net (fo=152, routed)         1.701    38.681    <hidden>
    RAMB36_X1Y6          RAMB36E1                                     r  <hidden>
                         clock pessimism              0.480    39.161    
                         clock uncertainty           -0.106    39.055    
    RAMB36_X1Y6          RAMB36E1 (Setup_ramb36e1_CLKBWRCLK_ENBWREN)
                                                     -0.443    38.612    <hidden>
  -------------------------------------------------------------------
                         required time                         38.612    
                         arrival time                         -20.071    
  -------------------------------------------------------------------
                         slack                                 18.541    

Slack (MET) :             18.601ns  (required time - arrival time)
  Source:                 u_vga/v_cnt_reg[4]/C
                            (rising edge-triggered cell FDCE clocked by clk_out1_clk_wiz_0  {rise@0.000ns fall@20.000ns period=40.000ns})
  Destination:            <hidden>
                            (rising edge-triggered cell RAMB36E1 clocked by clk_out1_clk_wiz_0_1  {rise@0.000ns fall@20.000ns period=40.000ns})
  Path Group:             clk_out1_clk_wiz_0_1
  Path Type:              Setup (Max at Slow Process Corner)
  Requirement:            40.000ns  (clk_out1_clk_wiz_0_1 rise@40.000ns - clk_out1_clk_wiz_0 rise@0.000ns)
  Data Path Delay:        20.966ns  (logic 4.738ns (22.599%)  route 16.228ns (77.401%))
  Logic Levels:           3  (DSP48E1=1 LUT3=1 LUT5=1)
  Clock Path Skew:        0.116ns (DCD - SCD + CPR)
    Destination Clock Delay (DCD):    -1.274ns = ( 38.726 - 40.000 ) 
    Source Clock Delay      (SCD):    -0.910ns
    Clock Pessimism Removal (CPR):    0.480ns
  Clock Uncertainty:      0.106ns  ((TSJ^2 + DJ^2)^1/2) / 2 + PE
    Total System Jitter     (TSJ):    0.071ns
    Discrete Jitter          (DJ):    0.200ns
    Phase Error              (PE):    0.000ns
  Clock Domain Crossing:  Inter clock paths are considered valid unless explicitly excluded by timing constraints such as set_clock_groups or set_false_path.

    Location             Delay type                Incr(ns)  Path(ns)    Netlist Resource(s)
  -------------------------------------------------------------------    -------------------
                         (clock clk_out1_clk_wiz_0 rise edge)
                                                      0.000     0.000 r  
    E3                                                0.000     0.000 r  CLK100MHZ (IN)
                         net (fo=0)                   0.000     0.000    u_clk/inst/clk_in1
    E3                   IBUF (Prop_ibuf_I_O)         1.482     1.482 r  u_clk/inst/clkin1_ibufg/O
                         net (fo=1, routed)           1.233     2.715    u_clk/inst/clk_in1_clk_wiz_0
    MMCME2_ADV_X1Y2      MMCME2_ADV (Prop_mmcme2_adv_CLKIN1_CLKOUT0)
                                                     -7.070    -4.355 r  u_clk/inst/mmcm_adv_inst/CLKOUT0
                         net (fo=1, routed)           1.719    -2.636    u_clk/inst/clk_out1_clk_wiz_0
    BUFGCTRL_X0Y17       BUFG (Prop_bufg_I_O)         0.096    -2.540 r  u_clk/inst/clkout1_buf/O
                         net (fo=152, routed)         1.630    -0.910    u_vga/clk25
    SLICE_X10Y108        FDCE                                         r  u_vga/v_cnt_reg[4]/C
  -------------------------------------------------------------------    -------------------
    SLICE_X10Y108        FDCE (Prop_fdce_C_Q)         0.478    -0.432 r  u_vga/v_cnt_reg[4]/Q
                         net (fo=13, routed)          1.349     0.917    y[4]
    DSP48_X0Y44          DSP48E1 (Prop_dsp48e1_A[4]_P[18])
                                                      4.012     4.929 f  tmp0/P[18]
                         net (fo=1, routed)           0.530     5.460    tmp0_n_87
    SLICE_X12Y113        LUT5 (Prop_lut5_I4_O)        0.124     5.584 f  u_fb_i_1/O
                         net (fo=82, routed)         12.506    18.089    <hidden>
    SLICE_X70Y55         LUT3 (Prop_lut3_I2_O)        0.124    18.213 r  <hidden>
                         net (fo=6, routed)           1.842    20.056    <hidden>
    RAMB36_X2Y5          RAMB36E1                                     r  <hidden>
  -------------------------------------------------------------------    -------------------

                         (clock clk_out1_clk_wiz_0_1 rise edge)
                                                     40.000    40.000 r  
    E3                                                0.000    40.000 r  CLK100MHZ (IN)
                         net (fo=0)                   0.000    40.000    u_clk/inst/clk_in1
    E3                   IBUF (Prop_ibuf_I_O)         1.411    41.411 r  u_clk/inst/clkin1_ibufg/O
                         net (fo=1, routed)           1.162    42.573    u_clk/inst/clk_in1_clk_wiz_0
    MMCME2_ADV_X1Y2      MMCME2_ADV (Prop_mmcme2_adv_CLKIN1_CLKOUT0)
                                                     -7.324    35.249 r  u_clk/inst/mmcm_adv_inst/CLKOUT0
                         net (fo=1, routed)           1.639    36.888    u_clk/inst/clk_out1_clk_wiz_0
    BUFGCTRL_X0Y17       BUFG (Prop_bufg_I_O)         0.091    36.979 r  u_clk/inst/clkout1_buf/O
                         net (fo=152, routed)         1.746    38.726    <hidden>
    RAMB36_X2Y5          RAMB36E1                                     r  <hidden>
                         clock pessimism              0.480    39.206    
                         clock uncertainty           -0.106    39.100    
    RAMB36_X2Y5          RAMB36E1 (Setup_ramb36e1_CLKBWRCLK_ENBWREN)
                                                     -0.443    38.657    <hidden>
  -------------------------------------------------------------------
                         required time                         38.657    
                         arrival time                         -20.056    
  -------------------------------------------------------------------
                         slack                                 18.601    

Slack (MET) :             18.889ns  (required time - arrival time)
  Source:                 u_vga/v_cnt_reg[4]/C
                            (rising edge-triggered cell FDCE clocked by clk_out1_clk_wiz_0  {rise@0.000ns fall@20.000ns period=40.000ns})
  Destination:            <hidden>
                            (rising edge-triggered cell RAMB36E1 clocked by clk_out1_clk_wiz_0_1  {rise@0.000ns fall@20.000ns period=40.000ns})
  Path Group:             clk_out1_clk_wiz_0_1
  Path Type:              Setup (Max at Slow Process Corner)
  Requirement:            40.000ns  (clk_out1_clk_wiz_0_1 rise@40.000ns - clk_out1_clk_wiz_0 rise@0.000ns)
  Data Path Delay:        20.639ns  (logic 4.738ns (22.957%)  route 15.901ns (77.043%))
  Logic Levels:           3  (DSP48E1=1 LUT3=1 LUT5=1)
  Clock Path Skew:        0.077ns (DCD - SCD + CPR)
    Destination Clock Delay (DCD):    -1.313ns = ( 38.687 - 40.000 ) 
    Source Clock Delay      (SCD):    -0.910ns
    Clock Pessimism Removal (CPR):    0.480ns
  Clock Uncertainty:      0.106ns  ((TSJ^2 + DJ^2)^1/2) / 2 + PE
    Total System Jitter     (TSJ):    0.071ns
    Discrete Jitter          (DJ):    0.200ns
    Phase Error              (PE):    0.000ns
  Clock Domain Crossing:  Inter clock paths are considered valid unless explicitly excluded by timing constraints such as set_clock_groups or set_false_path.

    Location             Delay type                Incr(ns)  Path(ns)    Netlist Resource(s)
  -------------------------------------------------------------------    -------------------
                         (clock clk_out1_clk_wiz_0 rise edge)
                                                      0.000     0.000 r  
    E3                                                0.000     0.000 r  CLK100MHZ (IN)
                         net (fo=0)                   0.000     0.000    u_clk/inst/clk_in1
    E3                   IBUF (Prop_ibuf_I_O)         1.482     1.482 r  u_clk/inst/clkin1_ibufg/O
                         net (fo=1, routed)           1.233     2.715    u_clk/inst/clk_in1_clk_wiz_0
    MMCME2_ADV_X1Y2      MMCME2_ADV (Prop_mmcme2_adv_CLKIN1_CLKOUT0)
                                                     -7.070    -4.355 r  u_clk/inst/mmcm_adv_inst/CLKOUT0
                         net (fo=1, routed)           1.719    -2.636    u_clk/inst/clk_out1_clk_wiz_0
    BUFGCTRL_X0Y17       BUFG (Prop_bufg_I_O)         0.096    -2.540 r  u_clk/inst/clkout1_buf/O
                         net (fo=152, routed)         1.630    -0.910    u_vga/clk25
    SLICE_X10Y108        FDCE                                         r  u_vga/v_cnt_reg[4]/C
  -------------------------------------------------------------------    -------------------
    SLICE_X10Y108        FDCE (Prop_fdce_C_Q)         0.478    -0.432 r  u_vga/v_cnt_reg[4]/Q
                         net (fo=13, routed)          1.349     0.917    y[4]
    DSP48_X0Y44          DSP48E1 (Prop_dsp48e1_A[4]_P[18])
                                                      4.012     4.929 f  tmp0/P[18]
                         net (fo=1, routed)           0.530     5.460    tmp0_n_87
    SLICE_X12Y113        LUT5 (Prop_lut5_I4_O)        0.124     5.584 f  u_fb_i_1/O
                         net (fo=82, routed)         12.506    18.089    <hidden>
    SLICE_X70Y55         LUT3 (Prop_lut3_I2_O)        0.124    18.213 r  <hidden>
                         net (fo=6, routed)           1.515    19.729    <hidden>
    RAMB36_X1Y7          RAMB36E1                                     r  <hidden>
  -------------------------------------------------------------------    -------------------

                         (clock clk_out1_clk_wiz_0_1 rise edge)
                                                     40.000    40.000 r  
    E3                                                0.000    40.000 r  CLK100MHZ (IN)
                         net (fo=0)                   0.000    40.000    u_clk/inst/clk_in1
    E3                   IBUF (Prop_ibuf_I_O)         1.411    41.411 r  u_clk/inst/clkin1_ibufg/O
                         net (fo=1, routed)           1.162    42.573    u_clk/inst/clk_in1_clk_wiz_0
    MMCME2_ADV_X1Y2      MMCME2_ADV (Prop_mmcme2_adv_CLKIN1_CLKOUT0)
                                                     -7.324    35.249 r  u_clk/inst/mmcm_adv_inst/CLKOUT0
                         net (fo=1, routed)           1.639    36.888    u_clk/inst/clk_out1_clk_wiz_0
    BUFGCTRL_X0Y17       BUFG (Prop_bufg_I_O)         0.091    36.979 r  u_clk/inst/clkout1_buf/O
                         net (fo=152, routed)         1.707    38.687    <hidden>
    RAMB36_X1Y7          RAMB36E1                                     r  <hidden>
                         clock pessimism              0.480    39.167    
                         clock uncertainty           -0.106    39.061    
    RAMB36_X1Y7          RAMB36E1 (Setup_ramb36e1_CLKBWRCLK_ENBWREN)
                                                     -0.443    38.618    <hidden>
  -------------------------------------------------------------------
                         required time                         38.618    
                         arrival time                         -19.729    
  -------------------------------------------------------------------
                         slack                                 18.889    

Slack (MET) :             19.013ns  (required time - arrival time)
  Source:                 u_vga/v_cnt_reg[4]/C
                            (rising edge-triggered cell FDCE clocked by clk_out1_clk_wiz_0  {rise@0.000ns fall@20.000ns period=40.000ns})
  Destination:            <hidden>
                            (rising edge-triggered cell RAMB36E1 clocked by clk_out1_clk_wiz_0_1  {rise@0.000ns fall@20.000ns period=40.000ns})
  Path Group:             clk_out1_clk_wiz_0_1
  Path Type:              Setup (Max at Slow Process Corner)
  Requirement:            40.000ns  (clk_out1_clk_wiz_0_1 rise@40.000ns - clk_out1_clk_wiz_0 rise@0.000ns)
  Data Path Delay:        20.560ns  (logic 4.738ns (23.044%)  route 15.822ns (76.956%))
  Logic Levels:           3  (DSP48E1=1 LUT3=1 LUT5=1)
  Clock Path Skew:        0.122ns (DCD - SCD + CPR)
    Destination Clock Delay (DCD):    -1.268ns = ( 38.732 - 40.000 ) 
    Source Clock Delay      (SCD):    -0.910ns
    Clock Pessimism Removal (CPR):    0.480ns
  Clock Uncertainty:      0.106ns  ((TSJ^2 + DJ^2)^1/2) / 2 + PE
    Total System Jitter     (TSJ):    0.071ns
    Discrete Jitter          (DJ):    0.200ns
    Phase Error              (PE):    0.000ns
  Clock Domain Crossing:  Inter clock paths are considered valid unless explicitly excluded by timing constraints such as set_clock_groups or set_false_path.

    Location             Delay type                Incr(ns)  Path(ns)    Netlist Resource(s)
  -------------------------------------------------------------------    -------------------
                         (clock clk_out1_clk_wiz_0 rise edge)
                                                      0.000     0.000 r  
    E3                                                0.000     0.000 r  CLK100MHZ (IN)
                         net (fo=0)                   0.000     0.000    u_clk/inst/clk_in1
    E3                   IBUF (Prop_ibuf_I_O)         1.482     1.482 r  u_clk/inst/clkin1_ibufg/O
                         net (fo=1, routed)           1.233     2.715    u_clk/inst/clk_in1_clk_wiz_0
    MMCME2_ADV_X1Y2      MMCME2_ADV (Prop_mmcme2_adv_CLKIN1_CLKOUT0)
                                                     -7.070    -4.355 r  u_clk/inst/mmcm_adv_inst/CLKOUT0
                         net (fo=1, routed)           1.719    -2.636    u_clk/inst/clk_out1_clk_wiz_0
    BUFGCTRL_X0Y17       BUFG (Prop_bufg_I_O)         0.096    -2.540 r  u_clk/inst/clkout1_buf/O
                         net (fo=152, routed)         1.630    -0.910    u_vga/clk25
    SLICE_X10Y108        FDCE                                         r  u_vga/v_cnt_reg[4]/C
  -------------------------------------------------------------------    -------------------
    SLICE_X10Y108        FDCE (Prop_fdce_C_Q)         0.478    -0.432 r  u_vga/v_cnt_reg[4]/Q
                         net (fo=13, routed)          1.349     0.917    y[4]
    DSP48_X0Y44          DSP48E1 (Prop_dsp48e1_A[4]_P[18])
                                                      4.012     4.929 f  tmp0/P[18]
                         net (fo=1, routed)           0.530     5.460    tmp0_n_87
    SLICE_X12Y113        LUT5 (Prop_lut5_I4_O)        0.124     5.584 f  u_fb_i_1/O
                         net (fo=82, routed)         12.506    18.089    <hidden>
    SLICE_X70Y55         LUT3 (Prop_lut3_I2_O)        0.124    18.213 r  <hidden>
                         net (fo=6, routed)           1.437    19.650    <hidden>
    RAMB36_X2Y6          RAMB36E1                                     r  <hidden>
  -------------------------------------------------------------------    -------------------

                         (clock clk_out1_clk_wiz_0_1 rise edge)
                                                     40.000    40.000 r  
    E3                                                0.000    40.000 r  CLK100MHZ (IN)
                         net (fo=0)                   0.000    40.000    u_clk/inst/clk_in1
    E3                   IBUF (Prop_ibuf_I_O)         1.411    41.411 r  u_clk/inst/clkin1_ibufg/O
                         net (fo=1, routed)           1.162    42.573    u_clk/inst/clk_in1_clk_wiz_0
    MMCME2_ADV_X1Y2      MMCME2_ADV (Prop_mmcme2_adv_CLKIN1_CLKOUT0)
                                                     -7.324    35.249 r  u_clk/inst/mmcm_adv_inst/CLKOUT0
                         net (fo=1, routed)           1.639    36.888    u_clk/inst/clk_out1_clk_wiz_0
    BUFGCTRL_X0Y17       BUFG (Prop_bufg_I_O)         0.091    36.979 r  u_clk/inst/clkout1_buf/O
                         net (fo=152, routed)         1.752    38.732    <hidden>
    RAMB36_X2Y6          RAMB36E1                                     r  <hidden>
                         clock pessimism              0.480    39.212    
                         clock uncertainty           -0.106    39.106    
    RAMB36_X2Y6          RAMB36E1 (Setup_ramb36e1_CLKBWRCLK_ENBWREN)
                                                     -0.443    38.663    <hidden>
  -------------------------------------------------------------------
                         required time                         38.663    
                         arrival time                         -19.650    
  -------------------------------------------------------------------
                         slack                                 19.013    

Slack (MET) :             19.356ns  (required time - arrival time)
  Source:                 u_vga/v_cnt_reg[4]/C
                            (rising edge-triggered cell FDCE clocked by clk_out1_clk_wiz_0  {rise@0.000ns fall@20.000ns period=40.000ns})
  Destination:            <hidden>
                            (rising edge-triggered cell RAMB36E1 clocked by clk_out1_clk_wiz_0_1  {rise@0.000ns fall@20.000ns period=40.000ns})
  Path Group:             clk_out1_clk_wiz_0_1
  Path Type:              Setup (Max at Slow Process Corner)
  Requirement:            40.000ns  (clk_out1_clk_wiz_0_1 rise@40.000ns - clk_out1_clk_wiz_0 rise@0.000ns)
  Data Path Delay:        20.229ns  (logic 4.738ns (23.422%)  route 15.491ns (76.578%))
  Logic Levels:           3  (DSP48E1=1 LUT5=2)
  Clock Path Skew:        0.134ns (DCD - SCD + CPR)
    Destination Clock Delay (DCD):    -1.264ns = ( 38.736 - 40.000 ) 
    Source Clock Delay      (SCD):    -0.910ns
    Clock Pessimism Removal (CPR):    0.488ns
  Clock Uncertainty:      0.106ns  ((TSJ^2 + DJ^2)^1/2) / 2 + PE
    Total System Jitter     (TSJ):    0.071ns
    Discrete Jitter          (DJ):    0.200ns
    Phase Error              (PE):    0.000ns
  Clock Domain Crossing:  Inter clock paths are considered valid unless explicitly excluded by timing constraints such as set_clock_groups or set_false_path.

    Location             Delay type                Incr(ns)  Path(ns)    Netlist Resource(s)
  -------------------------------------------------------------------    -------------------
                         (clock clk_out1_clk_wiz_0 rise edge)
                                                      0.000     0.000 r  
    E3                                                0.000     0.000 r  CLK100MHZ (IN)
                         net (fo=0)                   0.000     0.000    u_clk/inst/clk_in1
    E3                   IBUF (Prop_ibuf_I_O)         1.482     1.482 r  u_clk/inst/clkin1_ibufg/O
                         net (fo=1, routed)           1.233     2.715    u_clk/inst/clk_in1_clk_wiz_0
    MMCME2_ADV_X1Y2      MMCME2_ADV (Prop_mmcme2_adv_CLKIN1_CLKOUT0)
                                                     -7.070    -4.355 r  u_clk/inst/mmcm_adv_inst/CLKOUT0
                         net (fo=1, routed)           1.719    -2.636    u_clk/inst/clk_out1_clk_wiz_0
    BUFGCTRL_X0Y17       BUFG (Prop_bufg_I_O)         0.096    -2.540 r  u_clk/inst/clkout1_buf/O
                         net (fo=152, routed)         1.630    -0.910    u_vga/clk25
    SLICE_X10Y108        FDCE                                         r  u_vga/v_cnt_reg[4]/C
  -------------------------------------------------------------------    -------------------
    SLICE_X10Y108        FDCE (Prop_fdce_C_Q)         0.478    -0.432 r  u_vga/v_cnt_reg[4]/Q
                         net (fo=13, routed)          1.349     0.917    y[4]
    DSP48_X0Y44          DSP48E1 (Prop_dsp48e1_A[4]_P[15])
                                                      4.012     4.929 f  tmp0/P[15]
                         net (fo=1, routed)           0.523     5.453    tmp0_n_90
    SLICE_X12Y113        LUT5 (Prop_lut5_I4_O)        0.124     5.577 f  u_fb_i_4/O
                         net (fo=102, routed)        12.045    17.622    <hidden>
    SLICE_X72Y173        LUT5 (Prop_lut5_I0_O)        0.124    17.746 r  <hidden>
                         net (fo=1, routed)           1.573    19.319    <hidden>
    RAMB36_X2Y39         RAMB36E1                                     r  <hidden>
  -------------------------------------------------------------------    -------------------

                         (clock clk_out1_clk_wiz_0_1 rise edge)
                                                     40.000    40.000 r  
    E3                                                0.000    40.000 r  CLK100MHZ (IN)
                         net (fo=0)                   0.000    40.000    u_clk/inst/clk_in1
    E3                   IBUF (Prop_ibuf_I_O)         1.411    41.411 r  u_clk/inst/clkin1_ibufg/O
                         net (fo=1, routed)           1.162    42.573    u_clk/inst/clk_in1_clk_wiz_0
    MMCME2_ADV_X1Y2      MMCME2_ADV (Prop_mmcme2_adv_CLKIN1_CLKOUT0)
                                                     -7.324    35.249 r  u_clk/inst/mmcm_adv_inst/CLKOUT0
                         net (fo=1, routed)           1.639    36.888    u_clk/inst/clk_out1_clk_wiz_0
    BUFGCTRL_X0Y17       BUFG (Prop_bufg_I_O)         0.091    36.979 r  u_clk/inst/clkout1_buf/O
                         net (fo=152, routed)         1.756    38.736    <hidden>
    RAMB36_X2Y39         RAMB36E1                                     r  <hidden>
                         clock pessimism              0.488    39.224    
                         clock uncertainty           -0.106    39.118    
    RAMB36_X2Y39         RAMB36E1 (Setup_ramb36e1_CLKBWRCLK_ENBWREN)
                                                     -0.443    38.675    <hidden>
  -------------------------------------------------------------------
                         required time                         38.675    
                         arrival time                         -19.319    
  -------------------------------------------------------------------
                         slack                                 19.356    

Slack (MET) :             19.368ns  (required time - arrival time)
  Source:                 u_vga/v_cnt_reg[4]/C
                            (rising edge-triggered cell FDCE clocked by clk_out1_clk_wiz_0  {rise@0.000ns fall@20.000ns period=40.000ns})
  Destination:            <hidden>
                            (rising edge-triggered cell RAMB36E1 clocked by clk_out1_clk_wiz_0_1  {rise@0.000ns fall@20.000ns period=40.000ns})
  Path Group:             clk_out1_clk_wiz_0_1
  Path Type:              Setup (Max at Slow Process Corner)
  Requirement:            40.000ns  (clk_out1_clk_wiz_0_1 rise@40.000ns - clk_out1_clk_wiz_0 rise@0.000ns)
  Data Path Delay:        20.211ns  (logic 4.738ns (23.443%)  route 15.473ns (76.557%))
  Logic Levels:           3  (DSP48E1=1 LUT3=1 LUT5=1)
  Clock Path Skew:        0.128ns (DCD - SCD + CPR)
    Destination Clock Delay (DCD):    -1.262ns = ( 38.738 - 40.000 ) 
    Source Clock Delay      (SCD):    -0.910ns
    Clock Pessimism Removal (CPR):    0.480ns
  Clock Uncertainty:      0.106ns  ((TSJ^2 + DJ^2)^1/2) / 2 + PE
    Total System Jitter     (TSJ):    0.071ns
    Discrete Jitter          (DJ):    0.200ns
    Phase Error              (PE):    0.000ns
  Clock Domain Crossing:  Inter clock paths are considered valid unless explicitly excluded by timing constraints such as set_clock_groups or set_false_path.

    Location             Delay type                Incr(ns)  Path(ns)    Netlist Resource(s)
  -------------------------------------------------------------------    -------------------
                         (clock clk_out1_clk_wiz_0 rise edge)
                                                      0.000     0.000 r  
    E3                                                0.000     0.000 r  CLK100MHZ (IN)
                         net (fo=0)                   0.000     0.000    u_clk/inst/clk_in1
    E3                   IBUF (Prop_ibuf_I_O)         1.482     1.482 r  u_clk/inst/clkin1_ibufg/O
                         net (fo=1, routed)           1.233     2.715    u_clk/inst/clk_in1_clk_wiz_0
    MMCME2_ADV_X1Y2      MMCME2_ADV (Prop_mmcme2_adv_CLKIN1_CLKOUT0)
                                                     -7.070    -4.355 r  u_clk/inst/mmcm_adv_inst/CLKOUT0
                         net (fo=1, routed)           1.719    -2.636    u_clk/inst/clk_out1_clk_wiz_0
    BUFGCTRL_X0Y17       BUFG (Prop_bufg_I_O)         0.096    -2.540 r  u_clk/inst/clkout1_buf/O
                         net (fo=152, routed)         1.630    -0.910    u_vga/clk25
    SLICE_X10Y108        FDCE                                         r  u_vga/v_cnt_reg[4]/C
  -------------------------------------------------------------------    -------------------
    SLICE_X10Y108        FDCE (Prop_fdce_C_Q)         0.478    -0.432 r  u_vga/v_cnt_reg[4]/Q
                         net (fo=13, routed)          1.349     0.917    y[4]
    DSP48_X0Y44          DSP48E1 (Prop_dsp48e1_A[4]_P[18])
                                                      4.012     4.929 f  tmp0/P[18]
                         net (fo=1, routed)           0.530     5.460    tmp0_n_87
    SLICE_X12Y113        LUT5 (Prop_lut5_I4_O)        0.124     5.584 f  u_fb_i_1/O
                         net (fo=82, routed)         12.506    18.089    <hidden>
    SLICE_X70Y55         LUT3 (Prop_lut3_I2_O)        0.124    18.213 r  <hidden>
                         net (fo=6, routed)           1.087    19.301    <hidden>
    RAMB36_X2Y7          RAMB36E1                                     r  <hidden>
  -------------------------------------------------------------------    -------------------

                         (clock clk_out1_clk_wiz_0_1 rise edge)
                                                     40.000    40.000 r  
    E3                                                0.000    40.000 r  CLK100MHZ (IN)
                         net (fo=0)                   0.000    40.000    u_clk/inst/clk_in1
    E3                   IBUF (Prop_ibuf_I_O)         1.411    41.411 r  u_clk/inst/clkin1_ibufg/O
                         net (fo=1, routed)           1.162    42.573    u_clk/inst/clk_in1_clk_wiz_0
    MMCME2_ADV_X1Y2      MMCME2_ADV (Prop_mmcme2_adv_CLKIN1_CLKOUT0)
                                                     -7.324    35.249 r  u_clk/inst/mmcm_adv_inst/CLKOUT0
                         net (fo=1, routed)           1.639    36.888    u_clk/inst/clk_out1_clk_wiz_0
    BUFGCTRL_X0Y17       BUFG (Prop_bufg_I_O)         0.091    36.979 r  u_clk/inst/clkout1_buf/O
                         net (fo=152, routed)         1.758    38.738    <hidden>
    RAMB36_X2Y7          RAMB36E1                                     r  <hidden>
                         clock pessimism              0.480    39.218    
                         clock uncertainty           -0.106    39.112    
    RAMB36_X2Y7          RAMB36E1 (Setup_ramb36e1_CLKBWRCLK_ENBWREN)
                                                     -0.443    38.669    <hidden>
  -------------------------------------------------------------------
                         required time                         38.669    
                         arrival time                         -19.301    
  -------------------------------------------------------------------
                         slack                                 19.368    

Slack (MET) :             19.496ns  (required time - arrival time)
  Source:                 u_vga/v_cnt_reg[4]/C
                            (rising edge-triggered cell FDCE clocked by clk_out1_clk_wiz_0  {rise@0.000ns fall@20.000ns period=40.000ns})
  Destination:            <hidden>
                            (rising edge-triggered cell RAMB36E1 clocked by clk_out1_clk_wiz_0_1  {rise@0.000ns fall@20.000ns period=40.000ns})
  Path Group:             clk_out1_clk_wiz_0_1
  Path Type:              Setup (Max at Slow Process Corner)
  Requirement:            40.000ns  (clk_out1_clk_wiz_0_1 rise@40.000ns - clk_out1_clk_wiz_0 rise@0.000ns)
  Data Path Delay:        19.965ns  (logic 4.738ns (23.732%)  route 15.227ns (76.268%))
  Logic Levels:           3  (DSP48E1=1 LUT3=1 LUT5=1)
  Clock Path Skew:        0.011ns (DCD - SCD + CPR)
    Destination Clock Delay (DCD):    -1.380ns = ( 38.620 - 40.000 ) 
    Source Clock Delay      (SCD):    -0.910ns
    Clock Pessimism Removal (CPR):    0.480ns
  Clock Uncertainty:      0.106ns  ((TSJ^2 + DJ^2)^1/2) / 2 + PE
    Total System Jitter     (TSJ):    0.071ns
    Discrete Jitter          (DJ):    0.200ns
    Phase Error              (PE):    0.000ns
  Clock Domain Crossing:  Inter clock paths are considered valid unless explicitly excluded by timing constraints such as set_clock_groups or set_false_path.

    Location             Delay type                Incr(ns)  Path(ns)    Netlist Resource(s)
  -------------------------------------------------------------------    -------------------
                         (clock clk_out1_clk_wiz_0 rise edge)
                                                      0.000     0.000 r  
    E3                                                0.000     0.000 r  CLK100MHZ (IN)
                         net (fo=0)                   0.000     0.000    u_clk/inst/clk_in1
    E3                   IBUF (Prop_ibuf_I_O)         1.482     1.482 r  u_clk/inst/clkin1_ibufg/O
                         net (fo=1, routed)           1.233     2.715    u_clk/inst/clk_in1_clk_wiz_0
    MMCME2_ADV_X1Y2      MMCME2_ADV (Prop_mmcme2_adv_CLKIN1_CLKOUT0)
                                                     -7.070    -4.355 r  u_clk/inst/mmcm_adv_inst/CLKOUT0
                         net (fo=1, routed)           1.719    -2.636    u_clk/inst/clk_out1_clk_wiz_0
    BUFGCTRL_X0Y17       BUFG (Prop_bufg_I_O)         0.096    -2.540 r  u_clk/inst/clkout1_buf/O
                         net (fo=152, routed)         1.630    -0.910    u_vga/clk25
    SLICE_X10Y108        FDCE                                         r  u_vga/v_cnt_reg[4]/C
  -------------------------------------------------------------------    -------------------
    SLICE_X10Y108        FDCE (Prop_fdce_C_Q)         0.478    -0.432 r  u_vga/v_cnt_reg[4]/Q
                         net (fo=13, routed)          1.349     0.917    y[4]
    DSP48_X0Y44          DSP48E1 (Prop_dsp48e1_A[4]_P[18])
                                                      4.012     4.929 f  tmp0/P[18]
                         net (fo=1, routed)           0.530     5.460    tmp0_n_87
    SLICE_X12Y113        LUT5 (Prop_lut5_I4_O)        0.124     5.584 f  u_fb_i_1/O
                         net (fo=82, routed)         12.104    17.687    <hidden>
    SLICE_X74Y65         LUT3 (Prop_lut3_I2_O)        0.124    17.811 r  <hidden>
                         net (fo=6, routed)           1.243    19.055    <hidden>
    RAMB36_X3Y10         RAMB36E1                                     r  <hidden>
  -------------------------------------------------------------------    -------------------

                         (clock clk_out1_clk_wiz_0_1 rise edge)
                                                     40.000    40.000 r  
    E3                                                0.000    40.000 r  CLK100MHZ (IN)
                         net (fo=0)                   0.000    40.000    u_clk/inst/clk_in1
    E3                   IBUF (Prop_ibuf_I_O)         1.411    41.411 r  u_clk/inst/clkin1_ibufg/O
                         net (fo=1, routed)           1.162    42.573    u_clk/inst/clk_in1_clk_wiz_0
    MMCME2_ADV_X1Y2      MMCME2_ADV (Prop_mmcme2_adv_CLKIN1_CLKOUT0)
                                                     -7.324    35.249 r  u_clk/inst/mmcm_adv_inst/CLKOUT0
                         net (fo=1, routed)           1.639    36.888    u_clk/inst/clk_out1_clk_wiz_0
    BUFGCTRL_X0Y17       BUFG (Prop_bufg_I_O)         0.091    36.979 r  u_clk/inst/clkout1_buf/O
                         net (fo=152, routed)         1.641    38.620    <hidden>
    RAMB36_X3Y10         RAMB36E1                                     r  <hidden>
                         clock pessimism              0.480    39.101    
                         clock uncertainty           -0.106    38.994    
    RAMB36_X3Y10         RAMB36E1 (Setup_ramb36e1_CLKBWRCLK_ENBWREN)
                                                     -0.443    38.551    <hidden>
  -------------------------------------------------------------------
                         required time                         38.551    
                         arrival time                         -19.055    
  -------------------------------------------------------------------
                         slack                                 19.496    

Slack (MET) :             19.519ns  (required time - arrival time)
  Source:                 u_vga/v_cnt_reg[4]/C
                            (rising edge-triggered cell FDCE clocked by clk_out1_clk_wiz_0  {rise@0.000ns fall@20.000ns period=40.000ns})
  Destination:            <hidden>
                            (rising edge-triggered cell RAMB36E1 clocked by clk_out1_clk_wiz_0_1  {rise@0.000ns fall@20.000ns period=40.000ns})
  Path Group:             clk_out1_clk_wiz_0_1
  Path Type:              Setup (Max at Slow Process Corner)
  Requirement:            40.000ns  (clk_out1_clk_wiz_0_1 rise@40.000ns - clk_out1_clk_wiz_0 rise@0.000ns)
  Data Path Delay:        20.016ns  (logic 4.738ns (23.672%)  route 15.278ns (76.328%))
  Logic Levels:           3  (DSP48E1=1 LUT5=2)
  Clock Path Skew:        0.083ns (DCD - SCD + CPR)
    Destination Clock Delay (DCD):    -1.315ns = ( 38.685 - 40.000 ) 
    Source Clock Delay      (SCD):    -0.910ns
    Clock Pessimism Removal (CPR):    0.488ns
  Clock Uncertainty:      0.106ns  ((TSJ^2 + DJ^2)^1/2) / 2 + PE
    Total System Jitter     (TSJ):    0.071ns
    Discrete Jitter          (DJ):    0.200ns
    Phase Error              (PE):    0.000ns
  Clock Domain Crossing:  Inter clock paths are considered valid unless explicitly excluded by timing constraints such as set_clock_groups or set_false_path.

    Location             Delay type                Incr(ns)  Path(ns)    Netlist Resource(s)
  -------------------------------------------------------------------    -------------------
                         (clock clk_out1_clk_wiz_0 rise edge)
                                                      0.000     0.000 r  
    E3                                                0.000     0.000 r  CLK100MHZ (IN)
                         net (fo=0)                   0.000     0.000    u_clk/inst/clk_in1
    E3                   IBUF (Prop_ibuf_I_O)         1.482     1.482 r  u_clk/inst/clkin1_ibufg/O
                         net (fo=1, routed)           1.233     2.715    u_clk/inst/clk_in1_clk_wiz_0
    MMCME2_ADV_X1Y2      MMCME2_ADV (Prop_mmcme2_adv_CLKIN1_CLKOUT0)
                                                     -7.070    -4.355 r  u_clk/inst/mmcm_adv_inst/CLKOUT0
                         net (fo=1, routed)           1.719    -2.636    u_clk/inst/clk_out1_clk_wiz_0
    BUFGCTRL_X0Y17       BUFG (Prop_bufg_I_O)         0.096    -2.540 r  u_clk/inst/clkout1_buf/O
                         net (fo=152, routed)         1.630    -0.910    u_vga/clk25
    SLICE_X10Y108        FDCE                                         r  u_vga/v_cnt_reg[4]/C
  -------------------------------------------------------------------    -------------------
    SLICE_X10Y108        FDCE (Prop_fdce_C_Q)         0.478    -0.432 r  u_vga/v_cnt_reg[4]/Q
                         net (fo=13, routed)          1.349     0.917    y[4]
    DSP48_X0Y44          DSP48E1 (Prop_dsp48e1_A[4]_P[15])
                                                      4.012     4.929 r  tmp0/P[15]
                         net (fo=1, routed)           0.523     5.453    tmp0_n_90
    SLICE_X12Y113        LUT5 (Prop_lut5_I4_O)        0.124     5.577 r  u_fb_i_4/O
                         net (fo=102, routed)        11.764    17.341    <hidden>
    SLICE_X62Y173        LUT5 (Prop_lut5_I0_O)        0.124    17.465 r  <hidden>
                         net (fo=1, routed)           1.640    19.105    <hidden>
    RAMB36_X1Y39         RAMB36E1                                     r  <hidden>
  -------------------------------------------------------------------    -------------------

                         (clock clk_out1_clk_wiz_0_1 rise edge)
                                                     40.000    40.000 r  
    E3                                                0.000    40.000 r  CLK100MHZ (IN)
                         net (fo=0)                   0.000    40.000    u_clk/inst/clk_in1
    E3                   IBUF (Prop_ibuf_I_O)         1.411    41.411 r  u_clk/inst/clkin1_ibufg/O
                         net (fo=1, routed)           1.162    42.573    u_clk/inst/clk_in1_clk_wiz_0
    MMCME2_ADV_X1Y2      MMCME2_ADV (Prop_mmcme2_adv_CLKIN1_CLKOUT0)
                                                     -7.324    35.249 r  u_clk/inst/mmcm_adv_inst/CLKOUT0
                         net (fo=1, routed)           1.639    36.888    u_clk/inst/clk_out1_clk_wiz_0
    BUFGCTRL_X0Y17       BUFG (Prop_bufg_I_O)         0.091    36.979 r  u_clk/inst/clkout1_buf/O
                         net (fo=152, routed)         1.705    38.685    <hidden>
    RAMB36_X1Y39         RAMB36E1                                     r  <hidden>
                         clock pessimism              0.488    39.173    
                         clock uncertainty           -0.106    39.067    
    RAMB36_X1Y39         RAMB36E1 (Setup_ramb36e1_CLKBWRCLK_ENBWREN)
                                                     -0.443    38.624    <hidden>
  -------------------------------------------------------------------
                         required time                         38.624    
                         arrival time                         -19.105    
  -------------------------------------------------------------------
                         slack                                 19.519    

Slack (MET) :             19.642ns  (required time - arrival time)
  Source:                 u_vga/v_cnt_reg[4]/C
                            (rising edge-triggered cell FDCE clocked by clk_out1_clk_wiz_0  {rise@0.000ns fall@20.000ns period=40.000ns})
  Destination:            <hidden>
                            (rising edge-triggered cell RAMB36E1 clocked by clk_out1_clk_wiz_0_1  {rise@0.000ns fall@20.000ns period=40.000ns})
  Path Group:             clk_out1_clk_wiz_0_1
  Path Type:              Setup (Max at Slow Process Corner)
  Requirement:            40.000ns  (clk_out1_clk_wiz_0_1 rise@40.000ns - clk_out1_clk_wiz_0 rise@0.000ns)
  Data Path Delay:        19.819ns  (logic 4.738ns (23.907%)  route 15.081ns (76.093%))
  Logic Levels:           3  (DSP48E1=1 LUT3=1 LUT5=1)
  Clock Path Skew:        0.010ns (DCD - SCD + CPR)
    Destination Clock Delay (DCD):    -1.381ns = ( 38.619 - 40.000 ) 
    Source Clock Delay      (SCD):    -0.910ns
    Clock Pessimism Removal (CPR):    0.480ns
  Clock Uncertainty:      0.106ns  ((TSJ^2 + DJ^2)^1/2) / 2 + PE
    Total System Jitter     (TSJ):    0.071ns
    Discrete Jitter          (DJ):    0.200ns
    Phase Error              (PE):    0.000ns
  Clock Domain Crossing:  Inter clock paths are considered valid unless explicitly excluded by timing constraints such as set_clock_groups or set_false_path.

    Location             Delay type                Incr(ns)  Path(ns)    Netlist Resource(s)
  -------------------------------------------------------------------    -------------------
                         (clock clk_out1_clk_wiz_0 rise edge)
                                                      0.000     0.000 r  
    E3                                                0.000     0.000 r  CLK100MHZ (IN)
                         net (fo=0)                   0.000     0.000    u_clk/inst/clk_in1
    E3                   IBUF (Prop_ibuf_I_O)         1.482     1.482 r  u_clk/inst/clkin1_ibufg/O
                         net (fo=1, routed)           1.233     2.715    u_clk/inst/clk_in1_clk_wiz_0
    MMCME2_ADV_X1Y2      MMCME2_ADV (Prop_mmcme2_adv_CLKIN1_CLKOUT0)
                                                     -7.070    -4.355 r  u_clk/inst/mmcm_adv_inst/CLKOUT0
                         net (fo=1, routed)           1.719    -2.636    u_clk/inst/clk_out1_clk_wiz_0
    BUFGCTRL_X0Y17       BUFG (Prop_bufg_I_O)         0.096    -2.540 r  u_clk/inst/clkout1_buf/O
                         net (fo=152, routed)         1.630    -0.910    u_vga/clk25
    SLICE_X10Y108        FDCE                                         r  u_vga/v_cnt_reg[4]/C
  -------------------------------------------------------------------    -------------------
    SLICE_X10Y108        FDCE (Prop_fdce_C_Q)         0.478    -0.432 r  u_vga/v_cnt_reg[4]/Q
                         net (fo=13, routed)          1.349     0.917    y[4]
    DSP48_X0Y44          DSP48E1 (Prop_dsp48e1_A[4]_P[18])
                                                      4.012     4.929 f  tmp0/P[18]
                         net (fo=1, routed)           0.530     5.460    tmp0_n_87
    SLICE_X12Y113        LUT5 (Prop_lut5_I4_O)        0.124     5.584 f  u_fb_i_1/O
                         net (fo=82, routed)         12.104    17.687    <hidden>
    SLICE_X74Y65         LUT3 (Prop_lut3_I2_O)        0.124    17.811 r  <hidden>
                         net (fo=6, routed)           1.097    18.908    <hidden>
    RAMB36_X3Y11         RAMB36E1                                     r  <hidden>
  -------------------------------------------------------------------    -------------------

                         (clock clk_out1_clk_wiz_0_1 rise edge)
                                                     40.000    40.000 r  
    E3                                                0.000    40.000 r  CLK100MHZ (IN)
                         net (fo=0)                   0.000    40.000    u_clk/inst/clk_in1
    E3                   IBUF (Prop_ibuf_I_O)         1.411    41.411 r  u_clk/inst/clkin1_ibufg/O
                         net (fo=1, routed)           1.162    42.573    u_clk/inst/clk_in1_clk_wiz_0
    MMCME2_ADV_X1Y2      MMCME2_ADV (Prop_mmcme2_adv_CLKIN1_CLKOUT0)
                                                     -7.324    35.249 r  u_clk/inst/mmcm_adv_inst/CLKOUT0
                         net (fo=1, routed)           1.639    36.888    u_clk/inst/clk_out1_clk_wiz_0
    BUFGCTRL_X0Y17       BUFG (Prop_bufg_I_O)         0.091    36.979 r  u_clk/inst/clkout1_buf/O
                         net (fo=152, routed)         1.640    38.619    <hidden>
    RAMB36_X3Y11         RAMB36E1                                     r  <hidden>
                         clock pessimism              0.480    39.100    
                         clock uncertainty           -0.106    38.993    
    RAMB36_X3Y11         RAMB36E1 (Setup_ramb36e1_CLKBWRCLK_ENBWREN)
                                                     -0.443    38.550    <hidden>
  -------------------------------------------------------------------
                         required time                         38.550    
                         arrival time                         -18.908    
  -------------------------------------------------------------------
                         slack                                 19.642    





Min Delay Paths
--------------------------------------------------------------------------------------
Slack (MET) :             0.091ns  (arrival time - required time)
  Source:                 <hidden>
                            (rising edge-triggered cell FDRE clocked by clk_out1_clk_wiz_0  {rise@0.000ns fall@20.000ns period=40.000ns})
  Destination:            <hidden>
                            (rising edge-triggered cell FDRE clocked by clk_out1_clk_wiz_0_1  {rise@0.000ns fall@20.000ns period=40.000ns})
  Path Group:             clk_out1_clk_wiz_0_1
  Path Type:              Hold (Min at Fast Process Corner)
  Requirement:            0.000ns  (clk_out1_clk_wiz_0_1 rise@0.000ns - clk_out1_clk_wiz_0 rise@0.000ns)
  Data Path Delay:        0.280ns  (logic 0.164ns (58.537%)  route 0.116ns (41.463%))
  Logic Levels:           0  
  Clock Path Skew:        0.013ns (DCD - SCD - CPR)
    Destination Clock Delay (DCD):    -0.844ns
    Source Clock Delay      (SCD):    -0.606ns
    Clock Pessimism Removal (CPR):    -0.251ns
  Clock Uncertainty:      0.106ns  ((TSJ^2 + DJ^2)^1/2) / 2 + PE
    Total System Jitter     (TSJ):    0.071ns
    Discrete Jitter          (DJ):    0.200ns
    Phase Error              (PE):    0.000ns
  Clock Domain Crossing:  Inter clock paths are considered valid unless explicitly excluded by timing constraints such as set_clock_groups or set_false_path.

    Location             Delay type                Incr(ns)  Path(ns)    Netlist Resource(s)
  -------------------------------------------------------------------    -------------------
                         (clock clk_out1_clk_wiz_0 rise edge)
                                                      0.000     0.000 r  
    E3                                                0.000     0.000 r  CLK100MHZ (IN)
                         net (fo=0)                   0.000     0.000    u_clk/inst/clk_in1
    E3                   IBUF (Prop_ibuf_I_O)         0.250     0.250 r  u_clk/inst/clkin1_ibufg/O
                         net (fo=1, routed)           0.440     0.690    u_clk/inst/clk_in1_clk_wiz_0
    MMCME2_ADV_X1Y2      MMCME2_ADV (Prop_mmcme2_adv_CLKIN1_CLKOUT0)
                                                     -2.379    -1.689 r  u_clk/inst/mmcm_adv_inst/CLKOUT0
                         net (fo=1, routed)           0.499    -1.190    u_clk/inst/clk_out1_clk_wiz_0
    BUFGCTRL_X0Y17       BUFG (Prop_bufg_I_O)         0.026    -1.164 r  u_clk/inst/clkout1_buf/O
                         net (fo=152, routed)         0.558    -0.606    <hidden>
    SLICE_X58Y110        FDRE                                         r  <hidden>
  -------------------------------------------------------------------    -------------------
    SLICE_X58Y110        FDRE (Prop_fdre_C_Q)         0.164    -0.442 r  <hidden>
                         net (fo=1, routed)           0.116    -0.326    <hidden>
    SLICE_X59Y110        FDRE                                         r  <hidden>
  -------------------------------------------------------------------    -------------------

                         (clock clk_out1_clk_wiz_0_1 rise edge)
                                                      0.000     0.000 r  
    E3                                                0.000     0.000 r  CLK100MHZ (IN)
                         net (fo=0)                   0.000     0.000    u_clk/inst/clk_in1
    E3                   IBUF (Prop_ibuf_I_O)         0.438     0.438 r  u_clk/inst/clkin1_ibufg/O
                         net (fo=1, routed)           0.480     0.918    u_clk/inst/clk_in1_clk_wiz_0
    MMCME2_ADV_X1Y2      MMCME2_ADV (Prop_mmcme2_adv_CLKIN1_CLKOUT0)
                                                     -3.163    -2.245 r  u_clk/inst/mmcm_adv_inst/CLKOUT0
                         net (fo=1, routed)           0.544    -1.702    u_clk/inst/clk_out1_clk_wiz_0
    BUFGCTRL_X0Y17       BUFG (Prop_bufg_I_O)         0.029    -1.673 r  u_clk/inst/clkout1_buf/O
                         net (fo=152, routed)         0.829    -0.844    <hidden>
    SLICE_X59Y110        FDRE                                         r  <hidden>
                         clock pessimism              0.251    -0.593    
                         clock uncertainty            0.106    -0.487    
    SLICE_X59Y110        FDRE (Hold_fdre_C_D)         0.070    -0.417    <hidden>
  -------------------------------------------------------------------
                         required time                          0.417    
                         arrival time                          -0.326    
  -------------------------------------------------------------------
                         slack                                  0.091    

Slack (MET) :             0.095ns  (arrival time - required time)
  Source:                 <hidden>
                            (rising edge-triggered cell FDRE clocked by clk_out1_clk_wiz_0  {rise@0.000ns fall@20.000ns period=40.000ns})
  Destination:            <hidden>
                            (rising edge-triggered cell FDRE clocked by clk_out1_clk_wiz_0_1  {rise@0.000ns fall@20.000ns period=40.000ns})
  Path Group:             clk_out1_clk_wiz_0_1
  Path Type:              Hold (Min at Fast Process Corner)
  Requirement:            0.000ns  (clk_out1_clk_wiz_0_1 rise@0.000ns - clk_out1_clk_wiz_0 rise@0.000ns)
  Data Path Delay:        0.280ns  (logic 0.164ns (58.537%)  route 0.116ns (41.463%))
  Logic Levels:           0  
  Clock Path Skew:        0.013ns (DCD - SCD - CPR)
    Destination Clock Delay (DCD):    -0.844ns
    Source Clock Delay      (SCD):    -0.606ns
    Clock Pessimism Removal (CPR):    -0.251ns
  Clock Uncertainty:      0.106ns  ((TSJ^2 + DJ^2)^1/2) / 2 + PE
    Total System Jitter     (TSJ):    0.071ns
    Discrete Jitter          (DJ):    0.200ns
    Phase Error              (PE):    0.000ns
  Clock Domain Crossing:  Inter clock paths are considered valid unless explicitly excluded by timing constraints such as set_clock_groups or set_false_path.

    Location             Delay type                Incr(ns)  Path(ns)    Netlist Resource(s)
  -------------------------------------------------------------------    -------------------
                         (clock clk_out1_clk_wiz_0 rise edge)
                                                      0.000     0.000 r  
    E3                                                0.000     0.000 r  CLK100MHZ (IN)
                         net (fo=0)                   0.000     0.000    u_clk/inst/clk_in1
    E3                   IBUF (Prop_ibuf_I_O)         0.250     0.250 r  u_clk/inst/clkin1_ibufg/O
                         net (fo=1, routed)           0.440     0.690    u_clk/inst/clk_in1_clk_wiz_0
    MMCME2_ADV_X1Y2      MMCME2_ADV (Prop_mmcme2_adv_CLKIN1_CLKOUT0)
                                                     -2.379    -1.689 r  u_clk/inst/mmcm_adv_inst/CLKOUT0
                         net (fo=1, routed)           0.499    -1.190    u_clk/inst/clk_out1_clk_wiz_0
    BUFGCTRL_X0Y17       BUFG (Prop_bufg_I_O)         0.026    -1.164 r  u_clk/inst/clkout1_buf/O
                         net (fo=152, routed)         0.558    -0.606    <hidden>
    SLICE_X58Y110        FDRE                                         r  <hidden>
  -------------------------------------------------------------------    -------------------
    SLICE_X58Y110        FDRE (Prop_fdre_C_Q)         0.164    -0.442 r  <hidden>
                         net (fo=1, routed)           0.116    -0.326    <hidden>
    SLICE_X59Y110        FDRE                                         r  <hidden>
  -------------------------------------------------------------------    -------------------

                         (clock clk_out1_clk_wiz_0_1 rise edge)
                                                      0.000     0.000 r  
    E3                                                0.000     0.000 r  CLK100MHZ (IN)
                         net (fo=0)                   0.000     0.000    u_clk/inst/clk_in1
    E3                   IBUF (Prop_ibuf_I_O)         0.438     0.438 r  u_clk/inst/clkin1_ibufg/O
                         net (fo=1, routed)           0.480     0.918    u_clk/inst/clk_in1_clk_wiz_0
    MMCME2_ADV_X1Y2      MMCME2_ADV (Prop_mmcme2_adv_CLKIN1_CLKOUT0)
                                                     -3.163    -2.245 r  u_clk/inst/mmcm_adv_inst/CLKOUT0
                         net (fo=1, routed)           0.544    -1.702    u_clk/inst/clk_out1_clk_wiz_0
    BUFGCTRL_X0Y17       BUFG (Prop_bufg_I_O)         0.029    -1.673 r  u_clk/inst/clkout1_buf/O
                         net (fo=152, routed)         0.829    -0.844    <hidden>
    SLICE_X59Y110        FDRE                                         r  <hidden>
                         clock pessimism              0.251    -0.593    
                         clock uncertainty            0.106    -0.487    
    SLICE_X59Y110        FDRE (Hold_fdre_C_D)         0.066    -0.421    <hidden>
  -------------------------------------------------------------------
                         required time                          0.421    
                         arrival time                          -0.326    
  -------------------------------------------------------------------
                         slack                                  0.095    

Slack (MET) :             0.111ns  (arrival time - required time)
  Source:                 <hidden>
                            (rising edge-triggered cell FDRE clocked by clk_out1_clk_wiz_0  {rise@0.000ns fall@20.000ns period=40.000ns})
  Destination:            <hidden>
                            (rising edge-triggered cell FDRE clocked by clk_out1_clk_wiz_0_1  {rise@0.000ns fall@20.000ns period=40.000ns})
  Path Group:             clk_out1_clk_wiz_0_1
  Path Type:              Hold (Min at Fast Process Corner)
  Requirement:            0.000ns  (clk_out1_clk_wiz_0_1 rise@0.000ns - clk_out1_clk_wiz_0 rise@0.000ns)
  Data Path Delay:        0.276ns  (logic 0.164ns (59.419%)  route 0.112ns (40.581%))
  Logic Levels:           0  
  Clock Path Skew:        0.000ns (DCD - SCD - CPR)
    Destination Clock Delay (DCD):    -0.844ns
    Source Clock Delay      (SCD):    -0.606ns
    Clock Pessimism Removal (CPR):    -0.238ns
  Clock Uncertainty:      0.106ns  ((TSJ^2 + DJ^2)^1/2) / 2 + PE
    Total System Jitter     (TSJ):    0.071ns
    Discrete Jitter          (DJ):    0.200ns
    Phase Error              (PE):    0.000ns
  Clock Domain Crossing:  Inter clock paths are considered valid unless explicitly excluded by timing constraints such as set_clock_groups or set_false_path.

    Location             Delay type                Incr(ns)  Path(ns)    Netlist Resource(s)
  -------------------------------------------------------------------    -------------------
                         (clock clk_out1_clk_wiz_0 rise edge)
                                                      0.000     0.000 r  
    E3                                                0.000     0.000 r  CLK100MHZ (IN)
                         net (fo=0)                   0.000     0.000    u_clk/inst/clk_in1
    E3                   IBUF (Prop_ibuf_I_O)         0.250     0.250 r  u_clk/inst/clkin1_ibufg/O
                         net (fo=1, routed)           0.440     0.690    u_clk/inst/clk_in1_clk_wiz_0
    MMCME2_ADV_X1Y2      MMCME2_ADV (Prop_mmcme2_adv_CLKIN1_CLKOUT0)
                                                     -2.379    -1.689 r  u_clk/inst/mmcm_adv_inst/CLKOUT0
                         net (fo=1, routed)           0.499    -1.190    u_clk/inst/clk_out1_clk_wiz_0
    BUFGCTRL_X0Y17       BUFG (Prop_bufg_I_O)         0.026    -1.164 r  u_clk/inst/clkout1_buf/O
                         net (fo=152, routed)         0.558    -0.606    <hidden>
    SLICE_X58Y110        FDRE                                         r  <hidden>
  -------------------------------------------------------------------    -------------------
    SLICE_X58Y110        FDRE (Prop_fdre_C_Q)         0.164    -0.442 r  <hidden>
                         net (fo=1, routed)           0.112    -0.330    <hidden>
    SLICE_X58Y110        FDRE                                         r  <hidden>
  -------------------------------------------------------------------    -------------------

                         (clock clk_out1_clk_wiz_0_1 rise edge)
                                                      0.000     0.000 r  
    E3                                                0.000     0.000 r  CLK100MHZ (IN)
                         net (fo=0)                   0.000     0.000    u_clk/inst/clk_in1
    E3                   IBUF (Prop_ibuf_I_O)         0.438     0.438 r  u_clk/inst/clkin1_ibufg/O
                         net (fo=1, routed)           0.480     0.918    u_clk/inst/clk_in1_clk_wiz_0
    MMCME2_ADV_X1Y2      MMCME2_ADV (Prop_mmcme2_adv_CLKIN1_CLKOUT0)
                                                     -3.163    -2.245 r  u_clk/inst/mmcm_adv_inst/CLKOUT0
                         net (fo=1, routed)           0.544    -1.702    u_clk/inst/clk_out1_clk_wiz_0
    BUFGCTRL_X0Y17       BUFG (Prop_bufg_I_O)         0.029    -1.673 r  u_clk/inst/clkout1_buf/O
                         net (fo=152, routed)         0.829    -0.844    <hidden>
    SLICE_X58Y110        FDRE                                         r  <hidden>
                         clock pessimism              0.238    -0.606    
                         clock uncertainty            0.106    -0.500    
    SLICE_X58Y110        FDRE (Hold_fdre_C_D)         0.059    -0.441    <hidden>
  -------------------------------------------------------------------
                         required time                          0.441    
                         arrival time                          -0.330    
  -------------------------------------------------------------------
                         slack                                  0.111    

Slack (MET) :             0.115ns  (arrival time - required time)
  Source:                 <hidden>
                            (rising edge-triggered cell FDRE clocked by clk_out1_clk_wiz_0  {rise@0.000ns fall@20.000ns period=40.000ns})
  Destination:            <hidden>
                            (rising edge-triggered cell FDRE clocked by clk_out1_clk_wiz_0_1  {rise@0.000ns fall@20.000ns period=40.000ns})
  Path Group:             clk_out1_clk_wiz_0_1
  Path Type:              Hold (Min at Fast Process Corner)
  Requirement:            0.000ns  (clk_out1_clk_wiz_0_1 rise@0.000ns - clk_out1_clk_wiz_0 rise@0.000ns)
  Data Path Delay:        0.280ns  (logic 0.164ns (58.537%)  route 0.116ns (41.463%))
  Logic Levels:           0  
  Clock Path Skew:        0.000ns (DCD - SCD - CPR)
    Destination Clock Delay (DCD):    -0.849ns
    Source Clock Delay      (SCD):    -0.609ns
    Clock Pessimism Removal (CPR):    -0.240ns
  Clock Uncertainty:      0.106ns  ((TSJ^2 + DJ^2)^1/2) / 2 + PE
    Total System Jitter     (TSJ):    0.071ns
    Discrete Jitter          (DJ):    0.200ns
    Phase Error              (PE):    0.000ns
  Clock Domain Crossing:  Inter clock paths are considered valid unless explicitly excluded by timing constraints such as set_clock_groups or set_false_path.

    Location             Delay type                Incr(ns)  Path(ns)    Netlist Resource(s)
  -------------------------------------------------------------------    -------------------
                         (clock clk_out1_clk_wiz_0 rise edge)
                                                      0.000     0.000 r  
    E3                                                0.000     0.000 r  CLK100MHZ (IN)
                         net (fo=0)                   0.000     0.000    u_clk/inst/clk_in1
    E3                   IBUF (Prop_ibuf_I_O)         0.250     0.250 r  u_clk/inst/clkin1_ibufg/O
                         net (fo=1, routed)           0.440     0.690    u_clk/inst/clk_in1_clk_wiz_0
    MMCME2_ADV_X1Y2      MMCME2_ADV (Prop_mmcme2_adv_CLKIN1_CLKOUT0)
                                                     -2.379    -1.689 r  u_clk/inst/mmcm_adv_inst/CLKOUT0
                         net (fo=1, routed)           0.499    -1.190    u_clk/inst/clk_out1_clk_wiz_0
    BUFGCTRL_X0Y17       BUFG (Prop_bufg_I_O)         0.026    -1.164 r  u_clk/inst/clkout1_buf/O
                         net (fo=152, routed)         0.555    -0.609    <hidden>
    SLICE_X62Y118        FDRE                                         r  <hidden>
  -------------------------------------------------------------------    -------------------
    SLICE_X62Y118        FDRE (Prop_fdre_C_Q)         0.164    -0.445 r  <hidden>
                         net (fo=1, routed)           0.116    -0.329    <hidden>
    SLICE_X62Y118        FDRE                                         r  <hidden>
  -------------------------------------------------------------------    -------------------

                         (clock clk_out1_clk_wiz_0_1 rise edge)
                                                      0.000     0.000 r  
    E3                                                0.000     0.000 r  CLK100MHZ (IN)
                         net (fo=0)                   0.000     0.000    u_clk/inst/clk_in1
    E3                   IBUF (Prop_ibuf_I_O)         0.438     0.438 r  u_clk/inst/clkin1_ibufg/O
                         net (fo=1, routed)           0.480     0.918    u_clk/inst/clk_in1_clk_wiz_0
    MMCME2_ADV_X1Y2      MMCME2_ADV (Prop_mmcme2_adv_CLKIN1_CLKOUT0)
                                                     -3.163    -2.245 r  u_clk/inst/mmcm_adv_inst/CLKOUT0
                         net (fo=1, routed)           0.544    -1.702    u_clk/inst/clk_out1_clk_wiz_0
    BUFGCTRL_X0Y17       BUFG (Prop_bufg_I_O)         0.029    -1.673 r  u_clk/inst/clkout1_buf/O
                         net (fo=152, routed)         0.823    -0.849    <hidden>
    SLICE_X62Y118        FDRE                                         r  <hidden>
                         clock pessimism              0.240    -0.609    
                         clock uncertainty            0.106    -0.503    
    SLICE_X62Y118        FDRE (Hold_fdre_C_D)         0.059    -0.444    <hidden>
  -------------------------------------------------------------------
                         required time                          0.444    
                         arrival time                          -0.329    
  -------------------------------------------------------------------
                         slack                                  0.115    

Slack (MET) :             0.122ns  (arrival time - required time)
  Source:                 <hidden>
                            (rising edge-triggered cell FDRE clocked by clk_out1_clk_wiz_0  {rise@0.000ns fall@20.000ns period=40.000ns})
  Destination:            <hidden>
                            (rising edge-triggered cell FDRE clocked by clk_out1_clk_wiz_0_1  {rise@0.000ns fall@20.000ns period=40.000ns})
  Path Group:             clk_out1_clk_wiz_0_1
  Path Type:              Hold (Min at Fast Process Corner)
  Requirement:            0.000ns  (clk_out1_clk_wiz_0_1 rise@0.000ns - clk_out1_clk_wiz_0 rise@0.000ns)
  Data Path Delay:        0.280ns  (logic 0.164ns (58.537%)  route 0.116ns (41.463%))
  Logic Levels:           0  
  Clock Path Skew:        0.000ns (DCD - SCD - CPR)
    Destination Clock Delay (DCD):    -0.849ns
    Source Clock Delay      (SCD):    -0.609ns
    Clock Pessimism Removal (CPR):    -0.240ns
  Clock Uncertainty:      0.106ns  ((TSJ^2 + DJ^2)^1/2) / 2 + PE
    Total System Jitter     (TSJ):    0.071ns
    Discrete Jitter          (DJ):    0.200ns
    Phase Error              (PE):    0.000ns
  Clock Domain Crossing:  Inter clock paths are considered valid unless explicitly excluded by timing constraints such as set_clock_groups or set_false_path.

    Location             Delay type                Incr(ns)  Path(ns)    Netlist Resource(s)
  -------------------------------------------------------------------    -------------------
                         (clock clk_out1_clk_wiz_0 rise edge)
                                                      0.000     0.000 r  
    E3                                                0.000     0.000 r  CLK100MHZ (IN)
                         net (fo=0)                   0.000     0.000    u_clk/inst/clk_in1
    E3                   IBUF (Prop_ibuf_I_O)         0.250     0.250 r  u_clk/inst/clkin1_ibufg/O
                         net (fo=1, routed)           0.440     0.690    u_clk/inst/clk_in1_clk_wiz_0
    MMCME2_ADV_X1Y2      MMCME2_ADV (Prop_mmcme2_adv_CLKIN1_CLKOUT0)
                                                     -2.379    -1.689 r  u_clk/inst/mmcm_adv_inst/CLKOUT0
                         net (fo=1, routed)           0.499    -1.190    u_clk/inst/clk_out1_clk_wiz_0
    BUFGCTRL_X0Y17       BUFG (Prop_bufg_I_O)         0.026    -1.164 r  u_clk/inst/clkout1_buf/O
                         net (fo=152, routed)         0.555    -0.609    <hidden>
    SLICE_X62Y118        FDRE                                         r  <hidden>
  -------------------------------------------------------------------    -------------------
    SLICE_X62Y118        FDRE (Prop_fdre_C_Q)         0.164    -0.445 r  <hidden>
                         net (fo=1, routed)           0.116    -0.329    <hidden>
    SLICE_X62Y118        FDRE                                         r  <hidden>
  -------------------------------------------------------------------    -------------------

                         (clock clk_out1_clk_wiz_0_1 rise edge)
                                                      0.000     0.000 r  
    E3                                                0.000     0.000 r  CLK100MHZ (IN)
                         net (fo=0)                   0.000     0.000    u_clk/inst/clk_in1
    E3                   IBUF (Prop_ibuf_I_O)         0.438     0.438 r  u_clk/inst/clkin1_ibufg/O
                         net (fo=1, routed)           0.480     0.918    u_clk/inst/clk_in1_clk_wiz_0
    MMCME2_ADV_X1Y2      MMCME2_ADV (Prop_mmcme2_adv_CLKIN1_CLKOUT0)
                                                     -3.163    -2.245 r  u_clk/inst/mmcm_adv_inst/CLKOUT0
                         net (fo=1, routed)           0.544    -1.702    u_clk/inst/clk_out1_clk_wiz_0
    BUFGCTRL_X0Y17       BUFG (Prop_bufg_I_O)         0.029    -1.673 r  u_clk/inst/clkout1_buf/O
                         net (fo=152, routed)         0.823    -0.849    <hidden>
    SLICE_X62Y118        FDRE                                         r  <hidden>
                         clock pessimism              0.240    -0.609    
                         clock uncertainty            0.106    -0.503    
    SLICE_X62Y118        FDRE (Hold_fdre_C_D)         0.052    -0.451    <hidden>
  -------------------------------------------------------------------
                         required time                          0.451    
                         arrival time                          -0.329    
  -------------------------------------------------------------------
                         slack                                  0.122    

Slack (MET) :             0.142ns  (arrival time - required time)
  Source:                 active_d1_reg/C
                            (rising edge-triggered cell FDRE clocked by clk_out1_clk_wiz_0  {rise@0.000ns fall@20.000ns period=40.000ns})
  Destination:            active_d2_reg/D
                            (rising edge-triggered cell FDRE clocked by clk_out1_clk_wiz_0_1  {rise@0.000ns fall@20.000ns period=40.000ns})
  Path Group:             clk_out1_clk_wiz_0_1
  Path Type:              Hold (Min at Fast Process Corner)
  Requirement:            0.000ns  (clk_out1_clk_wiz_0_1 rise@0.000ns - clk_out1_clk_wiz_0 rise@0.000ns)
  Data Path Delay:        0.356ns  (logic 0.183ns (51.463%)  route 0.173ns (48.537%))
  Logic Levels:           1  (LUT3=1)
  Clock Path Skew:        0.000ns (DCD - SCD - CPR)
    Destination Clock Delay (DCD):    -0.841ns
    Source Clock Delay      (SCD):    -0.604ns
    Clock Pessimism Removal (CPR):    -0.237ns
  Clock Uncertainty:      0.106ns  ((TSJ^2 + DJ^2)^1/2) / 2 + PE
    Total System Jitter     (TSJ):    0.071ns
    Discrete Jitter          (DJ):    0.200ns
    Phase Error              (PE):    0.000ns
  Clock Domain Crossing:  Inter clock paths are considered valid unless explicitly excluded by timing constraints such as set_clock_groups or set_false_path.

    Location             Delay type                Incr(ns)  Path(ns)    Netlist Resource(s)
  -------------------------------------------------------------------    -------------------
                         (clock clk_out1_clk_wiz_0 rise edge)
                                                      0.000     0.000 r  
    E3                                                0.000     0.000 r  CLK100MHZ (IN)
                         net (fo=0)                   0.000     0.000    u_clk/inst/clk_in1
    E3                   IBUF (Prop_ibuf_I_O)         0.250     0.250 r  u_clk/inst/clkin1_ibufg/O
                         net (fo=1, routed)           0.440     0.690    u_clk/inst/clk_in1_clk_wiz_0
    MMCME2_ADV_X1Y2      MMCME2_ADV (Prop_mmcme2_adv_CLKIN1_CLKOUT0)
                                                     -2.379    -1.689 r  u_clk/inst/mmcm_adv_inst/CLKOUT0
                         net (fo=1, routed)           0.499    -1.190    u_clk/inst/clk_out1_clk_wiz_0
    BUFGCTRL_X0Y17       BUFG (Prop_bufg_I_O)         0.026    -1.164 r  u_clk/inst/clkout1_buf/O
                         net (fo=152, routed)         0.560    -0.604    clk25
    SLICE_X40Y110        FDRE                                         r  active_d1_reg/C
  -------------------------------------------------------------------    -------------------
    SLICE_X40Y110        FDRE (Prop_fdre_C_Q)         0.141    -0.463 r  active_d1_reg/Q
                         net (fo=1, routed)           0.173    -0.291    active_d1
    SLICE_X40Y110        LUT3 (Prop_lut3_I2_O)        0.042    -0.249 r  active_d2_i_1/O
                         net (fo=1, routed)           0.000    -0.249    active_d2_i_1_n_0
    SLICE_X40Y110        FDRE                                         r  active_d2_reg/D
  -------------------------------------------------------------------    -------------------

                         (clock clk_out1_clk_wiz_0_1 rise edge)
                                                      0.000     0.000 r  
    E3                                                0.000     0.000 r  CLK100MHZ (IN)
                         net (fo=0)                   0.000     0.000    u_clk/inst/clk_in1
    E3                   IBUF (Prop_ibuf_I_O)         0.438     0.438 r  u_clk/inst/clkin1_ibufg/O
                         net (fo=1, routed)           0.480     0.918    u_clk/inst/clk_in1_clk_wiz_0
    MMCME2_ADV_X1Y2      MMCME2_ADV (Prop_mmcme2_adv_CLKIN1_CLKOUT0)
                                                     -3.163    -2.245 r  u_clk/inst/mmcm_adv_inst/CLKOUT0
                         net (fo=1, routed)           0.544    -1.702    u_clk/inst/clk_out1_clk_wiz_0
    BUFGCTRL_X0Y17       BUFG (Prop_bufg_I_O)         0.029    -1.673 r  u_clk/inst/clkout1_buf/O
                         net (fo=152, routed)         0.832    -0.841    clk25
    SLICE_X40Y110        FDRE                                         r  active_d2_reg/C
                         clock pessimism              0.237    -0.604    
                         clock uncertainty            0.106    -0.498    
    SLICE_X40Y110        FDRE (Hold_fdre_C_D)         0.107    -0.391    active_d2_reg
  -------------------------------------------------------------------
                         required time                          0.391    
                         arrival time                          -0.249    
  -------------------------------------------------------------------
                         slack                                  0.142    

Slack (MET) :             0.150ns  (arrival time - required time)
  Source:                 u_vga/h_cnt_reg[6]/C
                            (rising edge-triggered cell FDCE clocked by clk_out1_clk_wiz_0  {rise@0.000ns fall@20.000ns period=40.000ns})
  Destination:            u_vga/h_cnt_reg[7]/D
                            (rising edge-triggered cell FDCE clocked by clk_out1_clk_wiz_0_1  {rise@0.000ns fall@20.000ns period=40.000ns})
  Path Group:             clk_out1_clk_wiz_0_1
  Path Type:              Hold (Min at Fast Process Corner)
  Requirement:            0.000ns  (clk_out1_clk_wiz_0_1 rise@0.000ns - clk_out1_clk_wiz_0 rise@0.000ns)
  Data Path Delay:        0.363ns  (logic 0.183ns (50.353%)  route 0.180ns (49.647%))
  Logic Levels:           1  (LUT4=1)
  Clock Path Skew:        0.000ns (DCD - SCD - CPR)
    Destination Clock Delay (DCD):    -0.807ns
    Source Clock Delay      (SCD):    -0.569ns
    Clock Pessimism Removal (CPR):    -0.238ns
  Clock Uncertainty:      0.106ns  ((TSJ^2 + DJ^2)^1/2) / 2 + PE
    Total System Jitter     (TSJ):    0.071ns
    Discrete Jitter          (DJ):    0.200ns
    Phase Error              (PE):    0.000ns
  Clock Domain Crossing:  Inter clock paths are considered valid unless explicitly excluded by timing constraints such as set_clock_groups or set_false_path.

    Location             Delay type                Incr(ns)  Path(ns)    Netlist Resource(s)
  -------------------------------------------------------------------    -------------------
                         (clock clk_out1_clk_wiz_0 rise edge)
                                                      0.000     0.000 r  
    E3                                                0.000     0.000 r  CLK100MHZ (IN)
                         net (fo=0)                   0.000     0.000    u_clk/inst/clk_in1
    E3                   IBUF (Prop_ibuf_I_O)         0.250     0.250 r  u_clk/inst/clkin1_ibufg/O
                         net (fo=1, routed)           0.440     0.690    u_clk/inst/clk_in1_clk_wiz_0
    MMCME2_ADV_X1Y2      MMCME2_ADV (Prop_mmcme2_adv_CLKIN1_CLKOUT0)
                                                     -2.379    -1.689 r  u_clk/inst/mmcm_adv_inst/CLKOUT0
                         net (fo=1, routed)           0.499    -1.190    u_clk/inst/clk_out1_clk_wiz_0
    BUFGCTRL_X0Y17       BUFG (Prop_bufg_I_O)         0.026    -1.164 r  u_clk/inst/clkout1_buf/O
                         net (fo=152, routed)         0.595    -0.569    u_vga/clk25
    SLICE_X7Y111         FDCE                                         r  u_vga/h_cnt_reg[6]/C
  -------------------------------------------------------------------    -------------------
    SLICE_X7Y111         FDCE (Prop_fdce_C_Q)         0.141    -0.428 r  u_vga/h_cnt_reg[6]/Q
                         net (fo=12, routed)          0.180    -0.248    u_vga/x[6]
    SLICE_X7Y111         LUT4 (Prop_lut4_I0_O)        0.042    -0.206 r  u_vga/h_cnt[7]_i_1/O
                         net (fo=1, routed)           0.000    -0.206    u_vga/h_cnt[7]
    SLICE_X7Y111         FDCE                                         r  u_vga/h_cnt_reg[7]/D
  -------------------------------------------------------------------    -------------------

                         (clock clk_out1_clk_wiz_0_1 rise edge)
                                                      0.000     0.000 r  
    E3                                                0.000     0.000 r  CLK100MHZ (IN)
                         net (fo=0)                   0.000     0.000    u_clk/inst/clk_in1
    E3                   IBUF (Prop_ibuf_I_O)         0.438     0.438 r  u_clk/inst/clkin1_ibufg/O
                         net (fo=1, routed)           0.480     0.918    u_clk/inst/clk_in1_clk_wiz_0
    MMCME2_ADV_X1Y2      MMCME2_ADV (Prop_mmcme2_adv_CLKIN1_CLKOUT0)
                                                     -3.163    -2.245 r  u_clk/inst/mmcm_adv_inst/CLKOUT0
                         net (fo=1, routed)           0.544    -1.702    u_clk/inst/clk_out1_clk_wiz_0
    BUFGCTRL_X0Y17       BUFG (Prop_bufg_I_O)         0.029    -1.673 r  u_clk/inst/clkout1_buf/O
                         net (fo=152, routed)         0.866    -0.807    u_vga/clk25
    SLICE_X7Y111         FDCE                                         r  u_vga/h_cnt_reg[7]/C
                         clock pessimism              0.238    -0.569    
                         clock uncertainty            0.106    -0.463    
    SLICE_X7Y111         FDCE (Hold_fdce_C_D)         0.107    -0.356    u_vga/h_cnt_reg[7]
  -------------------------------------------------------------------
                         required time                          0.356    
                         arrival time                          -0.206    
  -------------------------------------------------------------------
                         slack                                  0.150    

Slack (MET) :             0.156ns  (arrival time - required time)
  Source:                 u_vga/h_cnt_reg[0]/C
                            (rising edge-triggered cell FDCE clocked by clk_out1_clk_wiz_0  {rise@0.000ns fall@20.000ns period=40.000ns})
  Destination:            u_vga/h_cnt_reg[1]/D
                            (rising edge-triggered cell FDCE clocked by clk_out1_clk_wiz_0_1  {rise@0.000ns fall@20.000ns period=40.000ns})
  Path Group:             clk_out1_clk_wiz_0_1
  Path Type:              Hold (Min at Fast Process Corner)
  Requirement:            0.000ns  (clk_out1_clk_wiz_0_1 rise@0.000ns - clk_out1_clk_wiz_0 rise@0.000ns)
  Data Path Delay:        0.393ns  (logic 0.207ns (52.626%)  route 0.186ns (47.374%))
  Logic Levels:           1  (LUT2=1)
  Clock Path Skew:        0.000ns (DCD - SCD - CPR)
    Destination Clock Delay (DCD):    -0.835ns
    Source Clock Delay      (SCD):    -0.597ns
    Clock Pessimism Removal (CPR):    -0.238ns
  Clock Uncertainty:      0.106ns  ((TSJ^2 + DJ^2)^1/2) / 2 + PE
    Total System Jitter     (TSJ):    0.071ns
    Discrete Jitter          (DJ):    0.200ns
    Phase Error              (PE):    0.000ns
  Clock Domain Crossing:  Inter clock paths are considered valid unless explicitly excluded by timing constraints such as set_clock_groups or set_false_path.

    Location             Delay type                Incr(ns)  Path(ns)    Netlist Resource(s)
  -------------------------------------------------------------------    -------------------
                         (clock clk_out1_clk_wiz_0 rise edge)
                                                      0.000     0.000 r  
    E3                                                0.000     0.000 r  CLK100MHZ (IN)
                         net (fo=0)                   0.000     0.000    u_clk/inst/clk_in1
    E3                   IBUF (Prop_ibuf_I_O)         0.250     0.250 r  u_clk/inst/clkin1_ibufg/O
                         net (fo=1, routed)           0.440     0.690    u_clk/inst/clk_in1_clk_wiz_0
    MMCME2_ADV_X1Y2      MMCME2_ADV (Prop_mmcme2_adv_CLKIN1_CLKOUT0)
                                                     -2.379    -1.689 r  u_clk/inst/mmcm_adv_inst/CLKOUT0
                         net (fo=1, routed)           0.499    -1.190    u_clk/inst/clk_out1_clk_wiz_0
    BUFGCTRL_X0Y17       BUFG (Prop_bufg_I_O)         0.026    -1.164 r  u_clk/inst/clkout1_buf/O
                         net (fo=152, routed)         0.567    -0.597    u_vga/clk25
    SLICE_X8Y111         FDCE                                         r  u_vga/h_cnt_reg[0]/C
  -------------------------------------------------------------------    -------------------
    SLICE_X8Y111         FDCE (Prop_fdce_C_Q)         0.164    -0.433 r  u_vga/h_cnt_reg[0]/Q
                         net (fo=11, routed)          0.186    -0.247    u_vga/x[0]
    SLICE_X8Y111         LUT2 (Prop_lut2_I0_O)        0.043    -0.204 r  u_vga/h_cnt[1]_i_1/O
                         net (fo=1, routed)           0.000    -0.204    u_vga/h_cnt[1]
    SLICE_X8Y111         FDCE                                         r  u_vga/h_cnt_reg[1]/D
  -------------------------------------------------------------------    -------------------

                         (clock clk_out1_clk_wiz_0_1 rise edge)
                                                      0.000     0.000 r  
    E3                                                0.000     0.000 r  CLK100MHZ (IN)
                         net (fo=0)                   0.000     0.000    u_clk/inst/clk_in1
    E3                   IBUF (Prop_ibuf_I_O)         0.438     0.438 r  u_clk/inst/clkin1_ibufg/O
                         net (fo=1, routed)           0.480     0.918    u_clk/inst/clk_in1_clk_wiz_0
    MMCME2_ADV_X1Y2      MMCME2_ADV (Prop_mmcme2_adv_CLKIN1_CLKOUT0)
                                                     -3.163    -2.245 r  u_clk/inst/mmcm_adv_inst/CLKOUT0
                         net (fo=1, routed)           0.544    -1.702    u_clk/inst/clk_out1_clk_wiz_0
    BUFGCTRL_X0Y17       BUFG (Prop_bufg_I_O)         0.029    -1.673 r  u_clk/inst/clkout1_buf/O
                         net (fo=152, routed)         0.838    -0.835    u_vga/clk25
    SLICE_X8Y111         FDCE                                         r  u_vga/h_cnt_reg[1]/C
                         clock pessimism              0.238    -0.597    
                         clock uncertainty            0.106    -0.491    
    SLICE_X8Y111         FDCE (Hold_fdce_C_D)         0.131    -0.360    u_vga/h_cnt_reg[1]
  -------------------------------------------------------------------
                         required time                          0.360    
                         arrival time                          -0.204    
  -------------------------------------------------------------------
                         slack                                  0.156    

Slack (MET) :             0.156ns  (arrival time - required time)
  Source:                 u_vga/h_cnt_reg[0]/C
                            (rising edge-triggered cell FDCE clocked by clk_out1_clk_wiz_0  {rise@0.000ns fall@20.000ns period=40.000ns})
  Destination:            u_vga/h_cnt_reg[3]/D
                            (rising edge-triggered cell FDCE clocked by clk_out1_clk_wiz_0_1  {rise@0.000ns fall@20.000ns period=40.000ns})
  Path Group:             clk_out1_clk_wiz_0_1
  Path Type:              Hold (Min at Fast Process Corner)
  Requirement:            0.000ns  (clk_out1_clk_wiz_0_1 rise@0.000ns - clk_out1_clk_wiz_0 rise@0.000ns)
  Data Path Delay:        0.393ns  (logic 0.207ns (52.626%)  route 0.186ns (47.374%))
  Logic Levels:           1  (LUT4=1)
  Clock Path Skew:        0.000ns (DCD - SCD - CPR)
    Destination Clock Delay (DCD):    -0.835ns
    Source Clock Delay      (SCD):    -0.597ns
    Clock Pessimism Removal (CPR):    -0.238ns
  Clock Uncertainty:      0.106ns  ((TSJ^2 + DJ^2)^1/2) / 2 + PE
    Total System Jitter     (TSJ):    0.071ns
    Discrete Jitter          (DJ):    0.200ns
    Phase Error              (PE):    0.000ns
  Clock Domain Crossing:  Inter clock paths are considered valid unless explicitly excluded by timing constraints such as set_clock_groups or set_false_path.

    Location             Delay type                Incr(ns)  Path(ns)    Netlist Resource(s)
  -------------------------------------------------------------------    -------------------
                         (clock clk_out1_clk_wiz_0 rise edge)
                                                      0.000     0.000 r  
    E3                                                0.000     0.000 r  CLK100MHZ (IN)
                         net (fo=0)                   0.000     0.000    u_clk/inst/clk_in1
    E3                   IBUF (Prop_ibuf_I_O)         0.250     0.250 r  u_clk/inst/clkin1_ibufg/O
                         net (fo=1, routed)           0.440     0.690    u_clk/inst/clk_in1_clk_wiz_0
    MMCME2_ADV_X1Y2      MMCME2_ADV (Prop_mmcme2_adv_CLKIN1_CLKOUT0)
                                                     -2.379    -1.689 r  u_clk/inst/mmcm_adv_inst/CLKOUT0
                         net (fo=1, routed)           0.499    -1.190    u_clk/inst/clk_out1_clk_wiz_0
    BUFGCTRL_X0Y17       BUFG (Prop_bufg_I_O)         0.026    -1.164 r  u_clk/inst/clkout1_buf/O
                         net (fo=152, routed)         0.567    -0.597    u_vga/clk25
    SLICE_X8Y111         FDCE                                         r  u_vga/h_cnt_reg[0]/C
  -------------------------------------------------------------------    -------------------
    SLICE_X8Y111         FDCE (Prop_fdce_C_Q)         0.164    -0.433 r  u_vga/h_cnt_reg[0]/Q
                         net (fo=11, routed)          0.186    -0.247    u_vga/x[0]
    SLICE_X8Y111         LUT4 (Prop_lut4_I1_O)        0.043    -0.204 r  u_vga/h_cnt[3]_i_1/O
                         net (fo=1, routed)           0.000    -0.204    u_vga/h_cnt[3]
    SLICE_X8Y111         FDCE                                         r  u_vga/h_cnt_reg[3]/D
  -------------------------------------------------------------------    -------------------

                         (clock clk_out1_clk_wiz_0_1 rise edge)
                                                      0.000     0.000 r  
    E3                                                0.000     0.000 r  CLK100MHZ (IN)
                         net (fo=0)                   0.000     0.000    u_clk/inst/clk_in1
    E3                   IBUF (Prop_ibuf_I_O)         0.438     0.438 r  u_clk/inst/clkin1_ibufg/O
                         net (fo=1, routed)           0.480     0.918    u_clk/inst/clk_in1_clk_wiz_0
    MMCME2_ADV_X1Y2      MMCME2_ADV (Prop_mmcme2_adv_CLKIN1_CLKOUT0)
                                                     -3.163    -2.245 r  u_clk/inst/mmcm_adv_inst/CLKOUT0
                         net (fo=1, routed)           0.544    -1.702    u_clk/inst/clk_out1_clk_wiz_0
    BUFGCTRL_X0Y17       BUFG (Prop_bufg_I_O)         0.029    -1.673 r  u_clk/inst/clkout1_buf/O
                         net (fo=152, routed)         0.838    -0.835    u_vga/clk25
    SLICE_X8Y111         FDCE                                         r  u_vga/h_cnt_reg[3]/C
                         clock pessimism              0.238    -0.597    
                         clock uncertainty            0.106    -0.491    
    SLICE_X8Y111         FDCE (Hold_fdce_C_D)         0.131    -0.360    u_vga/h_cnt_reg[3]
  -------------------------------------------------------------------
                         required time                          0.360    
                         arrival time                          -0.204    
  -------------------------------------------------------------------
                         slack                                  0.156    

Slack (MET) :             0.158ns  (arrival time - required time)
  Source:                 u_vga/v_cnt_reg[9]/C
                            (rising edge-triggered cell FDCE clocked by clk_out1_clk_wiz_0  {rise@0.000ns fall@20.000ns period=40.000ns})
  Destination:            u_vga/v_cnt_reg[9]/D
                            (rising edge-triggered cell FDCE clocked by clk_out1_clk_wiz_0_1  {rise@0.000ns fall@20.000ns period=40.000ns})
  Path Group:             clk_out1_clk_wiz_0_1
  Path Type:              Hold (Min at Fast Process Corner)
  Requirement:            0.000ns  (clk_out1_clk_wiz_0_1 rise@0.000ns - clk_out1_clk_wiz_0 rise@0.000ns)
  Data Path Delay:        0.384ns  (logic 0.209ns (54.384%)  route 0.175ns (45.616%))
  Logic Levels:           1  (LUT6=1)
  Clock Path Skew:        0.000ns (DCD - SCD - CPR)
    Destination Clock Delay (DCD):    -0.834ns
    Source Clock Delay      (SCD):    -0.596ns
    Clock Pessimism Removal (CPR):    -0.238ns
  Clock Uncertainty:      0.106ns  ((TSJ^2 + DJ^2)^1/2) / 2 + PE
    Total System Jitter     (TSJ):    0.071ns
    Discrete Jitter          (DJ):    0.200ns
    Phase Error              (PE):    0.000ns
  Clock Domain Crossing:  Inter clock paths are considered valid unless explicitly excluded by timing constraints such as set_clock_groups or set_false_path.

    Location             Delay type                Incr(ns)  Path(ns)    Netlist Resource(s)
  -------------------------------------------------------------------    -------------------
                         (clock clk_out1_clk_wiz_0 rise edge)
                                                      0.000     0.000 r  
    E3                                                0.000     0.000 r  CLK100MHZ (IN)
                         net (fo=0)                   0.000     0.000    u_clk/inst/clk_in1
    E3                   IBUF (Prop_ibuf_I_O)         0.250     0.250 r  u_clk/inst/clkin1_ibufg/O
                         net (fo=1, routed)           0.440     0.690    u_clk/inst/clk_in1_clk_wiz_0
    MMCME2_ADV_X1Y2      MMCME2_ADV (Prop_mmcme2_adv_CLKIN1_CLKOUT0)
                                                     -2.379    -1.689 r  u_clk/inst/mmcm_adv_inst/CLKOUT0
                         net (fo=1, routed)           0.499    -1.190    u_clk/inst/clk_out1_clk_wiz_0
    BUFGCTRL_X0Y17       BUFG (Prop_bufg_I_O)         0.026    -1.164 r  u_clk/inst/clkout1_buf/O
                         net (fo=152, routed)         0.568    -0.596    u_vga/clk25
    SLICE_X10Y108        FDCE                                         r  u_vga/v_cnt_reg[9]/C
  -------------------------------------------------------------------    -------------------
    SLICE_X10Y108        FDCE (Prop_fdce_C_Q)         0.164    -0.432 r  u_vga/v_cnt_reg[9]/Q
                         net (fo=10, routed)          0.175    -0.257    u_vga/y[9]
    SLICE_X10Y108        LUT6 (Prop_lut6_I4_O)        0.045    -0.212 r  u_vga/v_cnt[9]_i_2/O
                         net (fo=1, routed)           0.000    -0.212    u_vga/v_cnt[9]
    SLICE_X10Y108        FDCE                                         r  u_vga/v_cnt_reg[9]/D
  -------------------------------------------------------------------    -------------------

                         (clock clk_out1_clk_wiz_0_1 rise edge)
                                                      0.000     0.000 r  
    E3                                                0.000     0.000 r  CLK100MHZ (IN)
                         net (fo=0)                   0.000     0.000    u_clk/inst/clk_in1
    E3                   IBUF (Prop_ibuf_I_O)         0.438     0.438 r  u_clk/inst/clkin1_ibufg/O
                         net (fo=1, routed)           0.480     0.918    u_clk/inst/clk_in1_clk_wiz_0
    MMCME2_ADV_X1Y2      MMCME2_ADV (Prop_mmcme2_adv_CLKIN1_CLKOUT0)
                                                     -3.163    -2.245 r  u_clk/inst/mmcm_adv_inst/CLKOUT0
                         net (fo=1, routed)           0.544    -1.702    u_clk/inst/clk_out1_clk_wiz_0
    BUFGCTRL_X0Y17       BUFG (Prop_bufg_I_O)         0.029    -1.673 r  u_clk/inst/clkout1_buf/O
                         net (fo=152, routed)         0.839    -0.834    u_vga/clk25
    SLICE_X10Y108        FDCE                                         r  u_vga/v_cnt_reg[9]/C
                         clock pessimism              0.238    -0.596    
                         clock uncertainty            0.106    -0.490    
    SLICE_X10Y108        FDCE (Hold_fdce_C_D)         0.120    -0.370    u_vga/v_cnt_reg[9]
  -------------------------------------------------------------------
                         required time                          0.370    
                         arrival time                          -0.212    
  -------------------------------------------------------------------
                         slack                                  0.158    





--------------------------------------------------------------------------------------
Path Group:  (none)
From Clock:  
  To Clock:  

Max Delay          2339 Endpoints
Min Delay          2339 Endpoints
--------------------------------------------------------------------------------------


Max Delay Paths
--------------------------------------------------------------------------------------
Slack:                    inf
  Source:                 u_cap/addr_reg_reg[16]/C
                            (rising edge-triggered cell FDRE)
  Destination:            <hidden>
  Path Group:             (none)
  Path Type:              Max at Slow Process Corner
  Data Path Delay:        15.303ns  (logic 0.583ns (3.810%)  route 14.720ns (96.190%))
  Logic Levels:           2  (FDRE=1 LUT3=1)

    Location             Delay type                Incr(ns)  Path(ns)    Netlist Resource(s)
  -------------------------------------------------------------------    -------------------
    SLICE_X13Y111        FDRE                         0.000     0.000 r  u_cap/addr_reg_reg[16]/C
    SLICE_X13Y111        FDRE (Prop_fdre_C_Q)         0.459     0.459 r  u_cap/addr_reg_reg[16]/Q
                         net (fo=83, routed)         12.440    12.899    <hidden>
    SLICE_X70Y57         LUT3 (Prop_lut3_I0_O)        0.124    13.023 r  <hidden>
                         net (fo=6, routed)           2.280    15.303    <hidden>
    RAMB36_X1Y7          RAMB36E1                                     r  <hidden>
  -------------------------------------------------------------------    -------------------

Slack:                    inf
  Source:                 u_cap/addr_reg_reg[16]/C
                            (rising edge-triggered cell FDRE)
  Destination:            <hidden>
  Path Group:             (none)
  Path Type:              Max at Slow Process Corner
  Data Path Delay:        15.222ns  (logic 0.583ns (3.830%)  route 14.639ns (96.170%))
  Logic Levels:           2  (FDRE=1 LUT3=1)

    Location             Delay type                Incr(ns)  Path(ns)    Netlist Resource(s)
  -------------------------------------------------------------------    -------------------
    SLICE_X13Y111        FDRE                         0.000     0.000 r  u_cap/addr_reg_reg[16]/C
    SLICE_X13Y111        FDRE (Prop_fdre_C_Q)         0.459     0.459 r  u_cap/addr_reg_reg[16]/Q
                         net (fo=83, routed)         12.938    13.397    <hidden>
    SLICE_X62Y68         LUT3 (Prop_lut3_I1_O)        0.124    13.521 r  <hidden>
                         net (fo=6, routed)           1.701    15.222    <hidden>
    RAMB36_X3Y14         RAMB36E1                                     r  <hidden>
  -------------------------------------------------------------------    -------------------

Slack:                    inf
  Source:                 u_cap/addr_reg_reg[16]/C
                            (rising edge-triggered cell FDRE)
  Destination:            <hidden>
  Path Group:             (none)
  Path Type:              Max at Slow Process Corner
  Data Path Delay:        15.172ns  (logic 0.583ns (3.843%)  route 14.589ns (96.157%))
  Logic Levels:           2  (FDRE=1 LUT3=1)

    Location             Delay type                Incr(ns)  Path(ns)    Netlist Resource(s)
  -------------------------------------------------------------------    -------------------
    SLICE_X13Y111        FDRE                         0.000     0.000 r  u_cap/addr_reg_reg[16]/C
    SLICE_X13Y111        FDRE (Prop_fdre_C_Q)         0.459     0.459 r  u_cap/addr_reg_reg[16]/Q
                         net (fo=83, routed)         12.938    13.397    <hidden>
    SLICE_X62Y68         LUT3 (Prop_lut3_I1_O)        0.124    13.521 r  <hidden>
                         net (fo=6, routed)           1.651    15.172    <hidden>
    RAMB36_X3Y15         RAMB36E1                                     r  <hidden>
  -------------------------------------------------------------------    -------------------

Slack:                    inf
  Source:                 u_cap/addr_reg_reg[16]/C
                            (rising edge-triggered cell FDRE)
  Destination:            <hidden>
  Path Group:             (none)
  Path Type:              Max at Slow Process Corner
  Data Path Delay:        15.146ns  (logic 0.583ns (3.849%)  route 14.563ns (96.151%))
  Logic Levels:           2  (FDRE=1 LUT3=1)

    Location             Delay type                Incr(ns)  Path(ns)    Netlist Resource(s)
  -------------------------------------------------------------------    -------------------
    SLICE_X13Y111        FDRE                         0.000     0.000 r  u_cap/addr_reg_reg[16]/C
    SLICE_X13Y111        FDRE (Prop_fdre_C_Q)         0.459     0.459 r  u_cap/addr_reg_reg[16]/Q
                         net (fo=83, routed)         12.440    12.899    <hidden>
    SLICE_X70Y57         LUT3 (Prop_lut3_I0_O)        0.124    13.023 r  <hidden>
                         net (fo=6, routed)           2.123    15.146    <hidden>
    RAMB36_X2Y4          RAMB36E1                                     r  <hidden>
  -------------------------------------------------------------------    -------------------

Slack:                    inf
  Source:                 u_cap/addr_reg_reg[16]/C
                            (rising edge-triggered cell FDRE)
  Destination:            <hidden>
  Path Group:             (none)
  Path Type:              Max at Slow Process Corner
  Data Path Delay:        14.946ns  (logic 0.583ns (3.901%)  route 14.363ns (96.099%))
  Logic Levels:           2  (FDRE=1 LUT3=1)

    Location             Delay type                Incr(ns)  Path(ns)    Netlist Resource(s)
  -------------------------------------------------------------------    -------------------
    SLICE_X13Y111        FDRE                         0.000     0.000 r  u_cap/addr_reg_reg[16]/C
    SLICE_X13Y111        FDRE (Prop_fdre_C_Q)         0.459     0.459 r  u_cap/addr_reg_reg[16]/Q
                         net (fo=83, routed)         12.938    13.397    <hidden>
    SLICE_X62Y68         LUT3 (Prop_lut3_I1_O)        0.124    13.521 r  <hidden>
                         net (fo=6, routed)           1.426    14.946    <hidden>
    RAMB36_X2Y13         RAMB36E1                                     r  <hidden>
  -------------------------------------------------------------------    -------------------

Slack:                    inf
  Source:                 u_cap/addr_reg_reg[16]/C
                            (rising edge-triggered cell FDRE)
  Destination:            <hidden>
  Path Group:             (none)
  Path Type:              Max at Slow Process Corner
  Data Path Delay:        14.917ns  (logic 0.583ns (3.908%)  route 14.334ns (96.092%))
  Logic Levels:           2  (FDRE=1 LUT3=1)

    Location             Delay type                Incr(ns)  Path(ns)    Netlist Resource(s)
  -------------------------------------------------------------------    -------------------
    SLICE_X13Y111        FDRE                         0.000     0.000 r  u_cap/addr_reg_reg[16]/C
    SLICE_X13Y111        FDRE (Prop_fdre_C_Q)         0.459     0.459 f  u_cap/addr_reg_reg[16]/Q
                         net (fo=83, routed)         12.838    13.297    <hidden>
    SLICE_X70Y57         LUT3 (Prop_lut3_I1_O)        0.124    13.421 r  <hidden>
                         net (fo=6, routed)           1.495    14.917    <hidden>
    RAMB36_X1Y8          RAMB36E1                                     r  <hidden>
  -------------------------------------------------------------------    -------------------

Slack:                    inf
  Source:                 u_cap/addr_reg_reg[16]/C
                            (rising edge-triggered cell FDRE)
  Destination:            <hidden>
  Path Group:             (none)
  Path Type:              Max at Slow Process Corner
  Data Path Delay:        14.915ns  (logic 0.583ns (3.909%)  route 14.332ns (96.091%))
  Logic Levels:           2  (FDRE=1 LUT3=1)

    Location             Delay type                Incr(ns)  Path(ns)    Netlist Resource(s)
  -------------------------------------------------------------------    -------------------
    SLICE_X13Y111        FDRE                         0.000     0.000 r  u_cap/addr_reg_reg[16]/C
    SLICE_X13Y111        FDRE (Prop_fdre_C_Q)         0.459     0.459 r  u_cap/addr_reg_reg[16]/Q
                         net (fo=83, routed)         12.440    12.899    <hidden>
    SLICE_X70Y57         LUT3 (Prop_lut3_I0_O)        0.124    13.023 r  <hidden>
                         net (fo=6, routed)           1.892    14.915    <hidden>
    RAMB36_X2Y5          RAMB36E1                                     r  <hidden>
  -------------------------------------------------------------------    -------------------

Slack:                    inf
  Source:                 u_cap/addr_reg_reg[16]/C
                            (rising edge-triggered cell FDRE)
  Destination:            <hidden>
  Path Group:             (none)
  Path Type:              Max at Slow Process Corner
  Data Path Delay:        14.869ns  (logic 0.583ns (3.921%)  route 14.286ns (96.079%))
  Logic Levels:           2  (FDRE=1 LUT3=1)

    Location             Delay type                Incr(ns)  Path(ns)    Netlist Resource(s)
  -------------------------------------------------------------------    -------------------
    SLICE_X13Y111        FDRE                         0.000     0.000 r  u_cap/addr_reg_reg[16]/C
    SLICE_X13Y111        FDRE (Prop_fdre_C_Q)         0.459     0.459 r  u_cap/addr_reg_reg[16]/Q
                         net (fo=83, routed)         12.440    12.899    <hidden>
    SLICE_X70Y57         LUT3 (Prop_lut3_I0_O)        0.124    13.023 r  <hidden>
                         net (fo=6, routed)           1.845    14.869    <hidden>
    RAMB36_X1Y6          RAMB36E1                                     r  <hidden>
  -------------------------------------------------------------------    -------------------

Slack:                    inf
  Source:                 u_cap/addr_reg_reg[16]/C
                            (rising edge-triggered cell FDRE)
  Destination:            <hidden>
  Path Group:             (none)
  Path Type:              Max at Slow Process Corner
  Data Path Delay:        14.672ns  (logic 0.583ns (3.973%)  route 14.089ns (96.027%))
  Logic Levels:           2  (FDRE=1 LUT3=1)

    Location             Delay type                Incr(ns)  Path(ns)    Netlist Resource(s)
  -------------------------------------------------------------------    -------------------
    SLICE_X13Y111        FDRE                         0.000     0.000 r  u_cap/addr_reg_reg[16]/C
    SLICE_X13Y111        FDRE (Prop_fdre_C_Q)         0.459     0.459 r  u_cap/addr_reg_reg[16]/Q
                         net (fo=83, routed)         12.440    12.899    <hidden>
    SLICE_X70Y57         LUT3 (Prop_lut3_I0_O)        0.124    13.023 r  <hidden>
                         net (fo=6, routed)           1.649    14.672    <hidden>
    RAMB36_X2Y6          RAMB36E1                                     r  <hidden>
  -------------------------------------------------------------------    -------------------

Slack:                    inf
  Source:                 u_cap/addr_reg_reg[16]/C
                            (rising edge-triggered cell FDRE)
  Destination:            <hidden>
  Path Group:             (none)
  Path Type:              Max at Slow Process Corner
  Data Path Delay:        14.655ns  (logic 0.583ns (3.978%)  route 14.072ns (96.022%))
  Logic Levels:           2  (FDRE=1 LUT3=1)

    Location             Delay type                Incr(ns)  Path(ns)    Netlist Resource(s)
  -------------------------------------------------------------------    -------------------
    SLICE_X13Y111        FDRE                         0.000     0.000 r  u_cap/addr_reg_reg[16]/C
    SLICE_X13Y111        FDRE (Prop_fdre_C_Q)         0.459     0.459 f  u_cap/addr_reg_reg[16]/Q
                         net (fo=83, routed)         12.838    13.297    <hidden>
    SLICE_X70Y57         LUT3 (Prop_lut3_I1_O)        0.124    13.421 r  <hidden>
                         net (fo=6, routed)           1.233    14.655    <hidden>
    RAMB36_X2Y9          RAMB36E1                                     r  <hidden>
  -------------------------------------------------------------------    -------------------





Min Delay Paths
--------------------------------------------------------------------------------------
Slack:                    inf
  Source:                 u_cap/pixel_reg_reg[10]/C
                            (rising edge-triggered cell FDRE)
  Destination:            <hidden>
  Path Group:             (none)
  Path Type:              Min at Fast Process Corner
  Data Path Delay:        0.308ns  (logic 0.167ns (54.152%)  route 0.141ns (45.848%))
  Logic Levels:           1  (FDRE=1)

    Location             Delay type                Incr(ns)  Path(ns)    Netlist Resource(s)
  -------------------------------------------------------------------    -------------------
    SLICE_X8Y142         FDRE                         0.000     0.000 r  u_cap/pixel_reg_reg[10]/C
    SLICE_X8Y142         FDRE (Prop_fdre_C_Q)         0.167     0.167 r  u_cap/pixel_reg_reg[10]/Q
                         net (fo=160, routed)         0.141     0.308    <hidden>
    RAMB36_X0Y28         RAMB36E1                                     r  <hidden>
  -------------------------------------------------------------------    -------------------

Slack:                    inf
  Source:                 u_cap/pixel_reg_reg[9]/C
                            (rising edge-triggered cell FDRE)
  Destination:            <hidden>
  Path Group:             (none)
  Path Type:              Min at Fast Process Corner
  Data Path Delay:        0.316ns  (logic 0.167ns (52.902%)  route 0.149ns (47.098%))
  Logic Levels:           1  (FDRE=1)

    Location             Delay type                Incr(ns)  Path(ns)    Netlist Resource(s)
  -------------------------------------------------------------------    -------------------
    SLICE_X8Y140         FDRE                         0.000     0.000 r  u_cap/pixel_reg_reg[9]/C
    SLICE_X8Y140         FDRE (Prop_fdre_C_Q)         0.167     0.167 r  u_cap/pixel_reg_reg[9]/Q
                         net (fo=160, routed)         0.149     0.316    <hidden>
    RAMB36_X0Y28         RAMB36E1                                     r  <hidden>
  -------------------------------------------------------------------    -------------------

Slack:                    inf
  Source:                 u_cap/pixel_reg_reg[9]/C
                            (rising edge-triggered cell FDRE)
  Destination:            <hidden>
  Path Group:             (none)
  Path Type:              Min at Fast Process Corner
  Data Path Delay:        0.369ns  (logic 0.167ns (45.312%)  route 0.202ns (54.688%))
  Logic Levels:           1  (FDRE=1)

    Location             Delay type                Incr(ns)  Path(ns)    Netlist Resource(s)
  -------------------------------------------------------------------    -------------------
    SLICE_X8Y140         FDRE                         0.000     0.000 r  u_cap/pixel_reg_reg[9]/C
    SLICE_X8Y140         FDRE (Prop_fdre_C_Q)         0.167     0.167 r  u_cap/pixel_reg_reg[9]/Q
                         net (fo=160, routed)         0.202     0.369    <hidden>
    RAMB36_X0Y28         RAMB36E1                                     r  <hidden>
  -------------------------------------------------------------------    -------------------

Slack:                    inf
  Source:                 u_cap/pixel_reg_reg[10]/C
                            (rising edge-triggered cell FDRE)
  Destination:            <hidden>
  Path Group:             (none)
  Path Type:              Min at Fast Process Corner
  Data Path Delay:        0.369ns  (logic 0.167ns (45.273%)  route 0.202ns (54.727%))
  Logic Levels:           1  (FDRE=1)

    Location             Delay type                Incr(ns)  Path(ns)    Netlist Resource(s)
  -------------------------------------------------------------------    -------------------
    SLICE_X8Y142         FDRE                         0.000     0.000 r  u_cap/pixel_reg_reg[10]/C
    SLICE_X8Y142         FDRE (Prop_fdre_C_Q)         0.167     0.167 r  u_cap/pixel_reg_reg[10]/Q
                         net (fo=160, routed)         0.202     0.369    <hidden>
    RAMB36_X0Y28         RAMB36E1                                     r  <hidden>
  -------------------------------------------------------------------    -------------------

Slack:                    inf
  Source:                 u_cap/addr_reg_reg[18]/C
                            (rising edge-triggered cell FDRE)
  Destination:            u_cap/addr_reg_reg[18]/D
  Path Group:             (none)
  Path Type:              Min at Fast Process Corner
  Data Path Delay:        0.379ns  (logic 0.257ns (67.897%)  route 0.122ns (32.103%))
  Logic Levels:           2  (CARRY4=1 FDRE=1)

    Location             Delay type                Incr(ns)  Path(ns)    Netlist Resource(s)
  -------------------------------------------------------------------    -------------------
    SLICE_X13Y111        FDRE                         0.000     0.000 r  u_cap/addr_reg_reg[18]/C
    SLICE_X13Y111        FDRE (Prop_fdre_C_Q)         0.146     0.146 r  u_cap/addr_reg_reg[18]/Q
                         net (fo=83, routed)          0.122     0.268    u_cap/addr[18]
    SLICE_X13Y111        CARRY4 (Prop_carry4_S[2]_O[2])
                                                      0.111     0.379 r  u_cap/addr_reg_reg[18]_i_2/O[2]
                         net (fo=1, routed)           0.000     0.379    u_cap/addr_reg_reg[18]_i_2_n_5
    SLICE_X13Y111        FDRE                                         r  u_cap/addr_reg_reg[18]/D
  -------------------------------------------------------------------    -------------------

Slack:                    inf
  Source:                 u_cap/addr_reg_reg[14]/C
                            (rising edge-triggered cell FDRE)
  Destination:            u_cap/addr_reg_reg[14]/D
  Path Group:             (none)
  Path Type:              Min at Fast Process Corner
  Data Path Delay:        0.379ns  (logic 0.257ns (67.886%)  route 0.122ns (32.114%))
  Logic Levels:           2  (CARRY4=1 FDRE=1)

    Location             Delay type                Incr(ns)  Path(ns)    Netlist Resource(s)
  -------------------------------------------------------------------    -------------------
    SLICE_X13Y110        FDRE                         0.000     0.000 r  u_cap/addr_reg_reg[14]/C
    SLICE_X13Y110        FDRE (Prop_fdre_C_Q)         0.146     0.146 r  u_cap/addr_reg_reg[14]/Q
                         net (fo=39, routed)          0.122     0.268    u_cap/addr[14]
    SLICE_X13Y110        CARRY4 (Prop_carry4_S[2]_O[2])
                                                      0.111     0.379 r  u_cap/addr_reg_reg[15]_i_1/O[2]
                         net (fo=1, routed)           0.000     0.379    u_cap/addr_reg_reg[15]_i_1_n_5
    SLICE_X13Y110        FDRE                                         r  u_cap/addr_reg_reg[14]/D
  -------------------------------------------------------------------    -------------------

Slack:                    inf
  Source:                 u_cap/addr_reg_reg[15]/C
                            (rising edge-triggered cell FDRE)
  Destination:            u_cap/addr_reg_reg[15]/D
  Path Group:             (none)
  Path Type:              Min at Fast Process Corner
  Data Path Delay:        0.384ns  (logic 0.254ns (66.105%)  route 0.130ns (33.895%))
  Logic Levels:           2  (CARRY4=1 FDRE=1)

    Location             Delay type                Incr(ns)  Path(ns)    Netlist Resource(s)
  -------------------------------------------------------------------    -------------------
    SLICE_X13Y110        FDRE                         0.000     0.000 r  u_cap/addr_reg_reg[15]/C
    SLICE_X13Y110        FDRE (Prop_fdre_C_Q)         0.146     0.146 r  u_cap/addr_reg_reg[15]/Q
                         net (fo=103, routed)         0.130     0.276    u_cap/addr[15]
    SLICE_X13Y110        CARRY4 (Prop_carry4_S[3]_O[3])
                                                      0.108     0.384 r  u_cap/addr_reg_reg[15]_i_1/O[3]
                         net (fo=1, routed)           0.000     0.384    u_cap/addr_reg_reg[15]_i_1_n_4
    SLICE_X13Y110        FDRE                                         r  u_cap/addr_reg_reg[15]/D
  -------------------------------------------------------------------    -------------------

Slack:                    inf
  Source:                 u_cap/addr_reg_reg[8]/C
                            (rising edge-triggered cell FDRE)
  Destination:            u_cap/addr_reg_reg[8]/D
  Path Group:             (none)
  Path Type:              Min at Fast Process Corner
  Data Path Delay:        0.388ns  (logic 0.261ns (67.227%)  route 0.127ns (32.773%))
  Logic Levels:           2  (CARRY4=1 FDRE=1)

    Location             Delay type                Incr(ns)  Path(ns)    Netlist Resource(s)
  -------------------------------------------------------------------    -------------------
    SLICE_X13Y109        FDRE                         0.000     0.000 r  u_cap/addr_reg_reg[8]/C
    SLICE_X13Y109        FDRE (Prop_fdre_C_Q)         0.146     0.146 r  u_cap/addr_reg_reg[8]/Q
                         net (fo=106, routed)         0.127     0.273    u_cap/addr[8]
    SLICE_X13Y109        CARRY4 (Prop_carry4_S[0]_O[0])
                                                      0.115     0.388 r  u_cap/addr_reg_reg[11]_i_1/O[0]
                         net (fo=1, routed)           0.000     0.388    u_cap/addr_reg_reg[11]_i_1_n_7
    SLICE_X13Y109        FDRE                                         r  u_cap/addr_reg_reg[8]/D
  -------------------------------------------------------------------    -------------------

Slack:                    inf
  Source:                 u_cap/addr_reg_reg[16]/C
                            (rising edge-triggered cell FDRE)
  Destination:            u_cap/addr_reg_reg[16]/D
  Path Group:             (none)
  Path Type:              Min at Fast Process Corner
  Data Path Delay:        0.393ns  (logic 0.261ns (66.457%)  route 0.132ns (33.543%))
  Logic Levels:           2  (CARRY4=1 FDRE=1)

    Location             Delay type                Incr(ns)  Path(ns)    Netlist Resource(s)
  -------------------------------------------------------------------    -------------------
    SLICE_X13Y111        FDRE                         0.000     0.000 r  u_cap/addr_reg_reg[16]/C
    SLICE_X13Y111        FDRE (Prop_fdre_C_Q)         0.146     0.146 r  u_cap/addr_reg_reg[16]/Q
                         net (fo=83, routed)          0.132     0.278    u_cap/addr[16]
    SLICE_X13Y111        CARRY4 (Prop_carry4_S[0]_O[0])
                                                      0.115     0.393 r  u_cap/addr_reg_reg[18]_i_2/O[0]
                         net (fo=1, routed)           0.000     0.393    u_cap/addr_reg_reg[18]_i_2_n_7
    SLICE_X13Y111        FDRE                                         r  u_cap/addr_reg_reg[16]/D
  -------------------------------------------------------------------    -------------------

Slack:                    inf
  Source:                 u_cap/addr_reg_reg[7]/C
                            (rising edge-triggered cell FDRE)
  Destination:            u_cap/addr_reg_reg[7]/D
  Path Group:             (none)
  Path Type:              Min at Fast Process Corner
  Data Path Delay:        0.399ns  (logic 0.254ns (63.657%)  route 0.145ns (36.343%))
  Logic Levels:           2  (CARRY4=1 FDRE=1)

    Location             Delay type                Incr(ns)  Path(ns)    Netlist Resource(s)
  -------------------------------------------------------------------    -------------------
    SLICE_X13Y108        FDRE                         0.000     0.000 r  u_cap/addr_reg_reg[7]/C
    SLICE_X13Y108        FDRE (Prop_fdre_C_Q)         0.146     0.146 r  u_cap/addr_reg_reg[7]/Q
                         net (fo=106, routed)         0.145     0.291    u_cap/addr[7]
    SLICE_X13Y108        CARRY4 (Prop_carry4_S[3]_O[3])
                                                      0.108     0.399 r  u_cap/addr_reg_reg[7]_i_1/O[3]
                         net (fo=1, routed)           0.000     0.399    u_cap/addr_reg_reg[7]_i_1_n_4
    SLICE_X13Y108        FDRE                                         r  u_cap/addr_reg_reg[7]/D
  -------------------------------------------------------------------    -------------------





--------------------------------------------------------------------------------------
Path Group:  (none)
From Clock:  clk_out1_clk_wiz_0
  To Clock:  

Max Delay            14 Endpoints
Min Delay            14 Endpoints
--------------------------------------------------------------------------------------


Max Delay Paths
--------------------------------------------------------------------------------------
Slack:                    inf
  Source:                 u_vga/v_cnt_reg[0]/C
                            (rising edge-triggered cell FDCE clocked by clk_out1_clk_wiz_0  {rise@0.000ns fall@20.000ns period=40.000ns})
  Destination:            VGA_VS
                            (output port)
  Path Group:             (none)
  Path Type:              Max at Slow Process Corner
  Data Path Delay:        10.583ns  (logic 5.414ns (51.162%)  route 5.168ns (48.838%))
  Logic Levels:           5  (CARRY4=2 LUT2=2 OBUF=1)
  Clock Uncertainty:      0.235ns  ((TSJ^2 + DJ^2)^1/2) / 2 + PE
    Total System Jitter     (TSJ):    0.050ns
    Discrete Jitter          (DJ):    0.200ns
    Phase Error              (PE):    0.132ns

    Location             Delay type                Incr(ns)  Path(ns)    Netlist Resource(s)
  -------------------------------------------------------------------    -------------------
                         (clock clk_out1_clk_wiz_0 rise edge)
                                                      0.000     0.000 r  
    E3                                                0.000     0.000 r  CLK100MHZ (IN)
                         net (fo=0)                   0.000     0.000    u_clk/inst/clk_in1
    E3                   IBUF (Prop_ibuf_I_O)         1.482     1.482 r  u_clk/inst/clkin1_ibufg/O
                         net (fo=1, routed)           1.233     2.715    u_clk/inst/clk_in1_clk_wiz_0
    MMCME2_ADV_X1Y2      MMCME2_ADV (Prop_mmcme2_adv_CLKIN1_CLKOUT0)
                                                     -7.070    -4.355 r  u_clk/inst/mmcm_adv_inst/CLKOUT0
                         net (fo=1, routed)           1.719    -2.636    u_clk/inst/clk_out1_clk_wiz_0
    BUFGCTRL_X0Y17       BUFG (Prop_bufg_I_O)         0.096    -2.540 r  u_clk/inst/clkout1_buf/O
                         net (fo=152, routed)         1.630    -0.910    u_vga/clk25
    SLICE_X11Y108        FDCE                                         r  u_vga/v_cnt_reg[0]/C
  -------------------------------------------------------------------    -------------------
    SLICE_X11Y108        FDCE (Prop_fdce_C_Q)         0.419    -0.491 r  u_vga/v_cnt_reg[0]/Q
                         net (fo=13, routed)          1.153     0.662    u_vga/y[0]
    SLICE_X10Y109        LUT2 (Prop_lut2_I1_O)        0.296     0.958 r  u_vga/vsync_INST_0_i_22/O
                         net (fo=1, routed)           0.000     0.958    u_vga/vsync_INST_0_i_22_n_0
    SLICE_X10Y109        CARRY4 (Prop_carry4_S[0]_CO[3])
                                                      0.513     1.471 r  u_vga/vsync_INST_0_i_5/CO[3]
                         net (fo=1, routed)           0.000     1.471    u_vga/vsync_INST_0_i_5_n_0
    SLICE_X10Y110        CARRY4 (Prop_carry4_CI_CO[0])
                                                      0.254     1.725 f  u_vga/vsync_INST_0_i_2/CO[0]
                         net (fo=1, routed)           0.833     2.558    u_vga/vsync2
    SLICE_X12Y110        LUT2 (Prop_lut2_I1_O)        0.367     2.925 r  u_vga/vsync_INST_0/O
                         net (fo=1, routed)           3.182     6.107    VGA_VS_OBUF
    B12                  OBUF (Prop_obuf_I_O)         3.565     9.673 r  VGA_VS_OBUF_inst/O
                         net (fo=0)                   0.000     9.673    VGA_VS
    B12                                                               r  VGA_VS (OUT)
  -------------------------------------------------------------------    -------------------

Slack:                    inf
  Source:                 u_vga/h_cnt_reg[7]/C
                            (rising edge-triggered cell FDCE clocked by clk_out1_clk_wiz_0  {rise@0.000ns fall@20.000ns period=40.000ns})
  Destination:            VGA_HS
                            (output port)
  Path Group:             (none)
  Path Type:              Max at Slow Process Corner
  Data Path Delay:        10.480ns  (logic 5.328ns (50.834%)  route 5.153ns (49.166%))
  Logic Levels:           5  (CARRY4=2 LUT2=2 OBUF=1)
  Clock Uncertainty:      0.235ns  ((TSJ^2 + DJ^2)^1/2) / 2 + PE
    Total System Jitter     (TSJ):    0.050ns
    Discrete Jitter          (DJ):    0.200ns
    Phase Error              (PE):    0.132ns

    Location             Delay type                Incr(ns)  Path(ns)    Netlist Resource(s)
  -------------------------------------------------------------------    -------------------
                         (clock clk_out1_clk_wiz_0 rise edge)
                                                      0.000     0.000 r  
    E3                                                0.000     0.000 r  CLK100MHZ (IN)
                         net (fo=0)                   0.000     0.000    u_clk/inst/clk_in1
    E3                   IBUF (Prop_ibuf_I_O)         1.482     1.482 r  u_clk/inst/clkin1_ibufg/O
                         net (fo=1, routed)           1.233     2.715    u_clk/inst/clk_in1_clk_wiz_0
    MMCME2_ADV_X1Y2      MMCME2_ADV (Prop_mmcme2_adv_CLKIN1_CLKOUT0)
                                                     -7.070    -4.355 r  u_clk/inst/mmcm_adv_inst/CLKOUT0
                         net (fo=1, routed)           1.719    -2.636    u_clk/inst/clk_out1_clk_wiz_0
    BUFGCTRL_X0Y17       BUFG (Prop_bufg_I_O)         0.096    -2.540 r  u_clk/inst/clkout1_buf/O
                         net (fo=152, routed)         1.705    -0.835    u_vga/clk25
    SLICE_X7Y111         FDCE                                         r  u_vga/h_cnt_reg[7]/C
  -------------------------------------------------------------------    -------------------
    SLICE_X7Y111         FDCE (Prop_fdce_C_Q)         0.419    -0.416 r  u_vga/h_cnt_reg[7]/Q
                         net (fo=31, routed)          1.362     0.946    u_vga/x[7]
    SLICE_X9Y109         LUT2 (Prop_lut2_I0_O)        0.299     1.245 r  u_vga/hsync_INST_0_i_20/O
                         net (fo=1, routed)           0.000     1.245    u_vga/hsync_INST_0_i_20_n_0
    SLICE_X9Y109         CARRY4 (Prop_carry4_S[3]_CO[3])
                                                      0.401     1.646 r  u_vga/hsync_INST_0_i_6/CO[3]
                         net (fo=1, routed)           0.000     1.646    u_vga/hsync_INST_0_i_6_n_0
    SLICE_X9Y110         CARRY4 (Prop_carry4_CI_CO[0])
                                                      0.271     1.917 f  u_vga/hsync_INST_0_i_2/CO[0]
                         net (fo=1, routed)           0.823     2.740    u_vga/hsync2
    SLICE_X8Y111         LUT2 (Prop_lut2_I1_O)        0.373     3.113 r  u_vga/hsync_INST_0/O
                         net (fo=1, routed)           2.967     6.081    VGA_HS_OBUF
    B11                  OBUF (Prop_obuf_I_O)         3.565     9.645 r  VGA_HS_OBUF_inst/O
                         net (fo=0)                   0.000     9.645    VGA_HS
    B11                                                               r  VGA_HS (OUT)
  -------------------------------------------------------------------    -------------------

Slack:                    inf
  Source:                 VGA_B_reg[1]/C
                            (rising edge-triggered cell FDRE clocked by clk_out1_clk_wiz_0  {rise@0.000ns fall@20.000ns period=40.000ns})
  Destination:            VGA_B[1]
                            (output port)
  Path Group:             (none)
  Path Type:              Max at Slow Process Corner
  Data Path Delay:        8.258ns  (logic 4.069ns (49.276%)  route 4.189ns (50.724%))
  Logic Levels:           1  (OBUF=1)
  Clock Uncertainty:      0.235ns  ((TSJ^2 + DJ^2)^1/2) / 2 + PE
    Total System Jitter     (TSJ):    0.050ns
    Discrete Jitter          (DJ):    0.200ns
    Phase Error              (PE):    0.132ns

    Location             Delay type                Incr(ns)  Path(ns)    Netlist Resource(s)
  -------------------------------------------------------------------    -------------------
                         (clock clk_out1_clk_wiz_0 rise edge)
                                                      0.000     0.000 r  
    E3                                                0.000     0.000 r  CLK100MHZ (IN)
                         net (fo=0)                   0.000     0.000    u_clk/inst/clk_in1
    E3                   IBUF (Prop_ibuf_I_O)         1.482     1.482 r  u_clk/inst/clkin1_ibufg/O
                         net (fo=1, routed)           1.233     2.715    u_clk/inst/clk_in1_clk_wiz_0
    MMCME2_ADV_X1Y2      MMCME2_ADV (Prop_mmcme2_adv_CLKIN1_CLKOUT0)
                                                     -7.070    -4.355 r  u_clk/inst/mmcm_adv_inst/CLKOUT0
                         net (fo=1, routed)           1.719    -2.636    u_clk/inst/clk_out1_clk_wiz_0
    BUFGCTRL_X0Y17       BUFG (Prop_bufg_I_O)         0.096    -2.540 r  u_clk/inst/clkout1_buf/O
                         net (fo=152, routed)         1.619    -0.921    clk25
    SLICE_X62Y79         FDRE                                         r  VGA_B_reg[1]/C
  -------------------------------------------------------------------    -------------------
    SLICE_X62Y79         FDRE (Prop_fdre_C_Q)         0.518    -0.403 r  VGA_B_reg[1]/Q
                         net (fo=1, routed)           4.189     3.786    VGA_B_OBUF[1]
    C7                   OBUF (Prop_obuf_I_O)         3.551     7.337 r  VGA_B_OBUF[1]_inst/O
                         net (fo=0)                   0.000     7.337    VGA_B[1]
    C7                                                                r  VGA_B[1] (OUT)
  -------------------------------------------------------------------    -------------------

Slack:                    inf
  Source:                 VGA_B_reg[0]/C
                            (rising edge-triggered cell FDRE clocked by clk_out1_clk_wiz_0  {rise@0.000ns fall@20.000ns period=40.000ns})
  Destination:            VGA_B[0]
                            (output port)
  Path Group:             (none)
  Path Type:              Max at Slow Process Corner
  Data Path Delay:        8.116ns  (logic 4.003ns (49.321%)  route 4.113ns (50.679%))
  Logic Levels:           1  (OBUF=1)
  Clock Uncertainty:      0.235ns  ((TSJ^2 + DJ^2)^1/2) / 2 + PE
    Total System Jitter     (TSJ):    0.050ns
    Discrete Jitter          (DJ):    0.200ns
    Phase Error              (PE):    0.132ns

    Location             Delay type                Incr(ns)  Path(ns)    Netlist Resource(s)
  -------------------------------------------------------------------    -------------------
                         (clock clk_out1_clk_wiz_0 rise edge)
                                                      0.000     0.000 r  
    E3                                                0.000     0.000 r  CLK100MHZ (IN)
                         net (fo=0)                   0.000     0.000    u_clk/inst/clk_in1
    E3                   IBUF (Prop_ibuf_I_O)         1.482     1.482 r  u_clk/inst/clkin1_ibufg/O
                         net (fo=1, routed)           1.233     2.715    u_clk/inst/clk_in1_clk_wiz_0
    MMCME2_ADV_X1Y2      MMCME2_ADV (Prop_mmcme2_adv_CLKIN1_CLKOUT0)
                                                     -7.070    -4.355 r  u_clk/inst/mmcm_adv_inst/CLKOUT0
                         net (fo=1, routed)           1.719    -2.636    u_clk/inst/clk_out1_clk_wiz_0
    BUFGCTRL_X0Y17       BUFG (Prop_bufg_I_O)         0.096    -2.540 r  u_clk/inst/clkout1_buf/O
                         net (fo=152, routed)         1.702    -0.838    clk25
    SLICE_X72Y79         FDRE                                         r  VGA_B_reg[0]/C
  -------------------------------------------------------------------    -------------------
    SLICE_X72Y79         FDRE (Prop_fdre_C_Q)         0.456    -0.382 r  VGA_B_reg[0]/Q
                         net (fo=1, routed)           4.113     3.732    VGA_B_OBUF[0]
    B7                   OBUF (Prop_obuf_I_O)         3.547     7.278 r  VGA_B_OBUF[0]_inst/O
                         net (fo=0)                   0.000     7.278    VGA_B[0]
    B7                                                                r  VGA_B[0] (OUT)
  -------------------------------------------------------------------    -------------------

Slack:                    inf
  Source:                 VGA_B_reg[2]/C
                            (rising edge-triggered cell FDRE clocked by clk_out1_clk_wiz_0  {rise@0.000ns fall@20.000ns period=40.000ns})
  Destination:            VGA_B[2]
                            (output port)
  Path Group:             (none)
  Path Type:              Max at Slow Process Corner
  Data Path Delay:        8.014ns  (logic 3.979ns (49.656%)  route 4.035ns (50.344%))
  Logic Levels:           1  (OBUF=1)
  Clock Uncertainty:      0.235ns  ((TSJ^2 + DJ^2)^1/2) / 2 + PE
    Total System Jitter     (TSJ):    0.050ns
    Discrete Jitter          (DJ):    0.200ns
    Phase Error              (PE):    0.132ns

    Location             Delay type                Incr(ns)  Path(ns)    Netlist Resource(s)
  -------------------------------------------------------------------    -------------------
                         (clock clk_out1_clk_wiz_0 rise edge)
                                                      0.000     0.000 r  
    E3                                                0.000     0.000 r  CLK100MHZ (IN)
                         net (fo=0)                   0.000     0.000    u_clk/inst/clk_in1
    E3                   IBUF (Prop_ibuf_I_O)         1.482     1.482 r  u_clk/inst/clkin1_ibufg/O
                         net (fo=1, routed)           1.233     2.715    u_clk/inst/clk_in1_clk_wiz_0
    MMCME2_ADV_X1Y2      MMCME2_ADV (Prop_mmcme2_adv_CLKIN1_CLKOUT0)
                                                     -7.070    -4.355 r  u_clk/inst/mmcm_adv_inst/CLKOUT0
                         net (fo=1, routed)           1.719    -2.636    u_clk/inst/clk_out1_clk_wiz_0
    BUFGCTRL_X0Y17       BUFG (Prop_bufg_I_O)         0.096    -2.540 r  u_clk/inst/clkout1_buf/O
                         net (fo=152, routed)         1.702    -0.838    clk25
    SLICE_X72Y79         FDRE                                         r  VGA_B_reg[2]/C
  -------------------------------------------------------------------    -------------------
    SLICE_X72Y79         FDRE (Prop_fdre_C_Q)         0.456    -0.382 r  VGA_B_reg[2]/Q
                         net (fo=1, routed)           4.035     3.653    VGA_B_OBUF[2]
    D7                   OBUF (Prop_obuf_I_O)         3.523     7.176 r  VGA_B_OBUF[2]_inst/O
                         net (fo=0)                   0.000     7.176    VGA_B[2]
    D7                                                                r  VGA_B[2] (OUT)
  -------------------------------------------------------------------    -------------------

Slack:                    inf
  Source:                 VGA_G_reg[2]/C
                            (rising edge-triggered cell FDRE clocked by clk_out1_clk_wiz_0  {rise@0.000ns fall@20.000ns period=40.000ns})
  Destination:            VGA_G[2]
                            (output port)
  Path Group:             (none)
  Path Type:              Max at Slow Process Corner
  Data Path Delay:        7.435ns  (logic 4.064ns (54.668%)  route 3.370ns (45.332%))
  Logic Levels:           1  (OBUF=1)
  Clock Uncertainty:      0.235ns  ((TSJ^2 + DJ^2)^1/2) / 2 + PE
    Total System Jitter     (TSJ):    0.050ns
    Discrete Jitter          (DJ):    0.200ns
    Phase Error              (PE):    0.132ns

    Location             Delay type                Incr(ns)  Path(ns)    Netlist Resource(s)
  -------------------------------------------------------------------    -------------------
                         (clock clk_out1_clk_wiz_0 rise edge)
                                                      0.000     0.000 r  
    E3                                                0.000     0.000 r  CLK100MHZ (IN)
                         net (fo=0)                   0.000     0.000    u_clk/inst/clk_in1
    E3                   IBUF (Prop_ibuf_I_O)         1.482     1.482 r  u_clk/inst/clkin1_ibufg/O
                         net (fo=1, routed)           1.233     2.715    u_clk/inst/clk_in1_clk_wiz_0
    MMCME2_ADV_X1Y2      MMCME2_ADV (Prop_mmcme2_adv_CLKIN1_CLKOUT0)
                                                     -7.070    -4.355 r  u_clk/inst/mmcm_adv_inst/CLKOUT0
                         net (fo=1, routed)           1.719    -2.636    u_clk/inst/clk_out1_clk_wiz_0
    BUFGCTRL_X0Y17       BUFG (Prop_bufg_I_O)         0.096    -2.540 r  u_clk/inst/clkout1_buf/O
                         net (fo=152, routed)         1.606    -0.934    clk25
    SLICE_X66Y118        FDRE                                         r  VGA_G_reg[2]/C
  -------------------------------------------------------------------    -------------------
    SLICE_X66Y118        FDRE (Prop_fdre_C_Q)         0.518    -0.416 r  VGA_G_reg[2]/Q
                         net (fo=1, routed)           3.370     2.954    VGA_G_OBUF[2]
    B6                   OBUF (Prop_obuf_I_O)         3.546     6.500 r  VGA_G_OBUF[2]_inst/O
                         net (fo=0)                   0.000     6.500    VGA_G[2]
    B6                                                                r  VGA_G[2] (OUT)
  -------------------------------------------------------------------    -------------------

Slack:                    inf
  Source:                 VGA_G_reg[0]/C
                            (rising edge-triggered cell FDRE clocked by clk_out1_clk_wiz_0  {rise@0.000ns fall@20.000ns period=40.000ns})
  Destination:            VGA_G[0]
                            (output port)
  Path Group:             (none)
  Path Type:              Max at Slow Process Corner
  Data Path Delay:        7.400ns  (logic 3.994ns (53.973%)  route 3.406ns (46.027%))
  Logic Levels:           1  (OBUF=1)
  Clock Uncertainty:      0.235ns  ((TSJ^2 + DJ^2)^1/2) / 2 + PE
    Total System Jitter     (TSJ):    0.050ns
    Discrete Jitter          (DJ):    0.200ns
    Phase Error              (PE):    0.132ns

    Location             Delay type                Incr(ns)  Path(ns)    Netlist Resource(s)
  -------------------------------------------------------------------    -------------------
                         (clock clk_out1_clk_wiz_0 rise edge)
                                                      0.000     0.000 r  
    E3                                                0.000     0.000 r  CLK100MHZ (IN)
                         net (fo=0)                   0.000     0.000    u_clk/inst/clk_in1
    E3                   IBUF (Prop_ibuf_I_O)         1.482     1.482 r  u_clk/inst/clkin1_ibufg/O
                         net (fo=1, routed)           1.233     2.715    u_clk/inst/clk_in1_clk_wiz_0
    MMCME2_ADV_X1Y2      MMCME2_ADV (Prop_mmcme2_adv_CLKIN1_CLKOUT0)
                                                     -7.070    -4.355 r  u_clk/inst/mmcm_adv_inst/CLKOUT0
                         net (fo=1, routed)           1.719    -2.636    u_clk/inst/clk_out1_clk_wiz_0
    BUFGCTRL_X0Y17       BUFG (Prop_bufg_I_O)         0.096    -2.540 r  u_clk/inst/clkout1_buf/O
                         net (fo=152, routed)         1.605    -0.935    clk25
    SLICE_X65Y119        FDRE                                         r  VGA_G_reg[0]/C
  -------------------------------------------------------------------    -------------------
    SLICE_X65Y119        FDRE (Prop_fdre_C_Q)         0.456    -0.479 r  VGA_G_reg[0]/Q
                         net (fo=1, routed)           3.406     2.927    VGA_G_OBUF[0]
    C6                   OBUF (Prop_obuf_I_O)         3.538     6.465 r  VGA_G_OBUF[0]_inst/O
                         net (fo=0)                   0.000     6.465    VGA_G[0]
    C6                                                                r  VGA_G[0] (OUT)
  -------------------------------------------------------------------    -------------------

Slack:                    inf
  Source:                 VGA_G_reg[1]/C
                            (rising edge-triggered cell FDRE clocked by clk_out1_clk_wiz_0  {rise@0.000ns fall@20.000ns period=40.000ns})
  Destination:            VGA_G[1]
                            (output port)
  Path Group:             (none)
  Path Type:              Max at Slow Process Corner
  Data Path Delay:        7.278ns  (logic 4.063ns (55.822%)  route 3.215ns (44.178%))
  Logic Levels:           1  (OBUF=1)
  Clock Uncertainty:      0.235ns  ((TSJ^2 + DJ^2)^1/2) / 2 + PE
    Total System Jitter     (TSJ):    0.050ns
    Discrete Jitter          (DJ):    0.200ns
    Phase Error              (PE):    0.132ns

    Location             Delay type                Incr(ns)  Path(ns)    Netlist Resource(s)
  -------------------------------------------------------------------    -------------------
                         (clock clk_out1_clk_wiz_0 rise edge)
                                                      0.000     0.000 r  
    E3                                                0.000     0.000 r  CLK100MHZ (IN)
                         net (fo=0)                   0.000     0.000    u_clk/inst/clk_in1
    E3                   IBUF (Prop_ibuf_I_O)         1.482     1.482 r  u_clk/inst/clkin1_ibufg/O
                         net (fo=1, routed)           1.233     2.715    u_clk/inst/clk_in1_clk_wiz_0
    MMCME2_ADV_X1Y2      MMCME2_ADV (Prop_mmcme2_adv_CLKIN1_CLKOUT0)
                                                     -7.070    -4.355 r  u_clk/inst/mmcm_adv_inst/CLKOUT0
                         net (fo=1, routed)           1.719    -2.636    u_clk/inst/clk_out1_clk_wiz_0
    BUFGCTRL_X0Y17       BUFG (Prop_bufg_I_O)         0.096    -2.540 r  u_clk/inst/clkout1_buf/O
                         net (fo=152, routed)         1.605    -0.935    clk25
    SLICE_X66Y119        FDRE                                         r  VGA_G_reg[1]/C
  -------------------------------------------------------------------    -------------------
    SLICE_X66Y119        FDRE (Prop_fdre_C_Q)         0.518    -0.417 r  VGA_G_reg[1]/Q
                         net (fo=1, routed)           3.215     2.798    VGA_G_OBUF[1]
    A5                   OBUF (Prop_obuf_I_O)         3.545     6.343 r  VGA_G_OBUF[1]_inst/O
                         net (fo=0)                   0.000     6.343    VGA_G[1]
    A5                                                                r  VGA_G[1] (OUT)
  -------------------------------------------------------------------    -------------------

Slack:                    inf
  Source:                 VGA_R_reg[2]/C
                            (rising edge-triggered cell FDRE clocked by clk_out1_clk_wiz_0  {rise@0.000ns fall@20.000ns period=40.000ns})
  Destination:            VGA_R[2]
                            (output port)
  Path Group:             (none)
  Path Type:              Max at Slow Process Corner
  Data Path Delay:        7.276ns  (logic 3.991ns (54.850%)  route 3.285ns (45.150%))
  Logic Levels:           1  (OBUF=1)
  Clock Uncertainty:      0.235ns  ((TSJ^2 + DJ^2)^1/2) / 2 + PE
    Total System Jitter     (TSJ):    0.050ns
    Discrete Jitter          (DJ):    0.200ns
    Phase Error              (PE):    0.132ns

    Location             Delay type                Incr(ns)  Path(ns)    Netlist Resource(s)
  -------------------------------------------------------------------    -------------------
                         (clock clk_out1_clk_wiz_0 rise edge)
                                                      0.000     0.000 r  
    E3                                                0.000     0.000 r  CLK100MHZ (IN)
                         net (fo=0)                   0.000     0.000    u_clk/inst/clk_in1
    E3                   IBUF (Prop_ibuf_I_O)         1.482     1.482 r  u_clk/inst/clkin1_ibufg/O
                         net (fo=1, routed)           1.233     2.715    u_clk/inst/clk_in1_clk_wiz_0
    MMCME2_ADV_X1Y2      MMCME2_ADV (Prop_mmcme2_adv_CLKIN1_CLKOUT0)
                                                     -7.070    -4.355 r  u_clk/inst/mmcm_adv_inst/CLKOUT0
                         net (fo=1, routed)           1.719    -2.636    u_clk/inst/clk_out1_clk_wiz_0
    BUFGCTRL_X0Y17       BUFG (Prop_bufg_I_O)         0.096    -2.540 r  u_clk/inst/clkout1_buf/O
                         net (fo=152, routed)         1.605    -0.935    clk25
    SLICE_X64Y119        FDRE                                         r  VGA_R_reg[2]/C
  -------------------------------------------------------------------    -------------------
    SLICE_X64Y119        FDRE (Prop_fdre_C_Q)         0.456    -0.479 r  VGA_R_reg[2]/Q
                         net (fo=1, routed)           3.285     2.806    VGA_R_OBUF[2]
    C5                   OBUF (Prop_obuf_I_O)         3.535     6.341 r  VGA_R_OBUF[2]_inst/O
                         net (fo=0)                   0.000     6.341    VGA_R[2]
    C5                                                                r  VGA_R[2] (OUT)
  -------------------------------------------------------------------    -------------------

Slack:                    inf
  Source:                 VGA_B_reg[3]/C
                            (rising edge-triggered cell FDRE clocked by clk_out1_clk_wiz_0  {rise@0.000ns fall@20.000ns period=40.000ns})
  Destination:            VGA_B[3]
                            (output port)
  Path Group:             (none)
  Path Type:              Max at Slow Process Corner
  Data Path Delay:        7.241ns  (logic 4.008ns (55.342%)  route 3.234ns (44.658%))
  Logic Levels:           1  (OBUF=1)
  Clock Uncertainty:      0.235ns  ((TSJ^2 + DJ^2)^1/2) / 2 + PE
    Total System Jitter     (TSJ):    0.050ns
    Discrete Jitter          (DJ):    0.200ns
    Phase Error              (PE):    0.132ns

    Location             Delay type                Incr(ns)  Path(ns)    Netlist Resource(s)
  -------------------------------------------------------------------    -------------------
                         (clock clk_out1_clk_wiz_0 rise edge)
                                                      0.000     0.000 r  
    E3                                                0.000     0.000 r  CLK100MHZ (IN)
                         net (fo=0)                   0.000     0.000    u_clk/inst/clk_in1
    E3                   IBUF (Prop_ibuf_I_O)         1.482     1.482 r  u_clk/inst/clkin1_ibufg/O
                         net (fo=1, routed)           1.233     2.715    u_clk/inst/clk_in1_clk_wiz_0
    MMCME2_ADV_X1Y2      MMCME2_ADV (Prop_mmcme2_adv_CLKIN1_CLKOUT0)
                                                     -7.070    -4.355 r  u_clk/inst/mmcm_adv_inst/CLKOUT0
                         net (fo=1, routed)           1.719    -2.636    u_clk/inst/clk_out1_clk_wiz_0
    BUFGCTRL_X0Y17       BUFG (Prop_bufg_I_O)         0.096    -2.540 r  u_clk/inst/clkout1_buf/O
                         net (fo=152, routed)         1.605    -0.935    clk25
    SLICE_X64Y119        FDRE                                         r  VGA_B_reg[3]/C
  -------------------------------------------------------------------    -------------------
    SLICE_X64Y119        FDRE (Prop_fdre_C_Q)         0.456    -0.479 r  VGA_B_reg[3]/Q
                         net (fo=1, routed)           3.234     2.755    VGA_B_OBUF[3]
    D8                   OBUF (Prop_obuf_I_O)         3.552     6.306 r  VGA_B_OBUF[3]_inst/O
                         net (fo=0)                   0.000     6.306    VGA_B[3]
    D8                                                                r  VGA_B[3] (OUT)
  -------------------------------------------------------------------    -------------------





Min Delay Paths
--------------------------------------------------------------------------------------
Slack:                    inf
  Source:                 VGA_R_reg[0]/C
                            (rising edge-triggered cell FDRE clocked by clk_out1_clk_wiz_0  {rise@0.000ns fall@20.000ns period=40.000ns})
  Destination:            VGA_R[0]
                            (output port)
  Path Group:             (none)
  Path Type:              Min at Fast Process Corner
  Data Path Delay:        2.380ns  (logic 1.395ns (58.626%)  route 0.985ns (41.374%))
  Logic Levels:           1  (OBUF=1)
  Clock Uncertainty:      0.235ns  ((TSJ^2 + DJ^2)^1/2) / 2 + PE
    Total System Jitter     (TSJ):    0.050ns
    Discrete Jitter          (DJ):    0.200ns
    Phase Error              (PE):    0.132ns

    Location             Delay type                Incr(ns)  Path(ns)    Netlist Resource(s)
  -------------------------------------------------------------------    -------------------
                         (clock clk_out1_clk_wiz_0 rise edge)
                                                      0.000     0.000 r  
    E3                                                0.000     0.000 r  CLK100MHZ (IN)
                         net (fo=0)                   0.000     0.000    u_clk/inst/clk_in1
    E3                   IBUF (Prop_ibuf_I_O)         0.250     0.250 r  u_clk/inst/clkin1_ibufg/O
                         net (fo=1, routed)           0.440     0.690    u_clk/inst/clk_in1_clk_wiz_0
    MMCME2_ADV_X1Y2      MMCME2_ADV (Prop_mmcme2_adv_CLKIN1_CLKOUT0)
                                                     -2.379    -1.689 r  u_clk/inst/mmcm_adv_inst/CLKOUT0
                         net (fo=1, routed)           0.499    -1.190    u_clk/inst/clk_out1_clk_wiz_0
    BUFGCTRL_X0Y17       BUFG (Prop_bufg_I_O)         0.026    -1.164 r  u_clk/inst/clkout1_buf/O
                         net (fo=152, routed)         0.553    -0.611    clk25
    SLICE_X65Y120        FDRE                                         r  VGA_R_reg[0]/C
  -------------------------------------------------------------------    -------------------
    SLICE_X65Y120        FDRE (Prop_fdre_C_Q)         0.141    -0.470 r  VGA_R_reg[0]/Q
                         net (fo=1, routed)           0.985     0.515    VGA_R_OBUF[0]
    A3                   OBUF (Prop_obuf_I_O)         1.254     1.769 r  VGA_R_OBUF[0]_inst/O
                         net (fo=0)                   0.000     1.769    VGA_R[0]
    A3                                                                r  VGA_R[0] (OUT)
  -------------------------------------------------------------------    -------------------

Slack:                    inf
  Source:                 VGA_R_reg[3]/C
                            (rising edge-triggered cell FDRE clocked by clk_out1_clk_wiz_0  {rise@0.000ns fall@20.000ns period=40.000ns})
  Destination:            VGA_R[3]
                            (output port)
  Path Group:             (none)
  Path Type:              Min at Fast Process Corner
  Data Path Delay:        2.410ns  (logic 1.416ns (58.771%)  route 0.993ns (41.229%))
  Logic Levels:           1  (OBUF=1)
  Clock Uncertainty:      0.235ns  ((TSJ^2 + DJ^2)^1/2) / 2 + PE
    Total System Jitter     (TSJ):    0.050ns
    Discrete Jitter          (DJ):    0.200ns
    Phase Error              (PE):    0.132ns

    Location             Delay type                Incr(ns)  Path(ns)    Netlist Resource(s)
  -------------------------------------------------------------------    -------------------
                         (clock clk_out1_clk_wiz_0 rise edge)
                                                      0.000     0.000 r  
    E3                                                0.000     0.000 r  CLK100MHZ (IN)
                         net (fo=0)                   0.000     0.000    u_clk/inst/clk_in1
    E3                   IBUF (Prop_ibuf_I_O)         0.250     0.250 r  u_clk/inst/clkin1_ibufg/O
                         net (fo=1, routed)           0.440     0.690    u_clk/inst/clk_in1_clk_wiz_0
    MMCME2_ADV_X1Y2      MMCME2_ADV (Prop_mmcme2_adv_CLKIN1_CLKOUT0)
                                                     -2.379    -1.689 r  u_clk/inst/mmcm_adv_inst/CLKOUT0
                         net (fo=1, routed)           0.499    -1.190    u_clk/inst/clk_out1_clk_wiz_0
    BUFGCTRL_X0Y17       BUFG (Prop_bufg_I_O)         0.026    -1.164 r  u_clk/inst/clkout1_buf/O
                         net (fo=152, routed)         0.553    -0.611    clk25
    SLICE_X66Y120        FDRE                                         r  VGA_R_reg[3]/C
  -------------------------------------------------------------------    -------------------
    SLICE_X66Y120        FDRE (Prop_fdre_C_Q)         0.164    -0.447 r  VGA_R_reg[3]/Q
                         net (fo=1, routed)           0.993     0.546    VGA_R_OBUF[3]
    A4                   OBUF (Prop_obuf_I_O)         1.252     1.799 r  VGA_R_OBUF[3]_inst/O
                         net (fo=0)                   0.000     1.799    VGA_R[3]
    A4                                                                r  VGA_R[3] (OUT)
  -------------------------------------------------------------------    -------------------

Slack:                    inf
  Source:                 VGA_R_reg[1]/C
                            (rising edge-triggered cell FDRE clocked by clk_out1_clk_wiz_0  {rise@0.000ns fall@20.000ns period=40.000ns})
  Destination:            VGA_R[1]
                            (output port)
  Path Group:             (none)
  Path Type:              Min at Fast Process Corner
  Data Path Delay:        2.408ns  (logic 1.390ns (57.714%)  route 1.018ns (42.286%))
  Logic Levels:           1  (OBUF=1)
  Clock Uncertainty:      0.235ns  ((TSJ^2 + DJ^2)^1/2) / 2 + PE
    Total System Jitter     (TSJ):    0.050ns
    Discrete Jitter          (DJ):    0.200ns
    Phase Error              (PE):    0.132ns

    Location             Delay type                Incr(ns)  Path(ns)    Netlist Resource(s)
  -------------------------------------------------------------------    -------------------
                         (clock clk_out1_clk_wiz_0 rise edge)
                                                      0.000     0.000 r  
    E3                                                0.000     0.000 r  CLK100MHZ (IN)
                         net (fo=0)                   0.000     0.000    u_clk/inst/clk_in1
    E3                   IBUF (Prop_ibuf_I_O)         0.250     0.250 r  u_clk/inst/clkin1_ibufg/O
                         net (fo=1, routed)           0.440     0.690    u_clk/inst/clk_in1_clk_wiz_0
    MMCME2_ADV_X1Y2      MMCME2_ADV (Prop_mmcme2_adv_CLKIN1_CLKOUT0)
                                                     -2.379    -1.689 r  u_clk/inst/mmcm_adv_inst/CLKOUT0
                         net (fo=1, routed)           0.499    -1.190    u_clk/inst/clk_out1_clk_wiz_0
    BUFGCTRL_X0Y17       BUFG (Prop_bufg_I_O)         0.026    -1.164 r  u_clk/inst/clkout1_buf/O
                         net (fo=152, routed)         0.555    -0.609    clk25
    SLICE_X67Y118        FDRE                                         r  VGA_R_reg[1]/C
  -------------------------------------------------------------------    -------------------
    SLICE_X67Y118        FDRE (Prop_fdre_C_Q)         0.141    -0.468 r  VGA_R_reg[1]/Q
                         net (fo=1, routed)           1.018     0.550    VGA_R_OBUF[1]
    B4                   OBUF (Prop_obuf_I_O)         1.249     1.799 r  VGA_R_OBUF[1]_inst/O
                         net (fo=0)                   0.000     1.799    VGA_R[1]
    B4                                                                r  VGA_R[1] (OUT)
  -------------------------------------------------------------------    -------------------

Slack:                    inf
  Source:                 VGA_G_reg[3]/C
                            (rising edge-triggered cell FDRE clocked by clk_out1_clk_wiz_0  {rise@0.000ns fall@20.000ns period=40.000ns})
  Destination:            VGA_G[3]
                            (output port)
  Path Group:             (none)
  Path Type:              Min at Fast Process Corner
  Data Path Delay:        2.446ns  (logic 1.388ns (56.763%)  route 1.057ns (43.237%))
  Logic Levels:           1  (OBUF=1)
  Clock Uncertainty:      0.235ns  ((TSJ^2 + DJ^2)^1/2) / 2 + PE
    Total System Jitter     (TSJ):    0.050ns
    Discrete Jitter          (DJ):    0.200ns
    Phase Error              (PE):    0.132ns

    Location             Delay type                Incr(ns)  Path(ns)    Netlist Resource(s)
  -------------------------------------------------------------------    -------------------
                         (clock clk_out1_clk_wiz_0 rise edge)
                                                      0.000     0.000 r  
    E3                                                0.000     0.000 r  CLK100MHZ (IN)
                         net (fo=0)                   0.000     0.000    u_clk/inst/clk_in1
    E3                   IBUF (Prop_ibuf_I_O)         0.250     0.250 r  u_clk/inst/clkin1_ibufg/O
                         net (fo=1, routed)           0.440     0.690    u_clk/inst/clk_in1_clk_wiz_0
    MMCME2_ADV_X1Y2      MMCME2_ADV (Prop_mmcme2_adv_CLKIN1_CLKOUT0)
                                                     -2.379    -1.689 r  u_clk/inst/mmcm_adv_inst/CLKOUT0
                         net (fo=1, routed)           0.499    -1.190    u_clk/inst/clk_out1_clk_wiz_0
    BUFGCTRL_X0Y17       BUFG (Prop_bufg_I_O)         0.026    -1.164 r  u_clk/inst/clkout1_buf/O
                         net (fo=152, routed)         0.553    -0.611    clk25
    SLICE_X65Y120        FDRE                                         r  VGA_G_reg[3]/C
  -------------------------------------------------------------------    -------------------
    SLICE_X65Y120        FDRE (Prop_fdre_C_Q)         0.141    -0.470 r  VGA_G_reg[3]/Q
                         net (fo=1, routed)           1.057     0.587    VGA_G_OBUF[3]
    A6                   OBUF (Prop_obuf_I_O)         1.247     1.834 r  VGA_G_OBUF[3]_inst/O
                         net (fo=0)                   0.000     1.834    VGA_G[3]
    A6                                                                r  VGA_G[3] (OUT)
  -------------------------------------------------------------------    -------------------

Slack:                    inf
  Source:                 VGA_B_reg[3]/C
                            (rising edge-triggered cell FDRE clocked by clk_out1_clk_wiz_0  {rise@0.000ns fall@20.000ns period=40.000ns})
  Destination:            VGA_B[3]
                            (output port)
  Path Group:             (none)
  Path Type:              Min at Fast Process Corner
  Data Path Delay:        2.493ns  (logic 1.393ns (55.884%)  route 1.100ns (44.116%))
  Logic Levels:           1  (OBUF=1)
  Clock Uncertainty:      0.235ns  ((TSJ^2 + DJ^2)^1/2) / 2 + PE
    Total System Jitter     (TSJ):    0.050ns
    Discrete Jitter          (DJ):    0.200ns
    Phase Error              (PE):    0.132ns

    Location             Delay type                Incr(ns)  Path(ns)    Netlist Resource(s)
  -------------------------------------------------------------------    -------------------
                         (clock clk_out1_clk_wiz_0 rise edge)
                                                      0.000     0.000 r  
    E3                                                0.000     0.000 r  CLK100MHZ (IN)
                         net (fo=0)                   0.000     0.000    u_clk/inst/clk_in1
    E3                   IBUF (Prop_ibuf_I_O)         0.250     0.250 r  u_clk/inst/clkin1_ibufg/O
                         net (fo=1, routed)           0.440     0.690    u_clk/inst/clk_in1_clk_wiz_0
    MMCME2_ADV_X1Y2      MMCME2_ADV (Prop_mmcme2_adv_CLKIN1_CLKOUT0)
                                                     -2.379    -1.689 r  u_clk/inst/mmcm_adv_inst/CLKOUT0
                         net (fo=1, routed)           0.499    -1.190    u_clk/inst/clk_out1_clk_wiz_0
    BUFGCTRL_X0Y17       BUFG (Prop_bufg_I_O)         0.026    -1.164 r  u_clk/inst/clkout1_buf/O
                         net (fo=152, routed)         0.554    -0.610    clk25
    SLICE_X64Y119        FDRE                                         r  VGA_B_reg[3]/C
  -------------------------------------------------------------------    -------------------
    SLICE_X64Y119        FDRE (Prop_fdre_C_Q)         0.141    -0.469 r  VGA_B_reg[3]/Q
                         net (fo=1, routed)           1.100     0.631    VGA_B_OBUF[3]
    D8                   OBUF (Prop_obuf_I_O)         1.252     1.883 r  VGA_B_OBUF[3]_inst/O
                         net (fo=0)                   0.000     1.883    VGA_B[3]
    D8                                                                r  VGA_B[3] (OUT)
  -------------------------------------------------------------------    -------------------

Slack:                    inf
  Source:                 VGA_G_reg[1]/C
                            (rising edge-triggered cell FDRE clocked by clk_out1_clk_wiz_0  {rise@0.000ns fall@20.000ns period=40.000ns})
  Destination:            VGA_G[1]
                            (output port)
  Path Group:             (none)
  Path Type:              Min at Fast Process Corner
  Data Path Delay:        2.519ns  (logic 1.409ns (55.959%)  route 1.109ns (44.041%))
  Logic Levels:           1  (OBUF=1)
  Clock Uncertainty:      0.235ns  ((TSJ^2 + DJ^2)^1/2) / 2 + PE
    Total System Jitter     (TSJ):    0.050ns
    Discrete Jitter          (DJ):    0.200ns
    Phase Error              (PE):    0.132ns

    Location             Delay type                Incr(ns)  Path(ns)    Netlist Resource(s)
  -------------------------------------------------------------------    -------------------
                         (clock clk_out1_clk_wiz_0 rise edge)
                                                      0.000     0.000 r  
    E3                                                0.000     0.000 r  CLK100MHZ (IN)
                         net (fo=0)                   0.000     0.000    u_clk/inst/clk_in1
    E3                   IBUF (Prop_ibuf_I_O)         0.250     0.250 r  u_clk/inst/clkin1_ibufg/O
                         net (fo=1, routed)           0.440     0.690    u_clk/inst/clk_in1_clk_wiz_0
    MMCME2_ADV_X1Y2      MMCME2_ADV (Prop_mmcme2_adv_CLKIN1_CLKOUT0)
                                                     -2.379    -1.689 r  u_clk/inst/mmcm_adv_inst/CLKOUT0
                         net (fo=1, routed)           0.499    -1.190    u_clk/inst/clk_out1_clk_wiz_0
    BUFGCTRL_X0Y17       BUFG (Prop_bufg_I_O)         0.026    -1.164 r  u_clk/inst/clkout1_buf/O
                         net (fo=152, routed)         0.554    -0.610    clk25
    SLICE_X66Y119        FDRE                                         r  VGA_G_reg[1]/C
  -------------------------------------------------------------------    -------------------
    SLICE_X66Y119        FDRE (Prop_fdre_C_Q)         0.164    -0.446 r  VGA_G_reg[1]/Q
                         net (fo=1, routed)           1.109     0.663    VGA_G_OBUF[1]
    A5                   OBUF (Prop_obuf_I_O)         1.245     1.908 r  VGA_G_OBUF[1]_inst/O
                         net (fo=0)                   0.000     1.908    VGA_G[1]
    A5                                                                r  VGA_G[1] (OUT)
  -------------------------------------------------------------------    -------------------

Slack:                    inf
  Source:                 VGA_R_reg[2]/C
                            (rising edge-triggered cell FDRE clocked by clk_out1_clk_wiz_0  {rise@0.000ns fall@20.000ns period=40.000ns})
  Destination:            VGA_R[2]
                            (output port)
  Path Group:             (none)
  Path Type:              Min at Fast Process Corner
  Data Path Delay:        2.530ns  (logic 1.377ns (54.421%)  route 1.153ns (45.579%))
  Logic Levels:           1  (OBUF=1)
  Clock Uncertainty:      0.235ns  ((TSJ^2 + DJ^2)^1/2) / 2 + PE
    Total System Jitter     (TSJ):    0.050ns
    Discrete Jitter          (DJ):    0.200ns
    Phase Error              (PE):    0.132ns

    Location             Delay type                Incr(ns)  Path(ns)    Netlist Resource(s)
  -------------------------------------------------------------------    -------------------
                         (clock clk_out1_clk_wiz_0 rise edge)
                                                      0.000     0.000 r  
    E3                                                0.000     0.000 r  CLK100MHZ (IN)
                         net (fo=0)                   0.000     0.000    u_clk/inst/clk_in1
    E3                   IBUF (Prop_ibuf_I_O)         0.250     0.250 r  u_clk/inst/clkin1_ibufg/O
                         net (fo=1, routed)           0.440     0.690    u_clk/inst/clk_in1_clk_wiz_0
    MMCME2_ADV_X1Y2      MMCME2_ADV (Prop_mmcme2_adv_CLKIN1_CLKOUT0)
                                                     -2.379    -1.689 r  u_clk/inst/mmcm_adv_inst/CLKOUT0
                         net (fo=1, routed)           0.499    -1.190    u_clk/inst/clk_out1_clk_wiz_0
    BUFGCTRL_X0Y17       BUFG (Prop_bufg_I_O)         0.026    -1.164 r  u_clk/inst/clkout1_buf/O
                         net (fo=152, routed)         0.554    -0.610    clk25
    SLICE_X64Y119        FDRE                                         r  VGA_R_reg[2]/C
  -------------------------------------------------------------------    -------------------
    SLICE_X64Y119        FDRE (Prop_fdre_C_Q)         0.141    -0.469 r  VGA_R_reg[2]/Q
                         net (fo=1, routed)           1.153     0.684    VGA_R_OBUF[2]
    C5                   OBUF (Prop_obuf_I_O)         1.236     1.920 r  VGA_R_OBUF[2]_inst/O
                         net (fo=0)                   0.000     1.920    VGA_R[2]
    C5                                                                r  VGA_R[2] (OUT)
  -------------------------------------------------------------------    -------------------

Slack:                    inf
  Source:                 VGA_G_reg[0]/C
                            (rising edge-triggered cell FDRE clocked by clk_out1_clk_wiz_0  {rise@0.000ns fall@20.000ns period=40.000ns})
  Destination:            VGA_G[0]
                            (output port)
  Path Group:             (none)
  Path Type:              Min at Fast Process Corner
  Data Path Delay:        2.554ns  (logic 1.380ns (54.029%)  route 1.174ns (45.971%))
  Logic Levels:           1  (OBUF=1)
  Clock Uncertainty:      0.235ns  ((TSJ^2 + DJ^2)^1/2) / 2 + PE
    Total System Jitter     (TSJ):    0.050ns
    Discrete Jitter          (DJ):    0.200ns
    Phase Error              (PE):    0.132ns

    Location             Delay type                Incr(ns)  Path(ns)    Netlist Resource(s)
  -------------------------------------------------------------------    -------------------
                         (clock clk_out1_clk_wiz_0 rise edge)
                                                      0.000     0.000 r  
    E3                                                0.000     0.000 r  CLK100MHZ (IN)
                         net (fo=0)                   0.000     0.000    u_clk/inst/clk_in1
    E3                   IBUF (Prop_ibuf_I_O)         0.250     0.250 r  u_clk/inst/clkin1_ibufg/O
                         net (fo=1, routed)           0.440     0.690    u_clk/inst/clk_in1_clk_wiz_0
    MMCME2_ADV_X1Y2      MMCME2_ADV (Prop_mmcme2_adv_CLKIN1_CLKOUT0)
                                                     -2.379    -1.689 r  u_clk/inst/mmcm_adv_inst/CLKOUT0
                         net (fo=1, routed)           0.499    -1.190    u_clk/inst/clk_out1_clk_wiz_0
    BUFGCTRL_X0Y17       BUFG (Prop_bufg_I_O)         0.026    -1.164 r  u_clk/inst/clkout1_buf/O
                         net (fo=152, routed)         0.554    -0.610    clk25
    SLICE_X65Y119        FDRE                                         r  VGA_G_reg[0]/C
  -------------------------------------------------------------------    -------------------
    SLICE_X65Y119        FDRE (Prop_fdre_C_Q)         0.141    -0.469 r  VGA_G_reg[0]/Q
                         net (fo=1, routed)           1.174     0.705    VGA_G_OBUF[0]
    C6                   OBUF (Prop_obuf_I_O)         1.239     1.944 r  VGA_G_OBUF[0]_inst/O
                         net (fo=0)                   0.000     1.944    VGA_G[0]
    C6                                                                r  VGA_G[0] (OUT)
  -------------------------------------------------------------------    -------------------

Slack:                    inf
  Source:                 VGA_G_reg[2]/C
                            (rising edge-triggered cell FDRE clocked by clk_out1_clk_wiz_0  {rise@0.000ns fall@20.000ns period=40.000ns})
  Destination:            VGA_G[2]
                            (output port)
  Path Group:             (none)
  Path Type:              Min at Fast Process Corner
  Data Path Delay:        2.577ns  (logic 1.411ns (54.749%)  route 1.166ns (45.251%))
  Logic Levels:           1  (OBUF=1)
  Clock Uncertainty:      0.235ns  ((TSJ^2 + DJ^2)^1/2) / 2 + PE
    Total System Jitter     (TSJ):    0.050ns
    Discrete Jitter          (DJ):    0.200ns
    Phase Error              (PE):    0.132ns

    Location             Delay type                Incr(ns)  Path(ns)    Netlist Resource(s)
  -------------------------------------------------------------------    -------------------
                         (clock clk_out1_clk_wiz_0 rise edge)
                                                      0.000     0.000 r  
    E3                                                0.000     0.000 r  CLK100MHZ (IN)
                         net (fo=0)                   0.000     0.000    u_clk/inst/clk_in1
    E3                   IBUF (Prop_ibuf_I_O)         0.250     0.250 r  u_clk/inst/clkin1_ibufg/O
                         net (fo=1, routed)           0.440     0.690    u_clk/inst/clk_in1_clk_wiz_0
    MMCME2_ADV_X1Y2      MMCME2_ADV (Prop_mmcme2_adv_CLKIN1_CLKOUT0)
                                                     -2.379    -1.689 r  u_clk/inst/mmcm_adv_inst/CLKOUT0
                         net (fo=1, routed)           0.499    -1.190    u_clk/inst/clk_out1_clk_wiz_0
    BUFGCTRL_X0Y17       BUFG (Prop_bufg_I_O)         0.026    -1.164 r  u_clk/inst/clkout1_buf/O
                         net (fo=152, routed)         0.555    -0.609    clk25
    SLICE_X66Y118        FDRE                                         r  VGA_G_reg[2]/C
  -------------------------------------------------------------------    -------------------
    SLICE_X66Y118        FDRE (Prop_fdre_C_Q)         0.164    -0.445 r  VGA_G_reg[2]/Q
                         net (fo=1, routed)           1.166     0.721    VGA_G_OBUF[2]
    B6                   OBUF (Prop_obuf_I_O)         1.247     1.968 r  VGA_G_OBUF[2]_inst/O
                         net (fo=0)                   0.000     1.968    VGA_G[2]
    B6                                                                r  VGA_G[2] (OUT)
  -------------------------------------------------------------------    -------------------

Slack:                    inf
  Source:                 VGA_B_reg[2]/C
                            (rising edge-triggered cell FDRE clocked by clk_out1_clk_wiz_0  {rise@0.000ns fall@20.000ns period=40.000ns})
  Destination:            VGA_B[2]
                            (output port)
  Path Group:             (none)
  Path Type:              Min at Fast Process Corner
  Data Path Delay:        2.784ns  (logic 1.365ns (49.045%)  route 1.419ns (50.955%))
  Logic Levels:           1  (OBUF=1)
  Clock Uncertainty:      0.235ns  ((TSJ^2 + DJ^2)^1/2) / 2 + PE
    Total System Jitter     (TSJ):    0.050ns
    Discrete Jitter          (DJ):    0.200ns
    Phase Error              (PE):    0.132ns

    Location             Delay type                Incr(ns)  Path(ns)    Netlist Resource(s)
  -------------------------------------------------------------------    -------------------
                         (clock clk_out1_clk_wiz_0 rise edge)
                                                      0.000     0.000 r  
    E3                                                0.000     0.000 r  CLK100MHZ (IN)
                         net (fo=0)                   0.000     0.000    u_clk/inst/clk_in1
    E3                   IBUF (Prop_ibuf_I_O)         0.250     0.250 r  u_clk/inst/clkin1_ibufg/O
                         net (fo=1, routed)           0.440     0.690    u_clk/inst/clk_in1_clk_wiz_0
    MMCME2_ADV_X1Y2      MMCME2_ADV (Prop_mmcme2_adv_CLKIN1_CLKOUT0)
                                                     -2.379    -1.689 r  u_clk/inst/mmcm_adv_inst/CLKOUT0
                         net (fo=1, routed)           0.499    -1.190    u_clk/inst/clk_out1_clk_wiz_0
    BUFGCTRL_X0Y17       BUFG (Prop_bufg_I_O)         0.026    -1.164 r  u_clk/inst/clkout1_buf/O
                         net (fo=152, routed)         0.586    -0.578    clk25
    SLICE_X72Y79         FDRE                                         r  VGA_B_reg[2]/C
  -------------------------------------------------------------------    -------------------
    SLICE_X72Y79         FDRE (Prop_fdre_C_Q)         0.141    -0.437 r  VGA_B_reg[2]/Q
                         net (fo=1, routed)           1.419     0.981    VGA_B_OBUF[2]
    D7                   OBUF (Prop_obuf_I_O)         1.224     2.206 r  VGA_B_OBUF[2]_inst/O
                         net (fo=0)                   0.000     2.206    VGA_B[2]
    D7                                                                r  VGA_B[2] (OUT)
  -------------------------------------------------------------------    -------------------





--------------------------------------------------------------------------------------
Path Group:  (none)
From Clock:  clk_out1_clk_wiz_0_1
  To Clock:  

Max Delay            14 Endpoints
Min Delay            14 Endpoints
--------------------------------------------------------------------------------------


Max Delay Paths
--------------------------------------------------------------------------------------
Slack:                    inf
  Source:                 u_vga/v_cnt_reg[0]/C
                            (rising edge-triggered cell FDCE clocked by clk_out1_clk_wiz_0_1  {rise@0.000ns fall@20.000ns period=40.000ns})
  Destination:            VGA_VS
                            (output port)
  Path Group:             (none)
  Path Type:              Max at Slow Process Corner
  Data Path Delay:        10.583ns  (logic 5.414ns (51.162%)  route 5.168ns (48.838%))
  Logic Levels:           5  (CARRY4=2 LUT2=2 OBUF=1)
  Clock Uncertainty:      0.233ns  ((TSJ^2 + DJ^2)^1/2) / 2 + PE
    Total System Jitter     (TSJ):    0.050ns
    Discrete Jitter          (DJ):    0.195ns
    Phase Error              (PE):    0.132ns

    Location             Delay type                Incr(ns)  Path(ns)    Netlist Resource(s)
  -------------------------------------------------------------------    -------------------
                         (clock clk_out1_clk_wiz_0_1 rise edge)
                                                      0.000     0.000 r  
    E3                                                0.000     0.000 r  CLK100MHZ (IN)
                         net (fo=0)                   0.000     0.000    u_clk/inst/clk_in1
    E3                   IBUF (Prop_ibuf_I_O)         1.482     1.482 r  u_clk/inst/clkin1_ibufg/O
                         net (fo=1, routed)           1.233     2.715    u_clk/inst/clk_in1_clk_wiz_0
    MMCME2_ADV_X1Y2      MMCME2_ADV (Prop_mmcme2_adv_CLKIN1_CLKOUT0)
                                                     -7.070    -4.355 r  u_clk/inst/mmcm_adv_inst/CLKOUT0
                         net (fo=1, routed)           1.719    -2.636    u_clk/inst/clk_out1_clk_wiz_0
    BUFGCTRL_X0Y17       BUFG (Prop_bufg_I_O)         0.096    -2.540 r  u_clk/inst/clkout1_buf/O
                         net (fo=152, routed)         1.630    -0.910    u_vga/clk25
    SLICE_X11Y108        FDCE                                         r  u_vga/v_cnt_reg[0]/C
  -------------------------------------------------------------------    -------------------
    SLICE_X11Y108        FDCE (Prop_fdce_C_Q)         0.419    -0.491 r  u_vga/v_cnt_reg[0]/Q
                         net (fo=13, routed)          1.153     0.662    u_vga/y[0]
    SLICE_X10Y109        LUT2 (Prop_lut2_I1_O)        0.296     0.958 r  u_vga/vsync_INST_0_i_22/O
                         net (fo=1, routed)           0.000     0.958    u_vga/vsync_INST_0_i_22_n_0
    SLICE_X10Y109        CARRY4 (Prop_carry4_S[0]_CO[3])
                                                      0.513     1.471 r  u_vga/vsync_INST_0_i_5/CO[3]
                         net (fo=1, routed)           0.000     1.471    u_vga/vsync_INST_0_i_5_n_0
    SLICE_X10Y110        CARRY4 (Prop_carry4_CI_CO[0])
                                                      0.254     1.725 f  u_vga/vsync_INST_0_i_2/CO[0]
                         net (fo=1, routed)           0.833     2.558    u_vga/vsync2
    SLICE_X12Y110        LUT2 (Prop_lut2_I1_O)        0.367     2.925 r  u_vga/vsync_INST_0/O
                         net (fo=1, routed)           3.182     6.107    VGA_VS_OBUF
    B12                  OBUF (Prop_obuf_I_O)         3.565     9.673 r  VGA_VS_OBUF_inst/O
                         net (fo=0)                   0.000     9.673    VGA_VS
    B12                                                               r  VGA_VS (OUT)
  -------------------------------------------------------------------    -------------------

Slack:                    inf
  Source:                 u_vga/h_cnt_reg[7]/C
                            (rising edge-triggered cell FDCE clocked by clk_out1_clk_wiz_0_1  {rise@0.000ns fall@20.000ns period=40.000ns})
  Destination:            VGA_HS
                            (output port)
  Path Group:             (none)
  Path Type:              Max at Slow Process Corner
  Data Path Delay:        10.480ns  (logic 5.328ns (50.834%)  route 5.153ns (49.166%))
  Logic Levels:           5  (CARRY4=2 LUT2=2 OBUF=1)
  Clock Uncertainty:      0.233ns  ((TSJ^2 + DJ^2)^1/2) / 2 + PE
    Total System Jitter     (TSJ):    0.050ns
    Discrete Jitter          (DJ):    0.195ns
    Phase Error              (PE):    0.132ns

    Location             Delay type                Incr(ns)  Path(ns)    Netlist Resource(s)
  -------------------------------------------------------------------    -------------------
                         (clock clk_out1_clk_wiz_0_1 rise edge)
                                                      0.000     0.000 r  
    E3                                                0.000     0.000 r  CLK100MHZ (IN)
                         net (fo=0)                   0.000     0.000    u_clk/inst/clk_in1
    E3                   IBUF (Prop_ibuf_I_O)         1.482     1.482 r  u_clk/inst/clkin1_ibufg/O
                         net (fo=1, routed)           1.233     2.715    u_clk/inst/clk_in1_clk_wiz_0
    MMCME2_ADV_X1Y2      MMCME2_ADV (Prop_mmcme2_adv_CLKIN1_CLKOUT0)
                                                     -7.070    -4.355 r  u_clk/inst/mmcm_adv_inst/CLKOUT0
                         net (fo=1, routed)           1.719    -2.636    u_clk/inst/clk_out1_clk_wiz_0
    BUFGCTRL_X0Y17       BUFG (Prop_bufg_I_O)         0.096    -2.540 r  u_clk/inst/clkout1_buf/O
                         net (fo=152, routed)         1.705    -0.835    u_vga/clk25
    SLICE_X7Y111         FDCE                                         r  u_vga/h_cnt_reg[7]/C
  -------------------------------------------------------------------    -------------------
    SLICE_X7Y111         FDCE (Prop_fdce_C_Q)         0.419    -0.416 r  u_vga/h_cnt_reg[7]/Q
                         net (fo=31, routed)          1.362     0.946    u_vga/x[7]
    SLICE_X9Y109         LUT2 (Prop_lut2_I0_O)        0.299     1.245 r  u_vga/hsync_INST_0_i_20/O
                         net (fo=1, routed)           0.000     1.245    u_vga/hsync_INST_0_i_20_n_0
    SLICE_X9Y109         CARRY4 (Prop_carry4_S[3]_CO[3])
                                                      0.401     1.646 r  u_vga/hsync_INST_0_i_6/CO[3]
                         net (fo=1, routed)           0.000     1.646    u_vga/hsync_INST_0_i_6_n_0
    SLICE_X9Y110         CARRY4 (Prop_carry4_CI_CO[0])
                                                      0.271     1.917 f  u_vga/hsync_INST_0_i_2/CO[0]
                         net (fo=1, routed)           0.823     2.740    u_vga/hsync2
    SLICE_X8Y111         LUT2 (Prop_lut2_I1_O)        0.373     3.113 r  u_vga/hsync_INST_0/O
                         net (fo=1, routed)           2.967     6.081    VGA_HS_OBUF
    B11                  OBUF (Prop_obuf_I_O)         3.565     9.645 r  VGA_HS_OBUF_inst/O
                         net (fo=0)                   0.000     9.645    VGA_HS
    B11                                                               r  VGA_HS (OUT)
  -------------------------------------------------------------------    -------------------

Slack:                    inf
  Source:                 VGA_B_reg[1]/C
                            (rising edge-triggered cell FDRE clocked by clk_out1_clk_wiz_0_1  {rise@0.000ns fall@20.000ns period=40.000ns})
  Destination:            VGA_B[1]
                            (output port)
  Path Group:             (none)
  Path Type:              Max at Slow Process Corner
  Data Path Delay:        8.258ns  (logic 4.069ns (49.276%)  route 4.189ns (50.724%))
  Logic Levels:           1  (OBUF=1)
  Clock Uncertainty:      0.233ns  ((TSJ^2 + DJ^2)^1/2) / 2 + PE
    Total System Jitter     (TSJ):    0.050ns
    Discrete Jitter          (DJ):    0.195ns
    Phase Error              (PE):    0.132ns

    Location             Delay type                Incr(ns)  Path(ns)    Netlist Resource(s)
  -------------------------------------------------------------------    -------------------
                         (clock clk_out1_clk_wiz_0_1 rise edge)
                                                      0.000     0.000 r  
    E3                                                0.000     0.000 r  CLK100MHZ (IN)
                         net (fo=0)                   0.000     0.000    u_clk/inst/clk_in1
    E3                   IBUF (Prop_ibuf_I_O)         1.482     1.482 r  u_clk/inst/clkin1_ibufg/O
                         net (fo=1, routed)           1.233     2.715    u_clk/inst/clk_in1_clk_wiz_0
    MMCME2_ADV_X1Y2      MMCME2_ADV (Prop_mmcme2_adv_CLKIN1_CLKOUT0)
                                                     -7.070    -4.355 r  u_clk/inst/mmcm_adv_inst/CLKOUT0
                         net (fo=1, routed)           1.719    -2.636    u_clk/inst/clk_out1_clk_wiz_0
    BUFGCTRL_X0Y17       BUFG (Prop_bufg_I_O)         0.096    -2.540 r  u_clk/inst/clkout1_buf/O
                         net (fo=152, routed)         1.619    -0.921    clk25
    SLICE_X62Y79         FDRE                                         r  VGA_B_reg[1]/C
  -------------------------------------------------------------------    -------------------
    SLICE_X62Y79         FDRE (Prop_fdre_C_Q)         0.518    -0.403 r  VGA_B_reg[1]/Q
                         net (fo=1, routed)           4.189     3.786    VGA_B_OBUF[1]
    C7                   OBUF (Prop_obuf_I_O)         3.551     7.337 r  VGA_B_OBUF[1]_inst/O
                         net (fo=0)                   0.000     7.337    VGA_B[1]
    C7                                                                r  VGA_B[1] (OUT)
  -------------------------------------------------------------------    -------------------

Slack:                    inf
  Source:                 VGA_B_reg[0]/C
                            (rising edge-triggered cell FDRE clocked by clk_out1_clk_wiz_0_1  {rise@0.000ns fall@20.000ns period=40.000ns})
  Destination:            VGA_B[0]
                            (output port)
  Path Group:             (none)
  Path Type:              Max at Slow Process Corner
  Data Path Delay:        8.116ns  (logic 4.003ns (49.321%)  route 4.113ns (50.679%))
  Logic Levels:           1  (OBUF=1)
  Clock Uncertainty:      0.233ns  ((TSJ^2 + DJ^2)^1/2) / 2 + PE
    Total System Jitter     (TSJ):    0.050ns
    Discrete Jitter          (DJ):    0.195ns
    Phase Error              (PE):    0.132ns

    Location             Delay type                Incr(ns)  Path(ns)    Netlist Resource(s)
  -------------------------------------------------------------------    -------------------
                         (clock clk_out1_clk_wiz_0_1 rise edge)
                                                      0.000     0.000 r  
    E3                                                0.000     0.000 r  CLK100MHZ (IN)
                         net (fo=0)                   0.000     0.000    u_clk/inst/clk_in1
    E3                   IBUF (Prop_ibuf_I_O)         1.482     1.482 r  u_clk/inst/clkin1_ibufg/O
                         net (fo=1, routed)           1.233     2.715    u_clk/inst/clk_in1_clk_wiz_0
    MMCME2_ADV_X1Y2      MMCME2_ADV (Prop_mmcme2_adv_CLKIN1_CLKOUT0)
                                                     -7.070    -4.355 r  u_clk/inst/mmcm_adv_inst/CLKOUT0
                         net (fo=1, routed)           1.719    -2.636    u_clk/inst/clk_out1_clk_wiz_0
    BUFGCTRL_X0Y17       BUFG (Prop_bufg_I_O)         0.096    -2.540 r  u_clk/inst/clkout1_buf/O
                         net (fo=152, routed)         1.702    -0.838    clk25
    SLICE_X72Y79         FDRE                                         r  VGA_B_reg[0]/C
  -------------------------------------------------------------------    -------------------
    SLICE_X72Y79         FDRE (Prop_fdre_C_Q)         0.456    -0.382 r  VGA_B_reg[0]/Q
                         net (fo=1, routed)           4.113     3.732    VGA_B_OBUF[0]
    B7                   OBUF (Prop_obuf_I_O)         3.547     7.278 r  VGA_B_OBUF[0]_inst/O
                         net (fo=0)                   0.000     7.278    VGA_B[0]
    B7                                                                r  VGA_B[0] (OUT)
  -------------------------------------------------------------------    -------------------

Slack:                    inf
  Source:                 VGA_B_reg[2]/C
                            (rising edge-triggered cell FDRE clocked by clk_out1_clk_wiz_0_1  {rise@0.000ns fall@20.000ns period=40.000ns})
  Destination:            VGA_B[2]
                            (output port)
  Path Group:             (none)
  Path Type:              Max at Slow Process Corner
  Data Path Delay:        8.014ns  (logic 3.979ns (49.656%)  route 4.035ns (50.344%))
  Logic Levels:           1  (OBUF=1)
  Clock Uncertainty:      0.233ns  ((TSJ^2 + DJ^2)^1/2) / 2 + PE
    Total System Jitter     (TSJ):    0.050ns
    Discrete Jitter          (DJ):    0.195ns
    Phase Error              (PE):    0.132ns

    Location             Delay type                Incr(ns)  Path(ns)    Netlist Resource(s)
  -------------------------------------------------------------------    -------------------
                         (clock clk_out1_clk_wiz_0_1 rise edge)
                                                      0.000     0.000 r  
    E3                                                0.000     0.000 r  CLK100MHZ (IN)
                         net (fo=0)                   0.000     0.000    u_clk/inst/clk_in1
    E3                   IBUF (Prop_ibuf_I_O)         1.482     1.482 r  u_clk/inst/clkin1_ibufg/O
                         net (fo=1, routed)           1.233     2.715    u_clk/inst/clk_in1_clk_wiz_0
    MMCME2_ADV_X1Y2      MMCME2_ADV (Prop_mmcme2_adv_CLKIN1_CLKOUT0)
                                                     -7.070    -4.355 r  u_clk/inst/mmcm_adv_inst/CLKOUT0
                         net (fo=1, routed)           1.719    -2.636    u_clk/inst/clk_out1_clk_wiz_0
    BUFGCTRL_X0Y17       BUFG (Prop_bufg_I_O)         0.096    -2.540 r  u_clk/inst/clkout1_buf/O
                         net (fo=152, routed)         1.702    -0.838    clk25
    SLICE_X72Y79         FDRE                                         r  VGA_B_reg[2]/C
  -------------------------------------------------------------------    -------------------
    SLICE_X72Y79         FDRE (Prop_fdre_C_Q)         0.456    -0.382 r  VGA_B_reg[2]/Q
                         net (fo=1, routed)           4.035     3.653    VGA_B_OBUF[2]
    D7                   OBUF (Prop_obuf_I_O)         3.523     7.176 r  VGA_B_OBUF[2]_inst/O
                         net (fo=0)                   0.000     7.176    VGA_B[2]
    D7                                                                r  VGA_B[2] (OUT)
  -------------------------------------------------------------------    -------------------

Slack:                    inf
  Source:                 VGA_G_reg[2]/C
                            (rising edge-triggered cell FDRE clocked by clk_out1_clk_wiz_0_1  {rise@0.000ns fall@20.000ns period=40.000ns})
  Destination:            VGA_G[2]
                            (output port)
  Path Group:             (none)
  Path Type:              Max at Slow Process Corner
  Data Path Delay:        7.435ns  (logic 4.064ns (54.668%)  route 3.370ns (45.332%))
  Logic Levels:           1  (OBUF=1)
  Clock Uncertainty:      0.233ns  ((TSJ^2 + DJ^2)^1/2) / 2 + PE
    Total System Jitter     (TSJ):    0.050ns
    Discrete Jitter          (DJ):    0.195ns
    Phase Error              (PE):    0.132ns

    Location             Delay type                Incr(ns)  Path(ns)    Netlist Resource(s)
  -------------------------------------------------------------------    -------------------
                         (clock clk_out1_clk_wiz_0_1 rise edge)
                                                      0.000     0.000 r  
    E3                                                0.000     0.000 r  CLK100MHZ (IN)
                         net (fo=0)                   0.000     0.000    u_clk/inst/clk_in1
    E3                   IBUF (Prop_ibuf_I_O)         1.482     1.482 r  u_clk/inst/clkin1_ibufg/O
                         net (fo=1, routed)           1.233     2.715    u_clk/inst/clk_in1_clk_wiz_0
    MMCME2_ADV_X1Y2      MMCME2_ADV (Prop_mmcme2_adv_CLKIN1_CLKOUT0)
                                                     -7.070    -4.355 r  u_clk/inst/mmcm_adv_inst/CLKOUT0
                         net (fo=1, routed)           1.719    -2.636    u_clk/inst/clk_out1_clk_wiz_0
    BUFGCTRL_X0Y17       BUFG (Prop_bufg_I_O)         0.096    -2.540 r  u_clk/inst/clkout1_buf/O
                         net (fo=152, routed)         1.606    -0.934    clk25
    SLICE_X66Y118        FDRE                                         r  VGA_G_reg[2]/C
  -------------------------------------------------------------------    -------------------
    SLICE_X66Y118        FDRE (Prop_fdre_C_Q)         0.518    -0.416 r  VGA_G_reg[2]/Q
                         net (fo=1, routed)           3.370     2.954    VGA_G_OBUF[2]
    B6                   OBUF (Prop_obuf_I_O)         3.546     6.500 r  VGA_G_OBUF[2]_inst/O
                         net (fo=0)                   0.000     6.500    VGA_G[2]
    B6                                                                r  VGA_G[2] (OUT)
  -------------------------------------------------------------------    -------------------

Slack:                    inf
  Source:                 VGA_G_reg[0]/C
                            (rising edge-triggered cell FDRE clocked by clk_out1_clk_wiz_0_1  {rise@0.000ns fall@20.000ns period=40.000ns})
  Destination:            VGA_G[0]
                            (output port)
  Path Group:             (none)
  Path Type:              Max at Slow Process Corner
  Data Path Delay:        7.400ns  (logic 3.994ns (53.973%)  route 3.406ns (46.027%))
  Logic Levels:           1  (OBUF=1)
  Clock Uncertainty:      0.233ns  ((TSJ^2 + DJ^2)^1/2) / 2 + PE
    Total System Jitter     (TSJ):    0.050ns
    Discrete Jitter          (DJ):    0.195ns
    Phase Error              (PE):    0.132ns

    Location             Delay type                Incr(ns)  Path(ns)    Netlist Resource(s)
  -------------------------------------------------------------------    -------------------
                         (clock clk_out1_clk_wiz_0_1 rise edge)
                                                      0.000     0.000 r  
    E3                                                0.000     0.000 r  CLK100MHZ (IN)
                         net (fo=0)                   0.000     0.000    u_clk/inst/clk_in1
    E3                   IBUF (Prop_ibuf_I_O)         1.482     1.482 r  u_clk/inst/clkin1_ibufg/O
                         net (fo=1, routed)           1.233     2.715    u_clk/inst/clk_in1_clk_wiz_0
    MMCME2_ADV_X1Y2      MMCME2_ADV (Prop_mmcme2_adv_CLKIN1_CLKOUT0)
                                                     -7.070    -4.355 r  u_clk/inst/mmcm_adv_inst/CLKOUT0
                         net (fo=1, routed)           1.719    -2.636    u_clk/inst/clk_out1_clk_wiz_0
    BUFGCTRL_X0Y17       BUFG (Prop_bufg_I_O)         0.096    -2.540 r  u_clk/inst/clkout1_buf/O
                         net (fo=152, routed)         1.605    -0.935    clk25
    SLICE_X65Y119        FDRE                                         r  VGA_G_reg[0]/C
  -------------------------------------------------------------------    -------------------
    SLICE_X65Y119        FDRE (Prop_fdre_C_Q)         0.456    -0.479 r  VGA_G_reg[0]/Q
                         net (fo=1, routed)           3.406     2.927    VGA_G_OBUF[0]
    C6                   OBUF (Prop_obuf_I_O)         3.538     6.465 r  VGA_G_OBUF[0]_inst/O
                         net (fo=0)                   0.000     6.465    VGA_G[0]
    C6                                                                r  VGA_G[0] (OUT)
  -------------------------------------------------------------------    -------------------

Slack:                    inf
  Source:                 VGA_G_reg[1]/C
                            (rising edge-triggered cell FDRE clocked by clk_out1_clk_wiz_0_1  {rise@0.000ns fall@20.000ns period=40.000ns})
  Destination:            VGA_G[1]
                            (output port)
  Path Group:             (none)
  Path Type:              Max at Slow Process Corner
  Data Path Delay:        7.278ns  (logic 4.063ns (55.822%)  route 3.215ns (44.178%))
  Logic Levels:           1  (OBUF=1)
  Clock Uncertainty:      0.233ns  ((TSJ^2 + DJ^2)^1/2) / 2 + PE
    Total System Jitter     (TSJ):    0.050ns
    Discrete Jitter          (DJ):    0.195ns
    Phase Error              (PE):    0.132ns

    Location             Delay type                Incr(ns)  Path(ns)    Netlist Resource(s)
  -------------------------------------------------------------------    -------------------
                         (clock clk_out1_clk_wiz_0_1 rise edge)
                                                      0.000     0.000 r  
    E3                                                0.000     0.000 r  CLK100MHZ (IN)
                         net (fo=0)                   0.000     0.000    u_clk/inst/clk_in1
    E3                   IBUF (Prop_ibuf_I_O)         1.482     1.482 r  u_clk/inst/clkin1_ibufg/O
                         net (fo=1, routed)           1.233     2.715    u_clk/inst/clk_in1_clk_wiz_0
    MMCME2_ADV_X1Y2      MMCME2_ADV (Prop_mmcme2_adv_CLKIN1_CLKOUT0)
                                                     -7.070    -4.355 r  u_clk/inst/mmcm_adv_inst/CLKOUT0
                         net (fo=1, routed)           1.719    -2.636    u_clk/inst/clk_out1_clk_wiz_0
    BUFGCTRL_X0Y17       BUFG (Prop_bufg_I_O)         0.096    -2.540 r  u_clk/inst/clkout1_buf/O
                         net (fo=152, routed)         1.605    -0.935    clk25
    SLICE_X66Y119        FDRE                                         r  VGA_G_reg[1]/C
  -------------------------------------------------------------------    -------------------
    SLICE_X66Y119        FDRE (Prop_fdre_C_Q)         0.518    -0.417 r  VGA_G_reg[1]/Q
                         net (fo=1, routed)           3.215     2.798    VGA_G_OBUF[1]
    A5                   OBUF (Prop_obuf_I_O)         3.545     6.343 r  VGA_G_OBUF[1]_inst/O
                         net (fo=0)                   0.000     6.343    VGA_G[1]
    A5                                                                r  VGA_G[1] (OUT)
  -------------------------------------------------------------------    -------------------

Slack:                    inf
  Source:                 VGA_R_reg[2]/C
                            (rising edge-triggered cell FDRE clocked by clk_out1_clk_wiz_0_1  {rise@0.000ns fall@20.000ns period=40.000ns})
  Destination:            VGA_R[2]
                            (output port)
  Path Group:             (none)
  Path Type:              Max at Slow Process Corner
  Data Path Delay:        7.276ns  (logic 3.991ns (54.850%)  route 3.285ns (45.150%))
  Logic Levels:           1  (OBUF=1)
  Clock Uncertainty:      0.233ns  ((TSJ^2 + DJ^2)^1/2) / 2 + PE
    Total System Jitter     (TSJ):    0.050ns
    Discrete Jitter          (DJ):    0.195ns
    Phase Error              (PE):    0.132ns

    Location             Delay type                Incr(ns)  Path(ns)    Netlist Resource(s)
  -------------------------------------------------------------------    -------------------
                         (clock clk_out1_clk_wiz_0_1 rise edge)
                                                      0.000     0.000 r  
    E3                                                0.000     0.000 r  CLK100MHZ (IN)
                         net (fo=0)                   0.000     0.000    u_clk/inst/clk_in1
    E3                   IBUF (Prop_ibuf_I_O)         1.482     1.482 r  u_clk/inst/clkin1_ibufg/O
                         net (fo=1, routed)           1.233     2.715    u_clk/inst/clk_in1_clk_wiz_0
    MMCME2_ADV_X1Y2      MMCME2_ADV (Prop_mmcme2_adv_CLKIN1_CLKOUT0)
                                                     -7.070    -4.355 r  u_clk/inst/mmcm_adv_inst/CLKOUT0
                         net (fo=1, routed)           1.719    -2.636    u_clk/inst/clk_out1_clk_wiz_0
    BUFGCTRL_X0Y17       BUFG (Prop_bufg_I_O)         0.096    -2.540 r  u_clk/inst/clkout1_buf/O
                         net (fo=152, routed)         1.605    -0.935    clk25
    SLICE_X64Y119        FDRE                                         r  VGA_R_reg[2]/C
  -------------------------------------------------------------------    -------------------
    SLICE_X64Y119        FDRE (Prop_fdre_C_Q)         0.456    -0.479 r  VGA_R_reg[2]/Q
                         net (fo=1, routed)           3.285     2.806    VGA_R_OBUF[2]
    C5                   OBUF (Prop_obuf_I_O)         3.535     6.341 r  VGA_R_OBUF[2]_inst/O
                         net (fo=0)                   0.000     6.341    VGA_R[2]
    C5                                                                r  VGA_R[2] (OUT)
  -------------------------------------------------------------------    -------------------

Slack:                    inf
  Source:                 VGA_B_reg[3]/C
                            (rising edge-triggered cell FDRE clocked by clk_out1_clk_wiz_0_1  {rise@0.000ns fall@20.000ns period=40.000ns})
  Destination:            VGA_B[3]
                            (output port)
  Path Group:             (none)
  Path Type:              Max at Slow Process Corner
  Data Path Delay:        7.241ns  (logic 4.008ns (55.342%)  route 3.234ns (44.658%))
  Logic Levels:           1  (OBUF=1)
  Clock Uncertainty:      0.233ns  ((TSJ^2 + DJ^2)^1/2) / 2 + PE
    Total System Jitter     (TSJ):    0.050ns
    Discrete Jitter          (DJ):    0.195ns
    Phase Error              (PE):    0.132ns

    Location             Delay type                Incr(ns)  Path(ns)    Netlist Resource(s)
  -------------------------------------------------------------------    -------------------
                         (clock clk_out1_clk_wiz_0_1 rise edge)
                                                      0.000     0.000 r  
    E3                                                0.000     0.000 r  CLK100MHZ (IN)
                         net (fo=0)                   0.000     0.000    u_clk/inst/clk_in1
    E3                   IBUF (Prop_ibuf_I_O)         1.482     1.482 r  u_clk/inst/clkin1_ibufg/O
                         net (fo=1, routed)           1.233     2.715    u_clk/inst/clk_in1_clk_wiz_0
    MMCME2_ADV_X1Y2      MMCME2_ADV (Prop_mmcme2_adv_CLKIN1_CLKOUT0)
                                                     -7.070    -4.355 r  u_clk/inst/mmcm_adv_inst/CLKOUT0
                         net (fo=1, routed)           1.719    -2.636    u_clk/inst/clk_out1_clk_wiz_0
    BUFGCTRL_X0Y17       BUFG (Prop_bufg_I_O)         0.096    -2.540 r  u_clk/inst/clkout1_buf/O
                         net (fo=152, routed)         1.605    -0.935    clk25
    SLICE_X64Y119        FDRE                                         r  VGA_B_reg[3]/C
  -------------------------------------------------------------------    -------------------
    SLICE_X64Y119        FDRE (Prop_fdre_C_Q)         0.456    -0.479 r  VGA_B_reg[3]/Q
                         net (fo=1, routed)           3.234     2.755    VGA_B_OBUF[3]
    D8                   OBUF (Prop_obuf_I_O)         3.552     6.306 r  VGA_B_OBUF[3]_inst/O
                         net (fo=0)                   0.000     6.306    VGA_B[3]
    D8                                                                r  VGA_B[3] (OUT)
  -------------------------------------------------------------------    -------------------





Min Delay Paths
--------------------------------------------------------------------------------------
Slack:                    inf
  Source:                 VGA_R_reg[0]/C
                            (rising edge-triggered cell FDRE clocked by clk_out1_clk_wiz_0_1  {rise@0.000ns fall@20.000ns period=40.000ns})
  Destination:            VGA_R[0]
                            (output port)
  Path Group:             (none)
  Path Type:              Min at Fast Process Corner
  Data Path Delay:        2.380ns  (logic 1.395ns (58.626%)  route 0.985ns (41.374%))
  Logic Levels:           1  (OBUF=1)
  Clock Uncertainty:      0.233ns  ((TSJ^2 + DJ^2)^1/2) / 2 + PE
    Total System Jitter     (TSJ):    0.050ns
    Discrete Jitter          (DJ):    0.195ns
    Phase Error              (PE):    0.132ns

    Location             Delay type                Incr(ns)  Path(ns)    Netlist Resource(s)
  -------------------------------------------------------------------    -------------------
                         (clock clk_out1_clk_wiz_0_1 rise edge)
                                                      0.000     0.000 r  
    E3                                                0.000     0.000 r  CLK100MHZ (IN)
                         net (fo=0)                   0.000     0.000    u_clk/inst/clk_in1
    E3                   IBUF (Prop_ibuf_I_O)         0.250     0.250 r  u_clk/inst/clkin1_ibufg/O
                         net (fo=1, routed)           0.440     0.690    u_clk/inst/clk_in1_clk_wiz_0
    MMCME2_ADV_X1Y2      MMCME2_ADV (Prop_mmcme2_adv_CLKIN1_CLKOUT0)
                                                     -2.379    -1.689 r  u_clk/inst/mmcm_adv_inst/CLKOUT0
                         net (fo=1, routed)           0.499    -1.190    u_clk/inst/clk_out1_clk_wiz_0
    BUFGCTRL_X0Y17       BUFG (Prop_bufg_I_O)         0.026    -1.164 r  u_clk/inst/clkout1_buf/O
                         net (fo=152, routed)         0.553    -0.611    clk25
    SLICE_X65Y120        FDRE                                         r  VGA_R_reg[0]/C
  -------------------------------------------------------------------    -------------------
    SLICE_X65Y120        FDRE (Prop_fdre_C_Q)         0.141    -0.470 r  VGA_R_reg[0]/Q
                         net (fo=1, routed)           0.985     0.515    VGA_R_OBUF[0]
    A3                   OBUF (Prop_obuf_I_O)         1.254     1.769 r  VGA_R_OBUF[0]_inst/O
                         net (fo=0)                   0.000     1.769    VGA_R[0]
    A3                                                                r  VGA_R[0] (OUT)
  -------------------------------------------------------------------    -------------------

Slack:                    inf
  Source:                 VGA_R_reg[3]/C
                            (rising edge-triggered cell FDRE clocked by clk_out1_clk_wiz_0_1  {rise@0.000ns fall@20.000ns period=40.000ns})
  Destination:            VGA_R[3]
                            (output port)
  Path Group:             (none)
  Path Type:              Min at Fast Process Corner
  Data Path Delay:        2.410ns  (logic 1.416ns (58.771%)  route 0.993ns (41.229%))
  Logic Levels:           1  (OBUF=1)
  Clock Uncertainty:      0.233ns  ((TSJ^2 + DJ^2)^1/2) / 2 + PE
    Total System Jitter     (TSJ):    0.050ns
    Discrete Jitter          (DJ):    0.195ns
    Phase Error              (PE):    0.132ns

    Location             Delay type                Incr(ns)  Path(ns)    Netlist Resource(s)
  -------------------------------------------------------------------    -------------------
                         (clock clk_out1_clk_wiz_0_1 rise edge)
                                                      0.000     0.000 r  
    E3                                                0.000     0.000 r  CLK100MHZ (IN)
                         net (fo=0)                   0.000     0.000    u_clk/inst/clk_in1
    E3                   IBUF (Prop_ibuf_I_O)         0.250     0.250 r  u_clk/inst/clkin1_ibufg/O
                         net (fo=1, routed)           0.440     0.690    u_clk/inst/clk_in1_clk_wiz_0
    MMCME2_ADV_X1Y2      MMCME2_ADV (Prop_mmcme2_adv_CLKIN1_CLKOUT0)
                                                     -2.379    -1.689 r  u_clk/inst/mmcm_adv_inst/CLKOUT0
                         net (fo=1, routed)           0.499    -1.190    u_clk/inst/clk_out1_clk_wiz_0
    BUFGCTRL_X0Y17       BUFG (Prop_bufg_I_O)         0.026    -1.164 r  u_clk/inst/clkout1_buf/O
                         net (fo=152, routed)         0.553    -0.611    clk25
    SLICE_X66Y120        FDRE                                         r  VGA_R_reg[3]/C
  -------------------------------------------------------------------    -------------------
    SLICE_X66Y120        FDRE (Prop_fdre_C_Q)         0.164    -0.447 r  VGA_R_reg[3]/Q
                         net (fo=1, routed)           0.993     0.546    VGA_R_OBUF[3]
    A4                   OBUF (Prop_obuf_I_O)         1.252     1.799 r  VGA_R_OBUF[3]_inst/O
                         net (fo=0)                   0.000     1.799    VGA_R[3]
    A4                                                                r  VGA_R[3] (OUT)
  -------------------------------------------------------------------    -------------------

Slack:                    inf
  Source:                 VGA_R_reg[1]/C
                            (rising edge-triggered cell FDRE clocked by clk_out1_clk_wiz_0_1  {rise@0.000ns fall@20.000ns period=40.000ns})
  Destination:            VGA_R[1]
                            (output port)
  Path Group:             (none)
  Path Type:              Min at Fast Process Corner
  Data Path Delay:        2.408ns  (logic 1.390ns (57.714%)  route 1.018ns (42.286%))
  Logic Levels:           1  (OBUF=1)
  Clock Uncertainty:      0.233ns  ((TSJ^2 + DJ^2)^1/2) / 2 + PE
    Total System Jitter     (TSJ):    0.050ns
    Discrete Jitter          (DJ):    0.195ns
    Phase Error              (PE):    0.132ns

    Location             Delay type                Incr(ns)  Path(ns)    Netlist Resource(s)
  -------------------------------------------------------------------    -------------------
                         (clock clk_out1_clk_wiz_0_1 rise edge)
                                                      0.000     0.000 r  
    E3                                                0.000     0.000 r  CLK100MHZ (IN)
                         net (fo=0)                   0.000     0.000    u_clk/inst/clk_in1
    E3                   IBUF (Prop_ibuf_I_O)         0.250     0.250 r  u_clk/inst/clkin1_ibufg/O
                         net (fo=1, routed)           0.440     0.690    u_clk/inst/clk_in1_clk_wiz_0
    MMCME2_ADV_X1Y2      MMCME2_ADV (Prop_mmcme2_adv_CLKIN1_CLKOUT0)
                                                     -2.379    -1.689 r  u_clk/inst/mmcm_adv_inst/CLKOUT0
                         net (fo=1, routed)           0.499    -1.190    u_clk/inst/clk_out1_clk_wiz_0
    BUFGCTRL_X0Y17       BUFG (Prop_bufg_I_O)         0.026    -1.164 r  u_clk/inst/clkout1_buf/O
                         net (fo=152, routed)         0.555    -0.609    clk25
    SLICE_X67Y118        FDRE                                         r  VGA_R_reg[1]/C
  -------------------------------------------------------------------    -------------------
    SLICE_X67Y118        FDRE (Prop_fdre_C_Q)         0.141    -0.468 r  VGA_R_reg[1]/Q
                         net (fo=1, routed)           1.018     0.550    VGA_R_OBUF[1]
    B4                   OBUF (Prop_obuf_I_O)         1.249     1.799 r  VGA_R_OBUF[1]_inst/O
                         net (fo=0)                   0.000     1.799    VGA_R[1]
    B4                                                                r  VGA_R[1] (OUT)
  -------------------------------------------------------------------    -------------------

Slack:                    inf
  Source:                 VGA_G_reg[3]/C
                            (rising edge-triggered cell FDRE clocked by clk_out1_clk_wiz_0_1  {rise@0.000ns fall@20.000ns period=40.000ns})
  Destination:            VGA_G[3]
                            (output port)
  Path Group:             (none)
  Path Type:              Min at Fast Process Corner
  Data Path Delay:        2.446ns  (logic 1.388ns (56.763%)  route 1.057ns (43.237%))
  Logic Levels:           1  (OBUF=1)
  Clock Uncertainty:      0.233ns  ((TSJ^2 + DJ^2)^1/2) / 2 + PE
    Total System Jitter     (TSJ):    0.050ns
    Discrete Jitter          (DJ):    0.195ns
    Phase Error              (PE):    0.132ns

    Location             Delay type                Incr(ns)  Path(ns)    Netlist Resource(s)
  -------------------------------------------------------------------    -------------------
                         (clock clk_out1_clk_wiz_0_1 rise edge)
                                                      0.000     0.000 r  
    E3                                                0.000     0.000 r  CLK100MHZ (IN)
                         net (fo=0)                   0.000     0.000    u_clk/inst/clk_in1
    E3                   IBUF (Prop_ibuf_I_O)         0.250     0.250 r  u_clk/inst/clkin1_ibufg/O
                         net (fo=1, routed)           0.440     0.690    u_clk/inst/clk_in1_clk_wiz_0
    MMCME2_ADV_X1Y2      MMCME2_ADV (Prop_mmcme2_adv_CLKIN1_CLKOUT0)
                                                     -2.379    -1.689 r  u_clk/inst/mmcm_adv_inst/CLKOUT0
                         net (fo=1, routed)           0.499    -1.190    u_clk/inst/clk_out1_clk_wiz_0
    BUFGCTRL_X0Y17       BUFG (Prop_bufg_I_O)         0.026    -1.164 r  u_clk/inst/clkout1_buf/O
                         net (fo=152, routed)         0.553    -0.611    clk25
    SLICE_X65Y120        FDRE                                         r  VGA_G_reg[3]/C
  -------------------------------------------------------------------    -------------------
    SLICE_X65Y120        FDRE (Prop_fdre_C_Q)         0.141    -0.470 r  VGA_G_reg[3]/Q
                         net (fo=1, routed)           1.057     0.587    VGA_G_OBUF[3]
    A6                   OBUF (Prop_obuf_I_O)         1.247     1.834 r  VGA_G_OBUF[3]_inst/O
                         net (fo=0)                   0.000     1.834    VGA_G[3]
    A6                                                                r  VGA_G[3] (OUT)
  -------------------------------------------------------------------    -------------------

Slack:                    inf
  Source:                 VGA_B_reg[3]/C
                            (rising edge-triggered cell FDRE clocked by clk_out1_clk_wiz_0_1  {rise@0.000ns fall@20.000ns period=40.000ns})
  Destination:            VGA_B[3]
                            (output port)
  Path Group:             (none)
  Path Type:              Min at Fast Process Corner
  Data Path Delay:        2.493ns  (logic 1.393ns (55.884%)  route 1.100ns (44.116%))
  Logic Levels:           1  (OBUF=1)
  Clock Uncertainty:      0.233ns  ((TSJ^2 + DJ^2)^1/2) / 2 + PE
    Total System Jitter     (TSJ):    0.050ns
    Discrete Jitter          (DJ):    0.195ns
    Phase Error              (PE):    0.132ns

    Location             Delay type                Incr(ns)  Path(ns)    Netlist Resource(s)
  -------------------------------------------------------------------    -------------------
                         (clock clk_out1_clk_wiz_0_1 rise edge)
                                                      0.000     0.000 r  
    E3                                                0.000     0.000 r  CLK100MHZ (IN)
                         net (fo=0)                   0.000     0.000    u_clk/inst/clk_in1
    E3                   IBUF (Prop_ibuf_I_O)         0.250     0.250 r  u_clk/inst/clkin1_ibufg/O
                         net (fo=1, routed)           0.440     0.690    u_clk/inst/clk_in1_clk_wiz_0
    MMCME2_ADV_X1Y2      MMCME2_ADV (Prop_mmcme2_adv_CLKIN1_CLKOUT0)
                                                     -2.379    -1.689 r  u_clk/inst/mmcm_adv_inst/CLKOUT0
                         net (fo=1, routed)           0.499    -1.190    u_clk/inst/clk_out1_clk_wiz_0
    BUFGCTRL_X0Y17       BUFG (Prop_bufg_I_O)         0.026    -1.164 r  u_clk/inst/clkout1_buf/O
                         net (fo=152, routed)         0.554    -0.610    clk25
    SLICE_X64Y119        FDRE                                         r  VGA_B_reg[3]/C
  -------------------------------------------------------------------    -------------------
    SLICE_X64Y119        FDRE (Prop_fdre_C_Q)         0.141    -0.469 r  VGA_B_reg[3]/Q
                         net (fo=1, routed)           1.100     0.631    VGA_B_OBUF[3]
    D8                   OBUF (Prop_obuf_I_O)         1.252     1.883 r  VGA_B_OBUF[3]_inst/O
                         net (fo=0)                   0.000     1.883    VGA_B[3]
    D8                                                                r  VGA_B[3] (OUT)
  -------------------------------------------------------------------    -------------------

Slack:                    inf
  Source:                 VGA_G_reg[1]/C
                            (rising edge-triggered cell FDRE clocked by clk_out1_clk_wiz_0_1  {rise@0.000ns fall@20.000ns period=40.000ns})
  Destination:            VGA_G[1]
                            (output port)
  Path Group:             (none)
  Path Type:              Min at Fast Process Corner
  Data Path Delay:        2.519ns  (logic 1.409ns (55.959%)  route 1.109ns (44.041%))
  Logic Levels:           1  (OBUF=1)
  Clock Uncertainty:      0.233ns  ((TSJ^2 + DJ^2)^1/2) / 2 + PE
    Total System Jitter     (TSJ):    0.050ns
    Discrete Jitter          (DJ):    0.195ns
    Phase Error              (PE):    0.132ns

    Location             Delay type                Incr(ns)  Path(ns)    Netlist Resource(s)
  -------------------------------------------------------------------    -------------------
                         (clock clk_out1_clk_wiz_0_1 rise edge)
                                                      0.000     0.000 r  
    E3                                                0.000     0.000 r  CLK100MHZ (IN)
                         net (fo=0)                   0.000     0.000    u_clk/inst/clk_in1
    E3                   IBUF (Prop_ibuf_I_O)         0.250     0.250 r  u_clk/inst/clkin1_ibufg/O
                         net (fo=1, routed)           0.440     0.690    u_clk/inst/clk_in1_clk_wiz_0
    MMCME2_ADV_X1Y2      MMCME2_ADV (Prop_mmcme2_adv_CLKIN1_CLKOUT0)
                                                     -2.379    -1.689 r  u_clk/inst/mmcm_adv_inst/CLKOUT0
                         net (fo=1, routed)           0.499    -1.190    u_clk/inst/clk_out1_clk_wiz_0
    BUFGCTRL_X0Y17       BUFG (Prop_bufg_I_O)         0.026    -1.164 r  u_clk/inst/clkout1_buf/O
                         net (fo=152, routed)         0.554    -0.610    clk25
    SLICE_X66Y119        FDRE                                         r  VGA_G_reg[1]/C
  -------------------------------------------------------------------    -------------------
    SLICE_X66Y119        FDRE (Prop_fdre_C_Q)         0.164    -0.446 r  VGA_G_reg[1]/Q
                         net (fo=1, routed)           1.109     0.663    VGA_G_OBUF[1]
    A5                   OBUF (Prop_obuf_I_O)         1.245     1.908 r  VGA_G_OBUF[1]_inst/O
                         net (fo=0)                   0.000     1.908    VGA_G[1]
    A5                                                                r  VGA_G[1] (OUT)
  -------------------------------------------------------------------    -------------------

Slack:                    inf
  Source:                 VGA_R_reg[2]/C
                            (rising edge-triggered cell FDRE clocked by clk_out1_clk_wiz_0_1  {rise@0.000ns fall@20.000ns period=40.000ns})
  Destination:            VGA_R[2]
                            (output port)
  Path Group:             (none)
  Path Type:              Min at Fast Process Corner
  Data Path Delay:        2.530ns  (logic 1.377ns (54.421%)  route 1.153ns (45.579%))
  Logic Levels:           1  (OBUF=1)
  Clock Uncertainty:      0.233ns  ((TSJ^2 + DJ^2)^1/2) / 2 + PE
    Total System Jitter     (TSJ):    0.050ns
    Discrete Jitter          (DJ):    0.195ns
    Phase Error              (PE):    0.132ns

    Location             Delay type                Incr(ns)  Path(ns)    Netlist Resource(s)
  -------------------------------------------------------------------    -------------------
                         (clock clk_out1_clk_wiz_0_1 rise edge)
                                                      0.000     0.000 r  
    E3                                                0.000     0.000 r  CLK100MHZ (IN)
                         net (fo=0)                   0.000     0.000    u_clk/inst/clk_in1
    E3                   IBUF (Prop_ibuf_I_O)         0.250     0.250 r  u_clk/inst/clkin1_ibufg/O
                         net (fo=1, routed)           0.440     0.690    u_clk/inst/clk_in1_clk_wiz_0
    MMCME2_ADV_X1Y2      MMCME2_ADV (Prop_mmcme2_adv_CLKIN1_CLKOUT0)
                                                     -2.379    -1.689 r  u_clk/inst/mmcm_adv_inst/CLKOUT0
                         net (fo=1, routed)           0.499    -1.190    u_clk/inst/clk_out1_clk_wiz_0
    BUFGCTRL_X0Y17       BUFG (Prop_bufg_I_O)         0.026    -1.164 r  u_clk/inst/clkout1_buf/O
                         net (fo=152, routed)         0.554    -0.610    clk25
    SLICE_X64Y119        FDRE                                         r  VGA_R_reg[2]/C
  -------------------------------------------------------------------    -------------------
    SLICE_X64Y119        FDRE (Prop_fdre_C_Q)         0.141    -0.469 r  VGA_R_reg[2]/Q
                         net (fo=1, routed)           1.153     0.684    VGA_R_OBUF[2]
    C5                   OBUF (Prop_obuf_I_O)         1.236     1.920 r  VGA_R_OBUF[2]_inst/O
                         net (fo=0)                   0.000     1.920    VGA_R[2]
    C5                                                                r  VGA_R[2] (OUT)
  -------------------------------------------------------------------    -------------------

Slack:                    inf
  Source:                 VGA_G_reg[0]/C
                            (rising edge-triggered cell FDRE clocked by clk_out1_clk_wiz_0_1  {rise@0.000ns fall@20.000ns period=40.000ns})
  Destination:            VGA_G[0]
                            (output port)
  Path Group:             (none)
  Path Type:              Min at Fast Process Corner
  Data Path Delay:        2.554ns  (logic 1.380ns (54.029%)  route 1.174ns (45.971%))
  Logic Levels:           1  (OBUF=1)
  Clock Uncertainty:      0.233ns  ((TSJ^2 + DJ^2)^1/2) / 2 + PE
    Total System Jitter     (TSJ):    0.050ns
    Discrete Jitter          (DJ):    0.195ns
    Phase Error              (PE):    0.132ns

    Location             Delay type                Incr(ns)  Path(ns)    Netlist Resource(s)
  -------------------------------------------------------------------    -------------------
                         (clock clk_out1_clk_wiz_0_1 rise edge)
                                                      0.000     0.000 r  
    E3                                                0.000     0.000 r  CLK100MHZ (IN)
                         net (fo=0)                   0.000     0.000    u_clk/inst/clk_in1
    E3                   IBUF (Prop_ibuf_I_O)         0.250     0.250 r  u_clk/inst/clkin1_ibufg/O
                         net (fo=1, routed)           0.440     0.690    u_clk/inst/clk_in1_clk_wiz_0
    MMCME2_ADV_X1Y2      MMCME2_ADV (Prop_mmcme2_adv_CLKIN1_CLKOUT0)
                                                     -2.379    -1.689 r  u_clk/inst/mmcm_adv_inst/CLKOUT0
                         net (fo=1, routed)           0.499    -1.190    u_clk/inst/clk_out1_clk_wiz_0
    BUFGCTRL_X0Y17       BUFG (Prop_bufg_I_O)         0.026    -1.164 r  u_clk/inst/clkout1_buf/O
                         net (fo=152, routed)         0.554    -0.610    clk25
    SLICE_X65Y119        FDRE                                         r  VGA_G_reg[0]/C
  -------------------------------------------------------------------    -------------------
    SLICE_X65Y119        FDRE (Prop_fdre_C_Q)         0.141    -0.469 r  VGA_G_reg[0]/Q
                         net (fo=1, routed)           1.174     0.705    VGA_G_OBUF[0]
    C6                   OBUF (Prop_obuf_I_O)         1.239     1.944 r  VGA_G_OBUF[0]_inst/O
                         net (fo=0)                   0.000     1.944    VGA_G[0]
    C6                                                                r  VGA_G[0] (OUT)
  -------------------------------------------------------------------    -------------------

Slack:                    inf
  Source:                 VGA_G_reg[2]/C
                            (rising edge-triggered cell FDRE clocked by clk_out1_clk_wiz_0_1  {rise@0.000ns fall@20.000ns period=40.000ns})
  Destination:            VGA_G[2]
                            (output port)
  Path Group:             (none)
  Path Type:              Min at Fast Process Corner
  Data Path Delay:        2.577ns  (logic 1.411ns (54.749%)  route 1.166ns (45.251%))
  Logic Levels:           1  (OBUF=1)
  Clock Uncertainty:      0.233ns  ((TSJ^2 + DJ^2)^1/2) / 2 + PE
    Total System Jitter     (TSJ):    0.050ns
    Discrete Jitter          (DJ):    0.195ns
    Phase Error              (PE):    0.132ns

    Location             Delay type                Incr(ns)  Path(ns)    Netlist Resource(s)
  -------------------------------------------------------------------    -------------------
                         (clock clk_out1_clk_wiz_0_1 rise edge)
                                                      0.000     0.000 r  
    E3                                                0.000     0.000 r  CLK100MHZ (IN)
                         net (fo=0)                   0.000     0.000    u_clk/inst/clk_in1
    E3                   IBUF (Prop_ibuf_I_O)         0.250     0.250 r  u_clk/inst/clkin1_ibufg/O
                         net (fo=1, routed)           0.440     0.690    u_clk/inst/clk_in1_clk_wiz_0
    MMCME2_ADV_X1Y2      MMCME2_ADV (Prop_mmcme2_adv_CLKIN1_CLKOUT0)
                                                     -2.379    -1.689 r  u_clk/inst/mmcm_adv_inst/CLKOUT0
                         net (fo=1, routed)           0.499    -1.190    u_clk/inst/clk_out1_clk_wiz_0
    BUFGCTRL_X0Y17       BUFG (Prop_bufg_I_O)         0.026    -1.164 r  u_clk/inst/clkout1_buf/O
                         net (fo=152, routed)         0.555    -0.609    clk25
    SLICE_X66Y118        FDRE                                         r  VGA_G_reg[2]/C
  -------------------------------------------------------------------    -------------------
    SLICE_X66Y118        FDRE (Prop_fdre_C_Q)         0.164    -0.445 r  VGA_G_reg[2]/Q
                         net (fo=1, routed)           1.166     0.721    VGA_G_OBUF[2]
    B6                   OBUF (Prop_obuf_I_O)         1.247     1.968 r  VGA_G_OBUF[2]_inst/O
                         net (fo=0)                   0.000     1.968    VGA_G[2]
    B6                                                                r  VGA_G[2] (OUT)
  -------------------------------------------------------------------    -------------------

Slack:                    inf
  Source:                 VGA_B_reg[2]/C
                            (rising edge-triggered cell FDRE clocked by clk_out1_clk_wiz_0_1  {rise@0.000ns fall@20.000ns period=40.000ns})
  Destination:            VGA_B[2]
                            (output port)
  Path Group:             (none)
  Path Type:              Min at Fast Process Corner
  Data Path Delay:        2.784ns  (logic 1.365ns (49.045%)  route 1.419ns (50.955%))
  Logic Levels:           1  (OBUF=1)
  Clock Uncertainty:      0.233ns  ((TSJ^2 + DJ^2)^1/2) / 2 + PE
    Total System Jitter     (TSJ):    0.050ns
    Discrete Jitter          (DJ):    0.195ns
    Phase Error              (PE):    0.132ns

    Location             Delay type                Incr(ns)  Path(ns)    Netlist Resource(s)
  -------------------------------------------------------------------    -------------------
                         (clock clk_out1_clk_wiz_0_1 rise edge)
                                                      0.000     0.000 r  
    E3                                                0.000     0.000 r  CLK100MHZ (IN)
                         net (fo=0)                   0.000     0.000    u_clk/inst/clk_in1
    E3                   IBUF (Prop_ibuf_I_O)         0.250     0.250 r  u_clk/inst/clkin1_ibufg/O
                         net (fo=1, routed)           0.440     0.690    u_clk/inst/clk_in1_clk_wiz_0
    MMCME2_ADV_X1Y2      MMCME2_ADV (Prop_mmcme2_adv_CLKIN1_CLKOUT0)
                                                     -2.379    -1.689 r  u_clk/inst/mmcm_adv_inst/CLKOUT0
                         net (fo=1, routed)           0.499    -1.190    u_clk/inst/clk_out1_clk_wiz_0
    BUFGCTRL_X0Y17       BUFG (Prop_bufg_I_O)         0.026    -1.164 r  u_clk/inst/clkout1_buf/O
                         net (fo=152, routed)         0.586    -0.578    clk25
    SLICE_X72Y79         FDRE                                         r  VGA_B_reg[2]/C
  -------------------------------------------------------------------    -------------------
    SLICE_X72Y79         FDRE (Prop_fdre_C_Q)         0.141    -0.437 r  VGA_B_reg[2]/Q
                         net (fo=1, routed)           1.419     0.981    VGA_B_OBUF[2]
    D7                   OBUF (Prop_obuf_I_O)         1.224     2.206 r  VGA_B_OBUF[2]_inst/O
                         net (fo=0)                   0.000     2.206    VGA_B[2]
    D7                                                                r  VGA_B[2] (OUT)
  -------------------------------------------------------------------    -------------------





--------------------------------------------------------------------------------------
Path Group:  (none)
From Clock:  clk_out2_clk_wiz_0
  To Clock:  

Max Delay             1 Endpoint
Min Delay             1 Endpoint
--------------------------------------------------------------------------------------


Max Delay Paths
--------------------------------------------------------------------------------------
Slack:                    inf
  Source:                 u_clk/inst/mmcm_adv_inst/CLKOUT1
                            (clock source 'clk_out2_clk_wiz_0'  {rise@0.000ns fall@20.833ns period=41.667ns})
  Destination:            OV_XCLK
                            (output port)
  Path Group:             (none)
  Path Type:              Max at Slow Process Corner
  Data Path Delay:        8.344ns  (logic 3.617ns (43.348%)  route 4.727ns (56.652%))
  Logic Levels:           2  (BUFG=1 OBUF=1)
  Clock Uncertainty:      0.236ns  ((TSJ^2 + DJ^2)^1/2) / 2 + PE
    Total System Jitter     (TSJ):    0.050ns
    Discrete Jitter          (DJ):    0.202ns
    Phase Error              (PE):    0.132ns

    Location             Delay type                Incr(ns)  Path(ns)    Netlist Resource(s)
  -------------------------------------------------------------------    -------------------
                         (clock clk_out2_clk_wiz_0 fall edge)
                                                     20.833    20.833 f  
    E3                                                0.000    20.833 f  CLK100MHZ (IN)
                         net (fo=0)                   0.000    20.833    u_clk/inst/clk_in1
    E3                   IBUF (Prop_ibuf_I_O)         1.482    22.315 f  u_clk/inst/clkin1_ibufg/O
                         net (fo=1, routed)           1.233    23.548    u_clk/inst/clk_in1_clk_wiz_0
  -------------------------------------------------------------------    -------------------
    MMCME2_ADV_X1Y2      MMCME2_ADV (Prop_mmcme2_adv_CLKIN1_CLKOUT1)
                                                     -7.070    16.478 f  u_clk/inst/mmcm_adv_inst/CLKOUT1
                         net (fo=1, routed)           1.719    18.197    u_clk/inst/clk_out2_clk_wiz_0
    BUFGCTRL_X0Y16       BUFG (Prop_bufg_I_O)         0.096    18.293 f  u_clk/inst/clkout2_buf/O
                         net (fo=1, routed)           3.008    21.301    OV_XCLK_OBUF
    G17                  OBUF (Prop_obuf_I_O)         3.521    24.822 f  OV_XCLK_OBUF_inst/O
                         net (fo=0)                   0.000    24.822    OV_XCLK
    G17                                                               f  OV_XCLK (OUT)
  -------------------------------------------------------------------    -------------------





Min Delay Paths
--------------------------------------------------------------------------------------
Slack:                    inf
  Source:                 u_clk/inst/mmcm_adv_inst/CLKOUT1
                            (clock source 'clk_out2_clk_wiz_0'  {rise@0.000ns fall@20.833ns period=41.667ns})
  Destination:            OV_XCLK
                            (output port)
  Path Group:             (none)
  Path Type:              Min at Fast Process Corner
  Data Path Delay:        2.495ns  (logic 1.248ns (50.014%)  route 1.247ns (49.986%))
  Logic Levels:           2  (BUFG=1 OBUF=1)
  Clock Uncertainty:      0.236ns  ((TSJ^2 + DJ^2)^1/2) / 2 + PE
    Total System Jitter     (TSJ):    0.050ns
    Discrete Jitter          (DJ):    0.202ns
    Phase Error              (PE):    0.132ns

    Location             Delay type                Incr(ns)  Path(ns)    Netlist Resource(s)
  -------------------------------------------------------------------    -------------------
                         (clock clk_out2_clk_wiz_0 rise edge)
                                                      0.000     0.000 r  
    E3                                                0.000     0.000 r  CLK100MHZ (IN)
                         net (fo=0)                   0.000     0.000    u_clk/inst/clk_in1
    E3                   IBUF (Prop_ibuf_I_O)         0.250     0.250 r  u_clk/inst/clkin1_ibufg/O
                         net (fo=1, routed)           0.440     0.690    u_clk/inst/clk_in1_clk_wiz_0
  -------------------------------------------------------------------    -------------------
    MMCME2_ADV_X1Y2      MMCME2_ADV (Prop_mmcme2_adv_CLKIN1_CLKOUT1)
                                                     -2.379    -1.689 r  u_clk/inst/mmcm_adv_inst/CLKOUT1
                         net (fo=1, routed)           0.499    -1.190    u_clk/inst/clk_out2_clk_wiz_0
    BUFGCTRL_X0Y16       BUFG (Prop_bufg_I_O)         0.026    -1.164 r  u_clk/inst/clkout2_buf/O
                         net (fo=1, routed)           0.748    -0.415    OV_XCLK_OBUF
    G17                  OBUF (Prop_obuf_I_O)         1.222     0.807 r  OV_XCLK_OBUF_inst/O
                         net (fo=0)                   0.000     0.807    OV_XCLK
    G17                                                               r  OV_XCLK (OUT)
  -------------------------------------------------------------------    -------------------





--------------------------------------------------------------------------------------
Path Group:  (none)
From Clock:  clk_out2_clk_wiz_0_1
  To Clock:  

Max Delay             1 Endpoint
Min Delay             1 Endpoint
--------------------------------------------------------------------------------------


Max Delay Paths
--------------------------------------------------------------------------------------
Slack:                    inf
  Source:                 u_clk/inst/mmcm_adv_inst/CLKOUT1
                            (clock source 'clk_out2_clk_wiz_0_1'  {rise@0.000ns fall@20.833ns period=41.667ns})
  Destination:            OV_XCLK
                            (output port)
  Path Group:             (none)
  Path Type:              Max at Slow Process Corner
  Data Path Delay:        8.344ns  (logic 3.617ns (43.348%)  route 4.727ns (56.652%))
  Logic Levels:           2  (BUFG=1 OBUF=1)
  Clock Uncertainty:      0.233ns  ((TSJ^2 + DJ^2)^1/2) / 2 + PE
    Total System Jitter     (TSJ):    0.050ns
    Discrete Jitter          (DJ):    0.197ns
    Phase Error              (PE):    0.132ns

    Location             Delay type                Incr(ns)  Path(ns)    Netlist Resource(s)
  -------------------------------------------------------------------    -------------------
                         (clock clk_out2_clk_wiz_0_1 fall edge)
                                                     20.833    20.833 f  
    E3                                                0.000    20.833 f  CLK100MHZ (IN)
                         net (fo=0)                   0.000    20.833    u_clk/inst/clk_in1
    E3                   IBUF (Prop_ibuf_I_O)         1.482    22.315 f  u_clk/inst/clkin1_ibufg/O
                         net (fo=1, routed)           1.233    23.548    u_clk/inst/clk_in1_clk_wiz_0
  -------------------------------------------------------------------    -------------------
    MMCME2_ADV_X1Y2      MMCME2_ADV (Prop_mmcme2_adv_CLKIN1_CLKOUT1)
                                                     -7.070    16.478 f  u_clk/inst/mmcm_adv_inst/CLKOUT1
                         net (fo=1, routed)           1.719    18.197    u_clk/inst/clk_out2_clk_wiz_0
    BUFGCTRL_X0Y16       BUFG (Prop_bufg_I_O)         0.096    18.293 f  u_clk/inst/clkout2_buf/O
                         net (fo=1, routed)           3.008    21.301    OV_XCLK_OBUF
    G17                  OBUF (Prop_obuf_I_O)         3.521    24.822 f  OV_XCLK_OBUF_inst/O
                         net (fo=0)                   0.000    24.822    OV_XCLK
    G17                                                               f  OV_XCLK (OUT)
  -------------------------------------------------------------------    -------------------





Min Delay Paths
--------------------------------------------------------------------------------------
Slack:                    inf
  Source:                 u_clk/inst/mmcm_adv_inst/CLKOUT1
                            (clock source 'clk_out2_clk_wiz_0_1'  {rise@0.000ns fall@20.833ns period=41.667ns})
  Destination:            OV_XCLK
                            (output port)
  Path Group:             (none)
  Path Type:              Min at Fast Process Corner
  Data Path Delay:        2.495ns  (logic 1.248ns (50.014%)  route 1.247ns (49.986%))
  Logic Levels:           2  (BUFG=1 OBUF=1)
  Clock Uncertainty:      0.233ns  ((TSJ^2 + DJ^2)^1/2) / 2 + PE
    Total System Jitter     (TSJ):    0.050ns
    Discrete Jitter          (DJ):    0.197ns
    Phase Error              (PE):    0.132ns

    Location             Delay type                Incr(ns)  Path(ns)    Netlist Resource(s)
  -------------------------------------------------------------------    -------------------
                         (clock clk_out2_clk_wiz_0_1 rise edge)
                                                      0.000     0.000 r  
    E3                                                0.000     0.000 r  CLK100MHZ (IN)
                         net (fo=0)                   0.000     0.000    u_clk/inst/clk_in1
    E3                   IBUF (Prop_ibuf_I_O)         0.250     0.250 r  u_clk/inst/clkin1_ibufg/O
                         net (fo=1, routed)           0.440     0.690    u_clk/inst/clk_in1_clk_wiz_0
  -------------------------------------------------------------------    -------------------
    MMCME2_ADV_X1Y2      MMCME2_ADV (Prop_mmcme2_adv_CLKIN1_CLKOUT1)
                                                     -2.379    -1.689 r  u_clk/inst/mmcm_adv_inst/CLKOUT1
                         net (fo=1, routed)           0.499    -1.190    u_clk/inst/clk_out2_clk_wiz_0
    BUFGCTRL_X0Y16       BUFG (Prop_bufg_I_O)         0.026    -1.164 r  u_clk/inst/clkout2_buf/O
                         net (fo=1, routed)           0.748    -0.415    OV_XCLK_OBUF
    G17                  OBUF (Prop_obuf_I_O)         1.222     0.807 r  OV_XCLK_OBUF_inst/O
                         net (fo=0)                   0.000     0.807    OV_XCLK
    G17                                                               r  OV_XCLK (OUT)
  -------------------------------------------------------------------    -------------------





--------------------------------------------------------------------------------------
Path Group:  (none)
From Clock:  
  To Clock:  clk_out1_clk_wiz_0

Max Delay            22 Endpoints
Min Delay            22 Endpoints
--------------------------------------------------------------------------------------


Max Delay Paths
--------------------------------------------------------------------------------------
Slack:                    inf
  Source:                 CPU_RESETN
                            (input port)
  Destination:            u_vga/h_cnt_reg[6]/CLR
                            (recovery check against rising-edge clock clk_out1_clk_wiz_0  {rise@0.000ns fall@20.000ns period=40.000ns})
  Path Group:             (none)
  Path Type:              Recovery (Max at Slow Process Corner)
  Data Path Delay:        5.654ns  (logic 1.631ns (28.847%)  route 4.023ns (71.153%))
  Logic Levels:           2  (IBUF=1 LUT2=1)
  Clock Path Skew:        -1.437ns (DCD - SCD + CPR)
    Destination Clock Delay (DCD):    -1.437ns
    Source Clock Delay      (SCD):    0.000ns
    Clock Pessimism Removal (CPR):    0.000ns
  Clock Uncertainty:      0.235ns  ((TSJ^2 + DJ^2)^1/2) / 2 + PE
    Total System Jitter     (TSJ):    0.050ns
    Discrete Jitter          (DJ):    0.200ns
    Phase Error              (PE):    0.132ns

    Location             Delay type                Incr(ns)  Path(ns)    Netlist Resource(s)
  -------------------------------------------------------------------    -------------------
    C12                                               0.000     0.000 r  CPU_RESETN (IN)
                         net (fo=0)                   0.000     0.000    CPU_RESETN
    C12                  IBUF (Prop_ibuf_I_O)         1.507     1.507 r  CPU_RESETN_IBUF_inst/O
                         net (fo=5, routed)           2.922     4.429    CPU_RESETN_IBUF
    SLICE_X10Y108        LUT2 (Prop_lut2_I0_O)        0.124     4.553 f  u_vga_i_1/O
                         net (fo=20, routed)          1.101     5.654    u_vga/reset
    SLICE_X7Y111         FDCE                                         f  u_vga/h_cnt_reg[6]/CLR
  -------------------------------------------------------------------    -------------------

                         (clock clk_out1_clk_wiz_0 rise edge)
                                                      0.000     0.000 r  
    E3                                                0.000     0.000 r  CLK100MHZ (IN)
                         net (fo=0)                   0.000     0.000    u_clk/inst/clk_in1
    E3                   IBUF (Prop_ibuf_I_O)         1.411     1.411 r  u_clk/inst/clkin1_ibufg/O
                         net (fo=1, routed)           1.162     2.573    u_clk/inst/clk_in1_clk_wiz_0
    MMCME2_ADV_X1Y2      MMCME2_ADV (Prop_mmcme2_adv_CLKIN1_CLKOUT0)
                                                     -7.324    -4.751 r  u_clk/inst/mmcm_adv_inst/CLKOUT0
                         net (fo=1, routed)           1.639    -3.112    u_clk/inst/clk_out1_clk_wiz_0
    BUFGCTRL_X0Y17       BUFG (Prop_bufg_I_O)         0.091    -3.021 r  u_clk/inst/clkout1_buf/O
                         net (fo=152, routed)         1.584    -1.437    u_vga/clk25
    SLICE_X7Y111         FDCE                                         r  u_vga/h_cnt_reg[6]/C

Slack:                    inf
  Source:                 CPU_RESETN
                            (input port)
  Destination:            u_vga/h_cnt_reg[7]/CLR
                            (recovery check against rising-edge clock clk_out1_clk_wiz_0  {rise@0.000ns fall@20.000ns period=40.000ns})
  Path Group:             (none)
  Path Type:              Recovery (Max at Slow Process Corner)
  Data Path Delay:        5.654ns  (logic 1.631ns (28.847%)  route 4.023ns (71.153%))
  Logic Levels:           2  (IBUF=1 LUT2=1)
  Clock Path Skew:        -1.437ns (DCD - SCD + CPR)
    Destination Clock Delay (DCD):    -1.437ns
    Source Clock Delay      (SCD):    0.000ns
    Clock Pessimism Removal (CPR):    0.000ns
  Clock Uncertainty:      0.235ns  ((TSJ^2 + DJ^2)^1/2) / 2 + PE
    Total System Jitter     (TSJ):    0.050ns
    Discrete Jitter          (DJ):    0.200ns
    Phase Error              (PE):    0.132ns

    Location             Delay type                Incr(ns)  Path(ns)    Netlist Resource(s)
  -------------------------------------------------------------------    -------------------
    C12                                               0.000     0.000 r  CPU_RESETN (IN)
                         net (fo=0)                   0.000     0.000    CPU_RESETN
    C12                  IBUF (Prop_ibuf_I_O)         1.507     1.507 r  CPU_RESETN_IBUF_inst/O
                         net (fo=5, routed)           2.922     4.429    CPU_RESETN_IBUF
    SLICE_X10Y108        LUT2 (Prop_lut2_I0_O)        0.124     4.553 f  u_vga_i_1/O
                         net (fo=20, routed)          1.101     5.654    u_vga/reset
    SLICE_X7Y111         FDCE                                         f  u_vga/h_cnt_reg[7]/CLR
  -------------------------------------------------------------------    -------------------

                         (clock clk_out1_clk_wiz_0 rise edge)
                                                      0.000     0.000 r  
    E3                                                0.000     0.000 r  CLK100MHZ (IN)
                         net (fo=0)                   0.000     0.000    u_clk/inst/clk_in1
    E3                   IBUF (Prop_ibuf_I_O)         1.411     1.411 r  u_clk/inst/clkin1_ibufg/O
                         net (fo=1, routed)           1.162     2.573    u_clk/inst/clk_in1_clk_wiz_0
    MMCME2_ADV_X1Y2      MMCME2_ADV (Prop_mmcme2_adv_CLKIN1_CLKOUT0)
                                                     -7.324    -4.751 r  u_clk/inst/mmcm_adv_inst/CLKOUT0
                         net (fo=1, routed)           1.639    -3.112    u_clk/inst/clk_out1_clk_wiz_0
    BUFGCTRL_X0Y17       BUFG (Prop_bufg_I_O)         0.091    -3.021 r  u_clk/inst/clkout1_buf/O
                         net (fo=152, routed)         1.584    -1.437    u_vga/clk25
    SLICE_X7Y111         FDCE                                         r  u_vga/h_cnt_reg[7]/C

Slack:                    inf
  Source:                 CPU_RESETN
                            (input port)
  Destination:            u_vga/h_cnt_reg[4]/CLR
                            (recovery check against rising-edge clock clk_out1_clk_wiz_0  {rise@0.000ns fall@20.000ns period=40.000ns})
  Path Group:             (none)
  Path Type:              Recovery (Max at Slow Process Corner)
  Data Path Delay:        5.551ns  (logic 1.631ns (29.382%)  route 3.920ns (70.618%))
  Logic Levels:           2  (IBUF=1 LUT2=1)
  Clock Path Skew:        -1.436ns (DCD - SCD + CPR)
    Destination Clock Delay (DCD):    -1.436ns
    Source Clock Delay      (SCD):    0.000ns
    Clock Pessimism Removal (CPR):    0.000ns
  Clock Uncertainty:      0.235ns  ((TSJ^2 + DJ^2)^1/2) / 2 + PE
    Total System Jitter     (TSJ):    0.050ns
    Discrete Jitter          (DJ):    0.200ns
    Phase Error              (PE):    0.132ns

    Location             Delay type                Incr(ns)  Path(ns)    Netlist Resource(s)
  -------------------------------------------------------------------    -------------------
    C12                                               0.000     0.000 r  CPU_RESETN (IN)
                         net (fo=0)                   0.000     0.000    CPU_RESETN
    C12                  IBUF (Prop_ibuf_I_O)         1.507     1.507 r  CPU_RESETN_IBUF_inst/O
                         net (fo=5, routed)           2.922     4.429    CPU_RESETN_IBUF
    SLICE_X10Y108        LUT2 (Prop_lut2_I0_O)        0.124     4.553 f  u_vga_i_1/O
                         net (fo=20, routed)          0.998     5.551    u_vga/reset
    SLICE_X7Y110         FDCE                                         f  u_vga/h_cnt_reg[4]/CLR
  -------------------------------------------------------------------    -------------------

                         (clock clk_out1_clk_wiz_0 rise edge)
                                                      0.000     0.000 r  
    E3                                                0.000     0.000 r  CLK100MHZ (IN)
                         net (fo=0)                   0.000     0.000    u_clk/inst/clk_in1
    E3                   IBUF (Prop_ibuf_I_O)         1.411     1.411 r  u_clk/inst/clkin1_ibufg/O
                         net (fo=1, routed)           1.162     2.573    u_clk/inst/clk_in1_clk_wiz_0
    MMCME2_ADV_X1Y2      MMCME2_ADV (Prop_mmcme2_adv_CLKIN1_CLKOUT0)
                                                     -7.324    -4.751 r  u_clk/inst/mmcm_adv_inst/CLKOUT0
                         net (fo=1, routed)           1.639    -3.112    u_clk/inst/clk_out1_clk_wiz_0
    BUFGCTRL_X0Y17       BUFG (Prop_bufg_I_O)         0.091    -3.021 r  u_clk/inst/clkout1_buf/O
                         net (fo=152, routed)         1.585    -1.436    u_vga/clk25
    SLICE_X7Y110         FDCE                                         r  u_vga/h_cnt_reg[4]/C

Slack:                    inf
  Source:                 CPU_RESETN
                            (input port)
  Destination:            u_vga/h_cnt_reg[5]/CLR
                            (recovery check against rising-edge clock clk_out1_clk_wiz_0  {rise@0.000ns fall@20.000ns period=40.000ns})
  Path Group:             (none)
  Path Type:              Recovery (Max at Slow Process Corner)
  Data Path Delay:        5.551ns  (logic 1.631ns (29.382%)  route 3.920ns (70.618%))
  Logic Levels:           2  (IBUF=1 LUT2=1)
  Clock Path Skew:        -1.436ns (DCD - SCD + CPR)
    Destination Clock Delay (DCD):    -1.436ns
    Source Clock Delay      (SCD):    0.000ns
    Clock Pessimism Removal (CPR):    0.000ns
  Clock Uncertainty:      0.235ns  ((TSJ^2 + DJ^2)^1/2) / 2 + PE
    Total System Jitter     (TSJ):    0.050ns
    Discrete Jitter          (DJ):    0.200ns
    Phase Error              (PE):    0.132ns

    Location             Delay type                Incr(ns)  Path(ns)    Netlist Resource(s)
  -------------------------------------------------------------------    -------------------
    C12                                               0.000     0.000 r  CPU_RESETN (IN)
                         net (fo=0)                   0.000     0.000    CPU_RESETN
    C12                  IBUF (Prop_ibuf_I_O)         1.507     1.507 r  CPU_RESETN_IBUF_inst/O
                         net (fo=5, routed)           2.922     4.429    CPU_RESETN_IBUF
    SLICE_X10Y108        LUT2 (Prop_lut2_I0_O)        0.124     4.553 f  u_vga_i_1/O
                         net (fo=20, routed)          0.998     5.551    u_vga/reset
    SLICE_X7Y110         FDCE                                         f  u_vga/h_cnt_reg[5]/CLR
  -------------------------------------------------------------------    -------------------

                         (clock clk_out1_clk_wiz_0 rise edge)
                                                      0.000     0.000 r  
    E3                                                0.000     0.000 r  CLK100MHZ (IN)
                         net (fo=0)                   0.000     0.000    u_clk/inst/clk_in1
    E3                   IBUF (Prop_ibuf_I_O)         1.411     1.411 r  u_clk/inst/clkin1_ibufg/O
                         net (fo=1, routed)           1.162     2.573    u_clk/inst/clk_in1_clk_wiz_0
    MMCME2_ADV_X1Y2      MMCME2_ADV (Prop_mmcme2_adv_CLKIN1_CLKOUT0)
                                                     -7.324    -4.751 r  u_clk/inst/mmcm_adv_inst/CLKOUT0
                         net (fo=1, routed)           1.639    -3.112    u_clk/inst/clk_out1_clk_wiz_0
    BUFGCTRL_X0Y17       BUFG (Prop_bufg_I_O)         0.091    -3.021 r  u_clk/inst/clkout1_buf/O
                         net (fo=152, routed)         1.585    -1.436    u_vga/clk25
    SLICE_X7Y110         FDCE                                         r  u_vga/h_cnt_reg[5]/C

Slack:                    inf
  Source:                 CPU_RESETN
                            (input port)
  Destination:            u_vga/h_cnt_reg[8]/CLR
                            (recovery check against rising-edge clock clk_out1_clk_wiz_0  {rise@0.000ns fall@20.000ns period=40.000ns})
  Path Group:             (none)
  Path Type:              Recovery (Max at Slow Process Corner)
  Data Path Delay:        5.551ns  (logic 1.631ns (29.382%)  route 3.920ns (70.618%))
  Logic Levels:           2  (IBUF=1 LUT2=1)
  Clock Path Skew:        -1.436ns (DCD - SCD + CPR)
    Destination Clock Delay (DCD):    -1.436ns
    Source Clock Delay      (SCD):    0.000ns
    Clock Pessimism Removal (CPR):    0.000ns
  Clock Uncertainty:      0.235ns  ((TSJ^2 + DJ^2)^1/2) / 2 + PE
    Total System Jitter     (TSJ):    0.050ns
    Discrete Jitter          (DJ):    0.200ns
    Phase Error              (PE):    0.132ns

    Location             Delay type                Incr(ns)  Path(ns)    Netlist Resource(s)
  -------------------------------------------------------------------    -------------------
    C12                                               0.000     0.000 r  CPU_RESETN (IN)
                         net (fo=0)                   0.000     0.000    CPU_RESETN
    C12                  IBUF (Prop_ibuf_I_O)         1.507     1.507 r  CPU_RESETN_IBUF_inst/O
                         net (fo=5, routed)           2.922     4.429    CPU_RESETN_IBUF
    SLICE_X10Y108        LUT2 (Prop_lut2_I0_O)        0.124     4.553 f  u_vga_i_1/O
                         net (fo=20, routed)          0.998     5.551    u_vga/reset
    SLICE_X7Y110         FDCE                                         f  u_vga/h_cnt_reg[8]/CLR
  -------------------------------------------------------------------    -------------------

                         (clock clk_out1_clk_wiz_0 rise edge)
                                                      0.000     0.000 r  
    E3                                                0.000     0.000 r  CLK100MHZ (IN)
                         net (fo=0)                   0.000     0.000    u_clk/inst/clk_in1
    E3                   IBUF (Prop_ibuf_I_O)         1.411     1.411 r  u_clk/inst/clkin1_ibufg/O
                         net (fo=1, routed)           1.162     2.573    u_clk/inst/clk_in1_clk_wiz_0
    MMCME2_ADV_X1Y2      MMCME2_ADV (Prop_mmcme2_adv_CLKIN1_CLKOUT0)
                                                     -7.324    -4.751 r  u_clk/inst/mmcm_adv_inst/CLKOUT0
                         net (fo=1, routed)           1.639    -3.112    u_clk/inst/clk_out1_clk_wiz_0
    BUFGCTRL_X0Y17       BUFG (Prop_bufg_I_O)         0.091    -3.021 r  u_clk/inst/clkout1_buf/O
                         net (fo=152, routed)         1.585    -1.436    u_vga/clk25
    SLICE_X7Y110         FDCE                                         r  u_vga/h_cnt_reg[8]/C

Slack:                    inf
  Source:                 CPU_RESETN
                            (input port)
  Destination:            u_vga/h_cnt_reg[9]/CLR
                            (recovery check against rising-edge clock clk_out1_clk_wiz_0  {rise@0.000ns fall@20.000ns period=40.000ns})
  Path Group:             (none)
  Path Type:              Recovery (Max at Slow Process Corner)
  Data Path Delay:        5.551ns  (logic 1.631ns (29.382%)  route 3.920ns (70.618%))
  Logic Levels:           2  (IBUF=1 LUT2=1)
  Clock Path Skew:        -1.436ns (DCD - SCD + CPR)
    Destination Clock Delay (DCD):    -1.436ns
    Source Clock Delay      (SCD):    0.000ns
    Clock Pessimism Removal (CPR):    0.000ns
  Clock Uncertainty:      0.235ns  ((TSJ^2 + DJ^2)^1/2) / 2 + PE
    Total System Jitter     (TSJ):    0.050ns
    Discrete Jitter          (DJ):    0.200ns
    Phase Error              (PE):    0.132ns

    Location             Delay type                Incr(ns)  Path(ns)    Netlist Resource(s)
  -------------------------------------------------------------------    -------------------
    C12                                               0.000     0.000 r  CPU_RESETN (IN)
                         net (fo=0)                   0.000     0.000    CPU_RESETN
    C12                  IBUF (Prop_ibuf_I_O)         1.507     1.507 r  CPU_RESETN_IBUF_inst/O
                         net (fo=5, routed)           2.922     4.429    CPU_RESETN_IBUF
    SLICE_X10Y108        LUT2 (Prop_lut2_I0_O)        0.124     4.553 f  u_vga_i_1/O
                         net (fo=20, routed)          0.998     5.551    u_vga/reset
    SLICE_X7Y110         FDCE                                         f  u_vga/h_cnt_reg[9]/CLR
  -------------------------------------------------------------------    -------------------

                         (clock clk_out1_clk_wiz_0 rise edge)
                                                      0.000     0.000 r  
    E3                                                0.000     0.000 r  CLK100MHZ (IN)
                         net (fo=0)                   0.000     0.000    u_clk/inst/clk_in1
    E3                   IBUF (Prop_ibuf_I_O)         1.411     1.411 r  u_clk/inst/clkin1_ibufg/O
                         net (fo=1, routed)           1.162     2.573    u_clk/inst/clk_in1_clk_wiz_0
    MMCME2_ADV_X1Y2      MMCME2_ADV (Prop_mmcme2_adv_CLKIN1_CLKOUT0)
                                                     -7.324    -4.751 r  u_clk/inst/mmcm_adv_inst/CLKOUT0
                         net (fo=1, routed)           1.639    -3.112    u_clk/inst/clk_out1_clk_wiz_0
    BUFGCTRL_X0Y17       BUFG (Prop_bufg_I_O)         0.091    -3.021 r  u_clk/inst/clkout1_buf/O
                         net (fo=152, routed)         1.585    -1.436    u_vga/clk25
    SLICE_X7Y110         FDCE                                         r  u_vga/h_cnt_reg[9]/C

Slack:                    inf
  Source:                 CPU_RESETN
                            (input port)
  Destination:            u_vga/h_cnt_reg[0]/CLR
                            (recovery check against rising-edge clock clk_out1_clk_wiz_0  {rise@0.000ns fall@20.000ns period=40.000ns})
  Path Group:             (none)
  Path Type:              Recovery (Max at Slow Process Corner)
  Data Path Delay:        5.460ns  (logic 1.631ns (29.874%)  route 3.829ns (70.126%))
  Logic Levels:           2  (IBUF=1 LUT2=1)
  Clock Path Skew:        -1.516ns (DCD - SCD + CPR)
    Destination Clock Delay (DCD):    -1.516ns
    Source Clock Delay      (SCD):    0.000ns
    Clock Pessimism Removal (CPR):    0.000ns
  Clock Uncertainty:      0.235ns  ((TSJ^2 + DJ^2)^1/2) / 2 + PE
    Total System Jitter     (TSJ):    0.050ns
    Discrete Jitter          (DJ):    0.200ns
    Phase Error              (PE):    0.132ns

    Location             Delay type                Incr(ns)  Path(ns)    Netlist Resource(s)
  -------------------------------------------------------------------    -------------------
    C12                                               0.000     0.000 r  CPU_RESETN (IN)
                         net (fo=0)                   0.000     0.000    CPU_RESETN
    C12                  IBUF (Prop_ibuf_I_O)         1.507     1.507 r  CPU_RESETN_IBUF_inst/O
                         net (fo=5, routed)           2.922     4.429    CPU_RESETN_IBUF
    SLICE_X10Y108        LUT2 (Prop_lut2_I0_O)        0.124     4.553 f  u_vga_i_1/O
                         net (fo=20, routed)          0.906     5.460    u_vga/reset
    SLICE_X8Y111         FDCE                                         f  u_vga/h_cnt_reg[0]/CLR
  -------------------------------------------------------------------    -------------------

                         (clock clk_out1_clk_wiz_0 rise edge)
                                                      0.000     0.000 r  
    E3                                                0.000     0.000 r  CLK100MHZ (IN)
                         net (fo=0)                   0.000     0.000    u_clk/inst/clk_in1
    E3                   IBUF (Prop_ibuf_I_O)         1.411     1.411 r  u_clk/inst/clkin1_ibufg/O
                         net (fo=1, routed)           1.162     2.573    u_clk/inst/clk_in1_clk_wiz_0
    MMCME2_ADV_X1Y2      MMCME2_ADV (Prop_mmcme2_adv_CLKIN1_CLKOUT0)
                                                     -7.324    -4.751 r  u_clk/inst/mmcm_adv_inst/CLKOUT0
                         net (fo=1, routed)           1.639    -3.112    u_clk/inst/clk_out1_clk_wiz_0
    BUFGCTRL_X0Y17       BUFG (Prop_bufg_I_O)         0.091    -3.021 r  u_clk/inst/clkout1_buf/O
                         net (fo=152, routed)         1.505    -1.516    u_vga/clk25
    SLICE_X8Y111         FDCE                                         r  u_vga/h_cnt_reg[0]/C

Slack:                    inf
  Source:                 CPU_RESETN
                            (input port)
  Destination:            u_vga/h_cnt_reg[1]/CLR
                            (recovery check against rising-edge clock clk_out1_clk_wiz_0  {rise@0.000ns fall@20.000ns period=40.000ns})
  Path Group:             (none)
  Path Type:              Recovery (Max at Slow Process Corner)
  Data Path Delay:        5.460ns  (logic 1.631ns (29.874%)  route 3.829ns (70.126%))
  Logic Levels:           2  (IBUF=1 LUT2=1)
  Clock Path Skew:        -1.516ns (DCD - SCD + CPR)
    Destination Clock Delay (DCD):    -1.516ns
    Source Clock Delay      (SCD):    0.000ns
    Clock Pessimism Removal (CPR):    0.000ns
  Clock Uncertainty:      0.235ns  ((TSJ^2 + DJ^2)^1/2) / 2 + PE
    Total System Jitter     (TSJ):    0.050ns
    Discrete Jitter          (DJ):    0.200ns
    Phase Error              (PE):    0.132ns

    Location             Delay type                Incr(ns)  Path(ns)    Netlist Resource(s)
  -------------------------------------------------------------------    -------------------
    C12                                               0.000     0.000 r  CPU_RESETN (IN)
                         net (fo=0)                   0.000     0.000    CPU_RESETN
    C12                  IBUF (Prop_ibuf_I_O)         1.507     1.507 r  CPU_RESETN_IBUF_inst/O
                         net (fo=5, routed)           2.922     4.429    CPU_RESETN_IBUF
    SLICE_X10Y108        LUT2 (Prop_lut2_I0_O)        0.124     4.553 f  u_vga_i_1/O
                         net (fo=20, routed)          0.906     5.460    u_vga/reset
    SLICE_X8Y111         FDCE                                         f  u_vga/h_cnt_reg[1]/CLR
  -------------------------------------------------------------------    -------------------

                         (clock clk_out1_clk_wiz_0 rise edge)
                                                      0.000     0.000 r  
    E3                                                0.000     0.000 r  CLK100MHZ (IN)
                         net (fo=0)                   0.000     0.000    u_clk/inst/clk_in1
    E3                   IBUF (Prop_ibuf_I_O)         1.411     1.411 r  u_clk/inst/clkin1_ibufg/O
                         net (fo=1, routed)           1.162     2.573    u_clk/inst/clk_in1_clk_wiz_0
    MMCME2_ADV_X1Y2      MMCME2_ADV (Prop_mmcme2_adv_CLKIN1_CLKOUT0)
                                                     -7.324    -4.751 r  u_clk/inst/mmcm_adv_inst/CLKOUT0
                         net (fo=1, routed)           1.639    -3.112    u_clk/inst/clk_out1_clk_wiz_0
    BUFGCTRL_X0Y17       BUFG (Prop_bufg_I_O)         0.091    -3.021 r  u_clk/inst/clkout1_buf/O
                         net (fo=152, routed)         1.505    -1.516    u_vga/clk25
    SLICE_X8Y111         FDCE                                         r  u_vga/h_cnt_reg[1]/C

Slack:                    inf
  Source:                 CPU_RESETN
                            (input port)
  Destination:            u_vga/h_cnt_reg[2]/CLR
                            (recovery check against rising-edge clock clk_out1_clk_wiz_0  {rise@0.000ns fall@20.000ns period=40.000ns})
  Path Group:             (none)
  Path Type:              Recovery (Max at Slow Process Corner)
  Data Path Delay:        5.460ns  (logic 1.631ns (29.874%)  route 3.829ns (70.126%))
  Logic Levels:           2  (IBUF=1 LUT2=1)
  Clock Path Skew:        -1.516ns (DCD - SCD + CPR)
    Destination Clock Delay (DCD):    -1.516ns
    Source Clock Delay      (SCD):    0.000ns
    Clock Pessimism Removal (CPR):    0.000ns
  Clock Uncertainty:      0.235ns  ((TSJ^2 + DJ^2)^1/2) / 2 + PE
    Total System Jitter     (TSJ):    0.050ns
    Discrete Jitter          (DJ):    0.200ns
    Phase Error              (PE):    0.132ns

    Location             Delay type                Incr(ns)  Path(ns)    Netlist Resource(s)
  -------------------------------------------------------------------    -------------------
    C12                                               0.000     0.000 r  CPU_RESETN (IN)
                         net (fo=0)                   0.000     0.000    CPU_RESETN
    C12                  IBUF (Prop_ibuf_I_O)         1.507     1.507 r  CPU_RESETN_IBUF_inst/O
                         net (fo=5, routed)           2.922     4.429    CPU_RESETN_IBUF
    SLICE_X10Y108        LUT2 (Prop_lut2_I0_O)        0.124     4.553 f  u_vga_i_1/O
                         net (fo=20, routed)          0.906     5.460    u_vga/reset
    SLICE_X8Y111         FDCE                                         f  u_vga/h_cnt_reg[2]/CLR
  -------------------------------------------------------------------    -------------------

                         (clock clk_out1_clk_wiz_0 rise edge)
                                                      0.000     0.000 r  
    E3                                                0.000     0.000 r  CLK100MHZ (IN)
                         net (fo=0)                   0.000     0.000    u_clk/inst/clk_in1
    E3                   IBUF (Prop_ibuf_I_O)         1.411     1.411 r  u_clk/inst/clkin1_ibufg/O
                         net (fo=1, routed)           1.162     2.573    u_clk/inst/clk_in1_clk_wiz_0
    MMCME2_ADV_X1Y2      MMCME2_ADV (Prop_mmcme2_adv_CLKIN1_CLKOUT0)
                                                     -7.324    -4.751 r  u_clk/inst/mmcm_adv_inst/CLKOUT0
                         net (fo=1, routed)           1.639    -3.112    u_clk/inst/clk_out1_clk_wiz_0
    BUFGCTRL_X0Y17       BUFG (Prop_bufg_I_O)         0.091    -3.021 r  u_clk/inst/clkout1_buf/O
                         net (fo=152, routed)         1.505    -1.516    u_vga/clk25
    SLICE_X8Y111         FDCE                                         r  u_vga/h_cnt_reg[2]/C

Slack:                    inf
  Source:                 CPU_RESETN
                            (input port)
  Destination:            u_vga/h_cnt_reg[3]/CLR
                            (recovery check against rising-edge clock clk_out1_clk_wiz_0  {rise@0.000ns fall@20.000ns period=40.000ns})
  Path Group:             (none)
  Path Type:              Recovery (Max at Slow Process Corner)
  Data Path Delay:        5.460ns  (logic 1.631ns (29.874%)  route 3.829ns (70.126%))
  Logic Levels:           2  (IBUF=1 LUT2=1)
  Clock Path Skew:        -1.516ns (DCD - SCD + CPR)
    Destination Clock Delay (DCD):    -1.516ns
    Source Clock Delay      (SCD):    0.000ns
    Clock Pessimism Removal (CPR):    0.000ns
  Clock Uncertainty:      0.235ns  ((TSJ^2 + DJ^2)^1/2) / 2 + PE
    Total System Jitter     (TSJ):    0.050ns
    Discrete Jitter          (DJ):    0.200ns
    Phase Error              (PE):    0.132ns

    Location             Delay type                Incr(ns)  Path(ns)    Netlist Resource(s)
  -------------------------------------------------------------------    -------------------
    C12                                               0.000     0.000 r  CPU_RESETN (IN)
                         net (fo=0)                   0.000     0.000    CPU_RESETN
    C12                  IBUF (Prop_ibuf_I_O)         1.507     1.507 r  CPU_RESETN_IBUF_inst/O
                         net (fo=5, routed)           2.922     4.429    CPU_RESETN_IBUF
    SLICE_X10Y108        LUT2 (Prop_lut2_I0_O)        0.124     4.553 f  u_vga_i_1/O
                         net (fo=20, routed)          0.906     5.460    u_vga/reset
    SLICE_X8Y111         FDCE                                         f  u_vga/h_cnt_reg[3]/CLR
  -------------------------------------------------------------------    -------------------

                         (clock clk_out1_clk_wiz_0 rise edge)
                                                      0.000     0.000 r  
    E3                                                0.000     0.000 r  CLK100MHZ (IN)
                         net (fo=0)                   0.000     0.000    u_clk/inst/clk_in1
    E3                   IBUF (Prop_ibuf_I_O)         1.411     1.411 r  u_clk/inst/clkin1_ibufg/O
                         net (fo=1, routed)           1.162     2.573    u_clk/inst/clk_in1_clk_wiz_0
    MMCME2_ADV_X1Y2      MMCME2_ADV (Prop_mmcme2_adv_CLKIN1_CLKOUT0)
                                                     -7.324    -4.751 r  u_clk/inst/mmcm_adv_inst/CLKOUT0
                         net (fo=1, routed)           1.639    -3.112    u_clk/inst/clk_out1_clk_wiz_0
    BUFGCTRL_X0Y17       BUFG (Prop_bufg_I_O)         0.091    -3.021 r  u_clk/inst/clkout1_buf/O
                         net (fo=152, routed)         1.505    -1.516    u_vga/clk25
    SLICE_X8Y111         FDCE                                         r  u_vga/h_cnt_reg[3]/C





Min Delay Paths
--------------------------------------------------------------------------------------
Slack:                    inf
  Source:                 u_clk/inst/mmcm_adv_inst/LOCKED
                            (internal pin)
  Destination:            active_d2_reg/D
                            (rising edge-triggered cell FDRE clocked by clk_out1_clk_wiz_0  {rise@0.000ns fall@20.000ns period=40.000ns})
  Path Group:             (none)
  Path Type:              Hold (Min at Fast Process Corner)
  Data Path Delay:        1.508ns  (logic 0.044ns (2.919%)  route 1.464ns (97.081%))
  Logic Levels:           1  (LUT3=1)
  Clock Uncertainty:      0.235ns  ((TSJ^2 + DJ^2)^1/2) / 2 + PE
    Total System Jitter     (TSJ):    0.050ns
    Discrete Jitter          (DJ):    0.200ns
    Phase Error              (PE):    0.132ns

    Location             Delay type                Incr(ns)  Path(ns)    Netlist Resource(s)
  -------------------------------------------------------------------    -------------------
    MMCME2_ADV_X1Y2      MMCME2_ADV                   0.000     0.000 r  u_clk/inst/mmcm_adv_inst/LOCKED
                         net (fo=4, routed)           1.464     1.464    locked
    SLICE_X40Y110        LUT3 (Prop_lut3_I0_O)        0.044     1.508 r  active_d2_i_1/O
                         net (fo=1, routed)           0.000     1.508    active_d2_i_1_n_0
    SLICE_X40Y110        FDRE                                         r  active_d2_reg/D
  -------------------------------------------------------------------    -------------------

                         (clock clk_out1_clk_wiz_0 rise edge)
                                                      0.000     0.000 r  
    E3                                                0.000     0.000 r  CLK100MHZ (IN)
                         net (fo=0)                   0.000     0.000    u_clk/inst/clk_in1
    E3                   IBUF (Prop_ibuf_I_O)         0.438     0.438 r  u_clk/inst/clkin1_ibufg/O
                         net (fo=1, routed)           0.480     0.918    u_clk/inst/clk_in1_clk_wiz_0
    MMCME2_ADV_X1Y2      MMCME2_ADV (Prop_mmcme2_adv_CLKIN1_CLKOUT0)
                                                     -3.163    -2.245 r  u_clk/inst/mmcm_adv_inst/CLKOUT0
                         net (fo=1, routed)           0.544    -1.702    u_clk/inst/clk_out1_clk_wiz_0
    BUFGCTRL_X0Y17       BUFG (Prop_bufg_I_O)         0.029    -1.673 r  u_clk/inst/clkout1_buf/O
                         net (fo=152, routed)         0.832    -0.841    clk25
    SLICE_X40Y110        FDRE                                         r  active_d2_reg/C

Slack:                    inf
  Source:                 u_clk/inst/mmcm_adv_inst/LOCKED
                            (internal pin)
  Destination:            active_d1_reg/D
                            (rising edge-triggered cell FDRE clocked by clk_out1_clk_wiz_0  {rise@0.000ns fall@20.000ns period=40.000ns})
  Path Group:             (none)
  Path Type:              Hold (Min at Fast Process Corner)
  Data Path Delay:        1.509ns  (logic 0.045ns (2.983%)  route 1.464ns (97.017%))
  Logic Levels:           1  (LUT3=1)
  Clock Uncertainty:      0.235ns  ((TSJ^2 + DJ^2)^1/2) / 2 + PE
    Total System Jitter     (TSJ):    0.050ns
    Discrete Jitter          (DJ):    0.200ns
    Phase Error              (PE):    0.132ns

    Location             Delay type                Incr(ns)  Path(ns)    Netlist Resource(s)
  -------------------------------------------------------------------    -------------------
    MMCME2_ADV_X1Y2      MMCME2_ADV                   0.000     0.000 r  u_clk/inst/mmcm_adv_inst/LOCKED
                         net (fo=4, routed)           1.464     1.464    locked
    SLICE_X40Y110        LUT3 (Prop_lut3_I1_O)        0.045     1.509 r  active_d1_i_1/O
                         net (fo=1, routed)           0.000     1.509    active_d1_i_1_n_0
    SLICE_X40Y110        FDRE                                         r  active_d1_reg/D
  -------------------------------------------------------------------    -------------------

                         (clock clk_out1_clk_wiz_0 rise edge)
                                                      0.000     0.000 r  
    E3                                                0.000     0.000 r  CLK100MHZ (IN)
                         net (fo=0)                   0.000     0.000    u_clk/inst/clk_in1
    E3                   IBUF (Prop_ibuf_I_O)         0.438     0.438 r  u_clk/inst/clkin1_ibufg/O
                         net (fo=1, routed)           0.480     0.918    u_clk/inst/clk_in1_clk_wiz_0
    MMCME2_ADV_X1Y2      MMCME2_ADV (Prop_mmcme2_adv_CLKIN1_CLKOUT0)
                                                     -3.163    -2.245 r  u_clk/inst/mmcm_adv_inst/CLKOUT0
                         net (fo=1, routed)           0.544    -1.702    u_clk/inst/clk_out1_clk_wiz_0
    BUFGCTRL_X0Y17       BUFG (Prop_bufg_I_O)         0.029    -1.673 r  u_clk/inst/clkout1_buf/O
                         net (fo=152, routed)         0.832    -0.841    clk25
    SLICE_X40Y110        FDRE                                         r  active_d1_reg/C

Slack:                    inf
  Source:                 CPU_RESETN
                            (input port)
  Destination:            u_vga/v_cnt_reg[1]/CLR
                            (removal check against rising-edge clock clk_out1_clk_wiz_0  {rise@0.000ns fall@20.000ns period=40.000ns})
  Path Group:             (none)
  Path Type:              Removal (Min at Fast Process Corner)
  Data Path Delay:        1.763ns  (logic 0.320ns (18.128%)  route 1.443ns (81.872%))
  Logic Levels:           2  (IBUF=1 LUT2=1)
  Clock Path Skew:        -0.834ns (DCD - SCD - CPR)
    Destination Clock Delay (DCD):    -0.834ns
    Source Clock Delay      (SCD):    0.000ns
    Clock Pessimism Removal (CPR):    -0.000ns

    Location             Delay type                Incr(ns)  Path(ns)    Netlist Resource(s)
  -------------------------------------------------------------------    -------------------
    C12                                               0.000     0.000 r  CPU_RESETN (IN)
                         net (fo=0)                   0.000     0.000    CPU_RESETN
    C12                  IBUF (Prop_ibuf_I_O)         0.275     0.275 r  CPU_RESETN_IBUF_inst/O
                         net (fo=5, routed)           1.240     1.515    CPU_RESETN_IBUF
    SLICE_X10Y108        LUT2 (Prop_lut2_I0_O)        0.045     1.560 f  u_vga_i_1/O
                         net (fo=20, routed)          0.203     1.763    u_vga/reset
    SLICE_X12Y109        FDCE                                         f  u_vga/v_cnt_reg[1]/CLR
  -------------------------------------------------------------------    -------------------

                         (clock clk_out1_clk_wiz_0 rise edge)
                                                      0.000     0.000 r  
    E3                                                0.000     0.000 r  CLK100MHZ (IN)
                         net (fo=0)                   0.000     0.000    u_clk/inst/clk_in1
    E3                   IBUF (Prop_ibuf_I_O)         0.438     0.438 r  u_clk/inst/clkin1_ibufg/O
                         net (fo=1, routed)           0.480     0.918    u_clk/inst/clk_in1_clk_wiz_0
    MMCME2_ADV_X1Y2      MMCME2_ADV (Prop_mmcme2_adv_CLKIN1_CLKOUT0)
                                                     -3.163    -2.245 r  u_clk/inst/mmcm_adv_inst/CLKOUT0
                         net (fo=1, routed)           0.544    -1.702    u_clk/inst/clk_out1_clk_wiz_0
    BUFGCTRL_X0Y17       BUFG (Prop_bufg_I_O)         0.029    -1.673 r  u_clk/inst/clkout1_buf/O
                         net (fo=152, routed)         0.839    -0.834    u_vga/clk25
    SLICE_X12Y109        FDCE                                         r  u_vga/v_cnt_reg[1]/C

Slack:                    inf
  Source:                 CPU_RESETN
                            (input port)
  Destination:            u_vga/v_cnt_reg[2]/CLR
                            (removal check against rising-edge clock clk_out1_clk_wiz_0  {rise@0.000ns fall@20.000ns period=40.000ns})
  Path Group:             (none)
  Path Type:              Removal (Min at Fast Process Corner)
  Data Path Delay:        1.763ns  (logic 0.320ns (18.128%)  route 1.443ns (81.872%))
  Logic Levels:           2  (IBUF=1 LUT2=1)
  Clock Path Skew:        -0.834ns (DCD - SCD - CPR)
    Destination Clock Delay (DCD):    -0.834ns
    Source Clock Delay      (SCD):    0.000ns
    Clock Pessimism Removal (CPR):    -0.000ns

    Location             Delay type                Incr(ns)  Path(ns)    Netlist Resource(s)
  -------------------------------------------------------------------    -------------------
    C12                                               0.000     0.000 r  CPU_RESETN (IN)
                         net (fo=0)                   0.000     0.000    CPU_RESETN
    C12                  IBUF (Prop_ibuf_I_O)         0.275     0.275 r  CPU_RESETN_IBUF_inst/O
                         net (fo=5, routed)           1.240     1.515    CPU_RESETN_IBUF
    SLICE_X10Y108        LUT2 (Prop_lut2_I0_O)        0.045     1.560 f  u_vga_i_1/O
                         net (fo=20, routed)          0.203     1.763    u_vga/reset
    SLICE_X12Y109        FDCE                                         f  u_vga/v_cnt_reg[2]/CLR
  -------------------------------------------------------------------    -------------------

                         (clock clk_out1_clk_wiz_0 rise edge)
                                                      0.000     0.000 r  
    E3                                                0.000     0.000 r  CLK100MHZ (IN)
                         net (fo=0)                   0.000     0.000    u_clk/inst/clk_in1
    E3                   IBUF (Prop_ibuf_I_O)         0.438     0.438 r  u_clk/inst/clkin1_ibufg/O
                         net (fo=1, routed)           0.480     0.918    u_clk/inst/clk_in1_clk_wiz_0
    MMCME2_ADV_X1Y2      MMCME2_ADV (Prop_mmcme2_adv_CLKIN1_CLKOUT0)
                                                     -3.163    -2.245 r  u_clk/inst/mmcm_adv_inst/CLKOUT0
                         net (fo=1, routed)           0.544    -1.702    u_clk/inst/clk_out1_clk_wiz_0
    BUFGCTRL_X0Y17       BUFG (Prop_bufg_I_O)         0.029    -1.673 r  u_clk/inst/clkout1_buf/O
                         net (fo=152, routed)         0.839    -0.834    u_vga/clk25
    SLICE_X12Y109        FDCE                                         r  u_vga/v_cnt_reg[2]/C

Slack:                    inf
  Source:                 CPU_RESETN
                            (input port)
  Destination:            u_vga/v_cnt_reg[3]/CLR
                            (removal check against rising-edge clock clk_out1_clk_wiz_0  {rise@0.000ns fall@20.000ns period=40.000ns})
  Path Group:             (none)
  Path Type:              Removal (Min at Fast Process Corner)
  Data Path Delay:        1.763ns  (logic 0.320ns (18.128%)  route 1.443ns (81.872%))
  Logic Levels:           2  (IBUF=1 LUT2=1)
  Clock Path Skew:        -0.834ns (DCD - SCD - CPR)
    Destination Clock Delay (DCD):    -0.834ns
    Source Clock Delay      (SCD):    0.000ns
    Clock Pessimism Removal (CPR):    -0.000ns

    Location             Delay type                Incr(ns)  Path(ns)    Netlist Resource(s)
  -------------------------------------------------------------------    -------------------
    C12                                               0.000     0.000 r  CPU_RESETN (IN)
                         net (fo=0)                   0.000     0.000    CPU_RESETN
    C12                  IBUF (Prop_ibuf_I_O)         0.275     0.275 r  CPU_RESETN_IBUF_inst/O
                         net (fo=5, routed)           1.240     1.515    CPU_RESETN_IBUF
    SLICE_X10Y108        LUT2 (Prop_lut2_I0_O)        0.045     1.560 f  u_vga_i_1/O
                         net (fo=20, routed)          0.203     1.763    u_vga/reset
    SLICE_X12Y109        FDCE                                         f  u_vga/v_cnt_reg[3]/CLR
  -------------------------------------------------------------------    -------------------

                         (clock clk_out1_clk_wiz_0 rise edge)
                                                      0.000     0.000 r  
    E3                                                0.000     0.000 r  CLK100MHZ (IN)
                         net (fo=0)                   0.000     0.000    u_clk/inst/clk_in1
    E3                   IBUF (Prop_ibuf_I_O)         0.438     0.438 r  u_clk/inst/clkin1_ibufg/O
                         net (fo=1, routed)           0.480     0.918    u_clk/inst/clk_in1_clk_wiz_0
    MMCME2_ADV_X1Y2      MMCME2_ADV (Prop_mmcme2_adv_CLKIN1_CLKOUT0)
                                                     -3.163    -2.245 r  u_clk/inst/mmcm_adv_inst/CLKOUT0
                         net (fo=1, routed)           0.544    -1.702    u_clk/inst/clk_out1_clk_wiz_0
    BUFGCTRL_X0Y17       BUFG (Prop_bufg_I_O)         0.029    -1.673 r  u_clk/inst/clkout1_buf/O
                         net (fo=152, routed)         0.839    -0.834    u_vga/clk25
    SLICE_X12Y109        FDCE                                         r  u_vga/v_cnt_reg[3]/C

Slack:                    inf
  Source:                 CPU_RESETN
                            (input port)
  Destination:            u_vga/v_cnt_reg[5]/CLR
                            (removal check against rising-edge clock clk_out1_clk_wiz_0  {rise@0.000ns fall@20.000ns period=40.000ns})
  Path Group:             (none)
  Path Type:              Removal (Min at Fast Process Corner)
  Data Path Delay:        1.763ns  (logic 0.320ns (18.128%)  route 1.443ns (81.872%))
  Logic Levels:           2  (IBUF=1 LUT2=1)
  Clock Path Skew:        -0.834ns (DCD - SCD - CPR)
    Destination Clock Delay (DCD):    -0.834ns
    Source Clock Delay      (SCD):    0.000ns
    Clock Pessimism Removal (CPR):    -0.000ns

    Location             Delay type                Incr(ns)  Path(ns)    Netlist Resource(s)
  -------------------------------------------------------------------    -------------------
    C12                                               0.000     0.000 r  CPU_RESETN (IN)
                         net (fo=0)                   0.000     0.000    CPU_RESETN
    C12                  IBUF (Prop_ibuf_I_O)         0.275     0.275 r  CPU_RESETN_IBUF_inst/O
                         net (fo=5, routed)           1.240     1.515    CPU_RESETN_IBUF
    SLICE_X10Y108        LUT2 (Prop_lut2_I0_O)        0.045     1.560 f  u_vga_i_1/O
                         net (fo=20, routed)          0.203     1.763    u_vga/reset
    SLICE_X12Y109        FDCE                                         f  u_vga/v_cnt_reg[5]/CLR
  -------------------------------------------------------------------    -------------------

                         (clock clk_out1_clk_wiz_0 rise edge)
                                                      0.000     0.000 r  
    E3                                                0.000     0.000 r  CLK100MHZ (IN)
                         net (fo=0)                   0.000     0.000    u_clk/inst/clk_in1
    E3                   IBUF (Prop_ibuf_I_O)         0.438     0.438 r  u_clk/inst/clkin1_ibufg/O
                         net (fo=1, routed)           0.480     0.918    u_clk/inst/clk_in1_clk_wiz_0
    MMCME2_ADV_X1Y2      MMCME2_ADV (Prop_mmcme2_adv_CLKIN1_CLKOUT0)
                                                     -3.163    -2.245 r  u_clk/inst/mmcm_adv_inst/CLKOUT0
                         net (fo=1, routed)           0.544    -1.702    u_clk/inst/clk_out1_clk_wiz_0
    BUFGCTRL_X0Y17       BUFG (Prop_bufg_I_O)         0.029    -1.673 r  u_clk/inst/clkout1_buf/O
                         net (fo=152, routed)         0.839    -0.834    u_vga/clk25
    SLICE_X12Y109        FDCE                                         r  u_vga/v_cnt_reg[5]/C

Slack:                    inf
  Source:                 CPU_RESETN
                            (input port)
  Destination:            u_vga/v_cnt_reg[0]/CLR
                            (removal check against rising-edge clock clk_out1_clk_wiz_0  {rise@0.000ns fall@20.000ns period=40.000ns})
  Path Group:             (none)
  Path Type:              Removal (Min at Fast Process Corner)
  Data Path Delay:        1.821ns  (logic 0.320ns (17.546%)  route 1.502ns (82.454%))
  Logic Levels:           2  (IBUF=1 LUT2=1)
  Clock Path Skew:        -0.834ns (DCD - SCD - CPR)
    Destination Clock Delay (DCD):    -0.834ns
    Source Clock Delay      (SCD):    0.000ns
    Clock Pessimism Removal (CPR):    -0.000ns

    Location             Delay type                Incr(ns)  Path(ns)    Netlist Resource(s)
  -------------------------------------------------------------------    -------------------
    C12                                               0.000     0.000 r  CPU_RESETN (IN)
                         net (fo=0)                   0.000     0.000    CPU_RESETN
    C12                  IBUF (Prop_ibuf_I_O)         0.275     0.275 r  CPU_RESETN_IBUF_inst/O
                         net (fo=5, routed)           1.240     1.515    CPU_RESETN_IBUF
    SLICE_X10Y108        LUT2 (Prop_lut2_I0_O)        0.045     1.560 f  u_vga_i_1/O
                         net (fo=20, routed)          0.262     1.821    u_vga/reset
    SLICE_X11Y108        FDCE                                         f  u_vga/v_cnt_reg[0]/CLR
  -------------------------------------------------------------------    -------------------

                         (clock clk_out1_clk_wiz_0 rise edge)
                                                      0.000     0.000 r  
    E3                                                0.000     0.000 r  CLK100MHZ (IN)
                         net (fo=0)                   0.000     0.000    u_clk/inst/clk_in1
    E3                   IBUF (Prop_ibuf_I_O)         0.438     0.438 r  u_clk/inst/clkin1_ibufg/O
                         net (fo=1, routed)           0.480     0.918    u_clk/inst/clk_in1_clk_wiz_0
    MMCME2_ADV_X1Y2      MMCME2_ADV (Prop_mmcme2_adv_CLKIN1_CLKOUT0)
                                                     -3.163    -2.245 r  u_clk/inst/mmcm_adv_inst/CLKOUT0
                         net (fo=1, routed)           0.544    -1.702    u_clk/inst/clk_out1_clk_wiz_0
    BUFGCTRL_X0Y17       BUFG (Prop_bufg_I_O)         0.029    -1.673 r  u_clk/inst/clkout1_buf/O
                         net (fo=152, routed)         0.839    -0.834    u_vga/clk25
    SLICE_X11Y108        FDCE                                         r  u_vga/v_cnt_reg[0]/C

Slack:                    inf
  Source:                 CPU_RESETN
                            (input port)
  Destination:            u_vga/v_cnt_reg[4]/CLR
                            (removal check against rising-edge clock clk_out1_clk_wiz_0  {rise@0.000ns fall@20.000ns period=40.000ns})
  Path Group:             (none)
  Path Type:              Removal (Min at Fast Process Corner)
  Data Path Delay:        1.821ns  (logic 0.320ns (17.546%)  route 1.502ns (82.454%))
  Logic Levels:           2  (IBUF=1 LUT2=1)
  Clock Path Skew:        -0.834ns (DCD - SCD - CPR)
    Destination Clock Delay (DCD):    -0.834ns
    Source Clock Delay      (SCD):    0.000ns
    Clock Pessimism Removal (CPR):    -0.000ns

    Location             Delay type                Incr(ns)  Path(ns)    Netlist Resource(s)
  -------------------------------------------------------------------    -------------------
    C12                                               0.000     0.000 r  CPU_RESETN (IN)
                         net (fo=0)                   0.000     0.000    CPU_RESETN
    C12                  IBUF (Prop_ibuf_I_O)         0.275     0.275 r  CPU_RESETN_IBUF_inst/O
                         net (fo=5, routed)           1.240     1.515    CPU_RESETN_IBUF
    SLICE_X10Y108        LUT2 (Prop_lut2_I0_O)        0.045     1.560 f  u_vga_i_1/O
                         net (fo=20, routed)          0.262     1.821    u_vga/reset
    SLICE_X10Y108        FDCE                                         f  u_vga/v_cnt_reg[4]/CLR
  -------------------------------------------------------------------    -------------------

                         (clock clk_out1_clk_wiz_0 rise edge)
                                                      0.000     0.000 r  
    E3                                                0.000     0.000 r  CLK100MHZ (IN)
                         net (fo=0)                   0.000     0.000    u_clk/inst/clk_in1
    E3                   IBUF (Prop_ibuf_I_O)         0.438     0.438 r  u_clk/inst/clkin1_ibufg/O
                         net (fo=1, routed)           0.480     0.918    u_clk/inst/clk_in1_clk_wiz_0
    MMCME2_ADV_X1Y2      MMCME2_ADV (Prop_mmcme2_adv_CLKIN1_CLKOUT0)
                                                     -3.163    -2.245 r  u_clk/inst/mmcm_adv_inst/CLKOUT0
                         net (fo=1, routed)           0.544    -1.702    u_clk/inst/clk_out1_clk_wiz_0
    BUFGCTRL_X0Y17       BUFG (Prop_bufg_I_O)         0.029    -1.673 r  u_clk/inst/clkout1_buf/O
                         net (fo=152, routed)         0.839    -0.834    u_vga/clk25
    SLICE_X10Y108        FDCE                                         r  u_vga/v_cnt_reg[4]/C

Slack:                    inf
  Source:                 CPU_RESETN
                            (input port)
  Destination:            u_vga/v_cnt_reg[6]/CLR
                            (removal check against rising-edge clock clk_out1_clk_wiz_0  {rise@0.000ns fall@20.000ns period=40.000ns})
  Path Group:             (none)
  Path Type:              Removal (Min at Fast Process Corner)
  Data Path Delay:        1.821ns  (logic 0.320ns (17.546%)  route 1.502ns (82.454%))
  Logic Levels:           2  (IBUF=1 LUT2=1)
  Clock Path Skew:        -0.834ns (DCD - SCD - CPR)
    Destination Clock Delay (DCD):    -0.834ns
    Source Clock Delay      (SCD):    0.000ns
    Clock Pessimism Removal (CPR):    -0.000ns

    Location             Delay type                Incr(ns)  Path(ns)    Netlist Resource(s)
  -------------------------------------------------------------------    -------------------
    C12                                               0.000     0.000 r  CPU_RESETN (IN)
                         net (fo=0)                   0.000     0.000    CPU_RESETN
    C12                  IBUF (Prop_ibuf_I_O)         0.275     0.275 r  CPU_RESETN_IBUF_inst/O
                         net (fo=5, routed)           1.240     1.515    CPU_RESETN_IBUF
    SLICE_X10Y108        LUT2 (Prop_lut2_I0_O)        0.045     1.560 f  u_vga_i_1/O
                         net (fo=20, routed)          0.262     1.821    u_vga/reset
    SLICE_X11Y108        FDCE                                         f  u_vga/v_cnt_reg[6]/CLR
  -------------------------------------------------------------------    -------------------

                         (clock clk_out1_clk_wiz_0 rise edge)
                                                      0.000     0.000 r  
    E3                                                0.000     0.000 r  CLK100MHZ (IN)
                         net (fo=0)                   0.000     0.000    u_clk/inst/clk_in1
    E3                   IBUF (Prop_ibuf_I_O)         0.438     0.438 r  u_clk/inst/clkin1_ibufg/O
                         net (fo=1, routed)           0.480     0.918    u_clk/inst/clk_in1_clk_wiz_0
    MMCME2_ADV_X1Y2      MMCME2_ADV (Prop_mmcme2_adv_CLKIN1_CLKOUT0)
                                                     -3.163    -2.245 r  u_clk/inst/mmcm_adv_inst/CLKOUT0
                         net (fo=1, routed)           0.544    -1.702    u_clk/inst/clk_out1_clk_wiz_0
    BUFGCTRL_X0Y17       BUFG (Prop_bufg_I_O)         0.029    -1.673 r  u_clk/inst/clkout1_buf/O
                         net (fo=152, routed)         0.839    -0.834    u_vga/clk25
    SLICE_X11Y108        FDCE                                         r  u_vga/v_cnt_reg[6]/C

Slack:                    inf
  Source:                 CPU_RESETN
                            (input port)
  Destination:            u_vga/v_cnt_reg[7]/CLR
                            (removal check against rising-edge clock clk_out1_clk_wiz_0  {rise@0.000ns fall@20.000ns period=40.000ns})
  Path Group:             (none)
  Path Type:              Removal (Min at Fast Process Corner)
  Data Path Delay:        1.821ns  (logic 0.320ns (17.546%)  route 1.502ns (82.454%))
  Logic Levels:           2  (IBUF=1 LUT2=1)
  Clock Path Skew:        -0.834ns (DCD - SCD - CPR)
    Destination Clock Delay (DCD):    -0.834ns
    Source Clock Delay      (SCD):    0.000ns
    Clock Pessimism Removal (CPR):    -0.000ns

    Location             Delay type                Incr(ns)  Path(ns)    Netlist Resource(s)
  -------------------------------------------------------------------    -------------------
    C12                                               0.000     0.000 r  CPU_RESETN (IN)
                         net (fo=0)                   0.000     0.000    CPU_RESETN
    C12                  IBUF (Prop_ibuf_I_O)         0.275     0.275 r  CPU_RESETN_IBUF_inst/O
                         net (fo=5, routed)           1.240     1.515    CPU_RESETN_IBUF
    SLICE_X10Y108        LUT2 (Prop_lut2_I0_O)        0.045     1.560 f  u_vga_i_1/O
                         net (fo=20, routed)          0.262     1.821    u_vga/reset
    SLICE_X11Y108        FDCE                                         f  u_vga/v_cnt_reg[7]/CLR
  -------------------------------------------------------------------    -------------------

                         (clock clk_out1_clk_wiz_0 rise edge)
                                                      0.000     0.000 r  
    E3                                                0.000     0.000 r  CLK100MHZ (IN)
                         net (fo=0)                   0.000     0.000    u_clk/inst/clk_in1
    E3                   IBUF (Prop_ibuf_I_O)         0.438     0.438 r  u_clk/inst/clkin1_ibufg/O
                         net (fo=1, routed)           0.480     0.918    u_clk/inst/clk_in1_clk_wiz_0
    MMCME2_ADV_X1Y2      MMCME2_ADV (Prop_mmcme2_adv_CLKIN1_CLKOUT0)
                                                     -3.163    -2.245 r  u_clk/inst/mmcm_adv_inst/CLKOUT0
                         net (fo=1, routed)           0.544    -1.702    u_clk/inst/clk_out1_clk_wiz_0
    BUFGCTRL_X0Y17       BUFG (Prop_bufg_I_O)         0.029    -1.673 r  u_clk/inst/clkout1_buf/O
                         net (fo=152, routed)         0.839    -0.834    u_vga/clk25
    SLICE_X11Y108        FDCE                                         r  u_vga/v_cnt_reg[7]/C





--------------------------------------------------------------------------------------
Path Group:  (none)
From Clock:  
  To Clock:  clk_out1_clk_wiz_0_1

Max Delay            22 Endpoints
Min Delay            22 Endpoints
--------------------------------------------------------------------------------------


Max Delay Paths
--------------------------------------------------------------------------------------
Slack:                    inf
  Source:                 CPU_RESETN
                            (input port)
  Destination:            u_vga/h_cnt_reg[6]/CLR
                            (recovery check against rising-edge clock clk_out1_clk_wiz_0_1  {rise@0.000ns fall@20.000ns period=40.000ns})
  Path Group:             (none)
  Path Type:              Recovery (Max at Slow Process Corner)
  Data Path Delay:        5.654ns  (logic 1.631ns (28.847%)  route 4.023ns (71.153%))
  Logic Levels:           2  (IBUF=1 LUT2=1)
  Clock Path Skew:        -1.437ns (DCD - SCD + CPR)
    Destination Clock Delay (DCD):    -1.437ns
    Source Clock Delay      (SCD):    0.000ns
    Clock Pessimism Removal (CPR):    0.000ns
  Clock Uncertainty:      0.233ns  ((TSJ^2 + DJ^2)^1/2) / 2 + PE
    Total System Jitter     (TSJ):    0.050ns
    Discrete Jitter          (DJ):    0.195ns
    Phase Error              (PE):    0.132ns

    Location             Delay type                Incr(ns)  Path(ns)    Netlist Resource(s)
  -------------------------------------------------------------------    -------------------
    C12                                               0.000     0.000 r  CPU_RESETN (IN)
                         net (fo=0)                   0.000     0.000    CPU_RESETN
    C12                  IBUF (Prop_ibuf_I_O)         1.507     1.507 r  CPU_RESETN_IBUF_inst/O
                         net (fo=5, routed)           2.922     4.429    CPU_RESETN_IBUF
    SLICE_X10Y108        LUT2 (Prop_lut2_I0_O)        0.124     4.553 f  u_vga_i_1/O
                         net (fo=20, routed)          1.101     5.654    u_vga/reset
    SLICE_X7Y111         FDCE                                         f  u_vga/h_cnt_reg[6]/CLR
  -------------------------------------------------------------------    -------------------

                         (clock clk_out1_clk_wiz_0_1 rise edge)
                                                      0.000     0.000 r  
    E3                                                0.000     0.000 r  CLK100MHZ (IN)
                         net (fo=0)                   0.000     0.000    u_clk/inst/clk_in1
    E3                   IBUF (Prop_ibuf_I_O)         1.411     1.411 r  u_clk/inst/clkin1_ibufg/O
                         net (fo=1, routed)           1.162     2.573    u_clk/inst/clk_in1_clk_wiz_0
    MMCME2_ADV_X1Y2      MMCME2_ADV (Prop_mmcme2_adv_CLKIN1_CLKOUT0)
                                                     -7.324    -4.751 r  u_clk/inst/mmcm_adv_inst/CLKOUT0
                         net (fo=1, routed)           1.639    -3.112    u_clk/inst/clk_out1_clk_wiz_0
    BUFGCTRL_X0Y17       BUFG (Prop_bufg_I_O)         0.091    -3.021 r  u_clk/inst/clkout1_buf/O
                         net (fo=152, routed)         1.584    -1.437    u_vga/clk25
    SLICE_X7Y111         FDCE                                         r  u_vga/h_cnt_reg[6]/C

Slack:                    inf
  Source:                 CPU_RESETN
                            (input port)
  Destination:            u_vga/h_cnt_reg[7]/CLR
                            (recovery check against rising-edge clock clk_out1_clk_wiz_0_1  {rise@0.000ns fall@20.000ns period=40.000ns})
  Path Group:             (none)
  Path Type:              Recovery (Max at Slow Process Corner)
  Data Path Delay:        5.654ns  (logic 1.631ns (28.847%)  route 4.023ns (71.153%))
  Logic Levels:           2  (IBUF=1 LUT2=1)
  Clock Path Skew:        -1.437ns (DCD - SCD + CPR)
    Destination Clock Delay (DCD):    -1.437ns
    Source Clock Delay      (SCD):    0.000ns
    Clock Pessimism Removal (CPR):    0.000ns
  Clock Uncertainty:      0.233ns  ((TSJ^2 + DJ^2)^1/2) / 2 + PE
    Total System Jitter     (TSJ):    0.050ns
    Discrete Jitter          (DJ):    0.195ns
    Phase Error              (PE):    0.132ns

    Location             Delay type                Incr(ns)  Path(ns)    Netlist Resource(s)
  -------------------------------------------------------------------    -------------------
    C12                                               0.000     0.000 r  CPU_RESETN (IN)
                         net (fo=0)                   0.000     0.000    CPU_RESETN
    C12                  IBUF (Prop_ibuf_I_O)         1.507     1.507 r  CPU_RESETN_IBUF_inst/O
                         net (fo=5, routed)           2.922     4.429    CPU_RESETN_IBUF
    SLICE_X10Y108        LUT2 (Prop_lut2_I0_O)        0.124     4.553 f  u_vga_i_1/O
                         net (fo=20, routed)          1.101     5.654    u_vga/reset
    SLICE_X7Y111         FDCE                                         f  u_vga/h_cnt_reg[7]/CLR
  -------------------------------------------------------------------    -------------------

                         (clock clk_out1_clk_wiz_0_1 rise edge)
                                                      0.000     0.000 r  
    E3                                                0.000     0.000 r  CLK100MHZ (IN)
                         net (fo=0)                   0.000     0.000    u_clk/inst/clk_in1
    E3                   IBUF (Prop_ibuf_I_O)         1.411     1.411 r  u_clk/inst/clkin1_ibufg/O
                         net (fo=1, routed)           1.162     2.573    u_clk/inst/clk_in1_clk_wiz_0
    MMCME2_ADV_X1Y2      MMCME2_ADV (Prop_mmcme2_adv_CLKIN1_CLKOUT0)
                                                     -7.324    -4.751 r  u_clk/inst/mmcm_adv_inst/CLKOUT0
                         net (fo=1, routed)           1.639    -3.112    u_clk/inst/clk_out1_clk_wiz_0
    BUFGCTRL_X0Y17       BUFG (Prop_bufg_I_O)         0.091    -3.021 r  u_clk/inst/clkout1_buf/O
                         net (fo=152, routed)         1.584    -1.437    u_vga/clk25
    SLICE_X7Y111         FDCE                                         r  u_vga/h_cnt_reg[7]/C

Slack:                    inf
  Source:                 CPU_RESETN
                            (input port)
  Destination:            u_vga/h_cnt_reg[4]/CLR
                            (recovery check against rising-edge clock clk_out1_clk_wiz_0_1  {rise@0.000ns fall@20.000ns period=40.000ns})
  Path Group:             (none)
  Path Type:              Recovery (Max at Slow Process Corner)
  Data Path Delay:        5.551ns  (logic 1.631ns (29.382%)  route 3.920ns (70.618%))
  Logic Levels:           2  (IBUF=1 LUT2=1)
  Clock Path Skew:        -1.436ns (DCD - SCD + CPR)
    Destination Clock Delay (DCD):    -1.436ns
    Source Clock Delay      (SCD):    0.000ns
    Clock Pessimism Removal (CPR):    0.000ns
  Clock Uncertainty:      0.233ns  ((TSJ^2 + DJ^2)^1/2) / 2 + PE
    Total System Jitter     (TSJ):    0.050ns
    Discrete Jitter          (DJ):    0.195ns
    Phase Error              (PE):    0.132ns

    Location             Delay type                Incr(ns)  Path(ns)    Netlist Resource(s)
  -------------------------------------------------------------------    -------------------
    C12                                               0.000     0.000 r  CPU_RESETN (IN)
                         net (fo=0)                   0.000     0.000    CPU_RESETN
    C12                  IBUF (Prop_ibuf_I_O)         1.507     1.507 r  CPU_RESETN_IBUF_inst/O
                         net (fo=5, routed)           2.922     4.429    CPU_RESETN_IBUF
    SLICE_X10Y108        LUT2 (Prop_lut2_I0_O)        0.124     4.553 f  u_vga_i_1/O
                         net (fo=20, routed)          0.998     5.551    u_vga/reset
    SLICE_X7Y110         FDCE                                         f  u_vga/h_cnt_reg[4]/CLR
  -------------------------------------------------------------------    -------------------

                         (clock clk_out1_clk_wiz_0_1 rise edge)
                                                      0.000     0.000 r  
    E3                                                0.000     0.000 r  CLK100MHZ (IN)
                         net (fo=0)                   0.000     0.000    u_clk/inst/clk_in1
    E3                   IBUF (Prop_ibuf_I_O)         1.411     1.411 r  u_clk/inst/clkin1_ibufg/O
                         net (fo=1, routed)           1.162     2.573    u_clk/inst/clk_in1_clk_wiz_0
    MMCME2_ADV_X1Y2      MMCME2_ADV (Prop_mmcme2_adv_CLKIN1_CLKOUT0)
                                                     -7.324    -4.751 r  u_clk/inst/mmcm_adv_inst/CLKOUT0
                         net (fo=1, routed)           1.639    -3.112    u_clk/inst/clk_out1_clk_wiz_0
    BUFGCTRL_X0Y17       BUFG (Prop_bufg_I_O)         0.091    -3.021 r  u_clk/inst/clkout1_buf/O
                         net (fo=152, routed)         1.585    -1.436    u_vga/clk25
    SLICE_X7Y110         FDCE                                         r  u_vga/h_cnt_reg[4]/C

Slack:                    inf
  Source:                 CPU_RESETN
                            (input port)
  Destination:            u_vga/h_cnt_reg[5]/CLR
                            (recovery check against rising-edge clock clk_out1_clk_wiz_0_1  {rise@0.000ns fall@20.000ns period=40.000ns})
  Path Group:             (none)
  Path Type:              Recovery (Max at Slow Process Corner)
  Data Path Delay:        5.551ns  (logic 1.631ns (29.382%)  route 3.920ns (70.618%))
  Logic Levels:           2  (IBUF=1 LUT2=1)
  Clock Path Skew:        -1.436ns (DCD - SCD + CPR)
    Destination Clock Delay (DCD):    -1.436ns
    Source Clock Delay      (SCD):    0.000ns
    Clock Pessimism Removal (CPR):    0.000ns
  Clock Uncertainty:      0.233ns  ((TSJ^2 + DJ^2)^1/2) / 2 + PE
    Total System Jitter     (TSJ):    0.050ns
    Discrete Jitter          (DJ):    0.195ns
    Phase Error              (PE):    0.132ns

    Location             Delay type                Incr(ns)  Path(ns)    Netlist Resource(s)
  -------------------------------------------------------------------    -------------------
    C12                                               0.000     0.000 r  CPU_RESETN (IN)
                         net (fo=0)                   0.000     0.000    CPU_RESETN
    C12                  IBUF (Prop_ibuf_I_O)         1.507     1.507 r  CPU_RESETN_IBUF_inst/O
                         net (fo=5, routed)           2.922     4.429    CPU_RESETN_IBUF
    SLICE_X10Y108        LUT2 (Prop_lut2_I0_O)        0.124     4.553 f  u_vga_i_1/O
                         net (fo=20, routed)          0.998     5.551    u_vga/reset
    SLICE_X7Y110         FDCE                                         f  u_vga/h_cnt_reg[5]/CLR
  -------------------------------------------------------------------    -------------------

                         (clock clk_out1_clk_wiz_0_1 rise edge)
                                                      0.000     0.000 r  
    E3                                                0.000     0.000 r  CLK100MHZ (IN)
                         net (fo=0)                   0.000     0.000    u_clk/inst/clk_in1
    E3                   IBUF (Prop_ibuf_I_O)         1.411     1.411 r  u_clk/inst/clkin1_ibufg/O
                         net (fo=1, routed)           1.162     2.573    u_clk/inst/clk_in1_clk_wiz_0
    MMCME2_ADV_X1Y2      MMCME2_ADV (Prop_mmcme2_adv_CLKIN1_CLKOUT0)
                                                     -7.324    -4.751 r  u_clk/inst/mmcm_adv_inst/CLKOUT0
                         net (fo=1, routed)           1.639    -3.112    u_clk/inst/clk_out1_clk_wiz_0
    BUFGCTRL_X0Y17       BUFG (Prop_bufg_I_O)         0.091    -3.021 r  u_clk/inst/clkout1_buf/O
                         net (fo=152, routed)         1.585    -1.436    u_vga/clk25
    SLICE_X7Y110         FDCE                                         r  u_vga/h_cnt_reg[5]/C

Slack:                    inf
  Source:                 CPU_RESETN
                            (input port)
  Destination:            u_vga/h_cnt_reg[8]/CLR
                            (recovery check against rising-edge clock clk_out1_clk_wiz_0_1  {rise@0.000ns fall@20.000ns period=40.000ns})
  Path Group:             (none)
  Path Type:              Recovery (Max at Slow Process Corner)
  Data Path Delay:        5.551ns  (logic 1.631ns (29.382%)  route 3.920ns (70.618%))
  Logic Levels:           2  (IBUF=1 LUT2=1)
  Clock Path Skew:        -1.436ns (DCD - SCD + CPR)
    Destination Clock Delay (DCD):    -1.436ns
    Source Clock Delay      (SCD):    0.000ns
    Clock Pessimism Removal (CPR):    0.000ns
  Clock Uncertainty:      0.233ns  ((TSJ^2 + DJ^2)^1/2) / 2 + PE
    Total System Jitter     (TSJ):    0.050ns
    Discrete Jitter          (DJ):    0.195ns
    Phase Error              (PE):    0.132ns

    Location             Delay type                Incr(ns)  Path(ns)    Netlist Resource(s)
  -------------------------------------------------------------------    -------------------
    C12                                               0.000     0.000 r  CPU_RESETN (IN)
                         net (fo=0)                   0.000     0.000    CPU_RESETN
    C12                  IBUF (Prop_ibuf_I_O)         1.507     1.507 r  CPU_RESETN_IBUF_inst/O
                         net (fo=5, routed)           2.922     4.429    CPU_RESETN_IBUF
    SLICE_X10Y108        LUT2 (Prop_lut2_I0_O)        0.124     4.553 f  u_vga_i_1/O
                         net (fo=20, routed)          0.998     5.551    u_vga/reset
    SLICE_X7Y110         FDCE                                         f  u_vga/h_cnt_reg[8]/CLR
  -------------------------------------------------------------------    -------------------

                         (clock clk_out1_clk_wiz_0_1 rise edge)
                                                      0.000     0.000 r  
    E3                                                0.000     0.000 r  CLK100MHZ (IN)
                         net (fo=0)                   0.000     0.000    u_clk/inst/clk_in1
    E3                   IBUF (Prop_ibuf_I_O)         1.411     1.411 r  u_clk/inst/clkin1_ibufg/O
                         net (fo=1, routed)           1.162     2.573    u_clk/inst/clk_in1_clk_wiz_0
    MMCME2_ADV_X1Y2      MMCME2_ADV (Prop_mmcme2_adv_CLKIN1_CLKOUT0)
                                                     -7.324    -4.751 r  u_clk/inst/mmcm_adv_inst/CLKOUT0
                         net (fo=1, routed)           1.639    -3.112    u_clk/inst/clk_out1_clk_wiz_0
    BUFGCTRL_X0Y17       BUFG (Prop_bufg_I_O)         0.091    -3.021 r  u_clk/inst/clkout1_buf/O
                         net (fo=152, routed)         1.585    -1.436    u_vga/clk25
    SLICE_X7Y110         FDCE                                         r  u_vga/h_cnt_reg[8]/C

Slack:                    inf
  Source:                 CPU_RESETN
                            (input port)
  Destination:            u_vga/h_cnt_reg[9]/CLR
                            (recovery check against rising-edge clock clk_out1_clk_wiz_0_1  {rise@0.000ns fall@20.000ns period=40.000ns})
  Path Group:             (none)
  Path Type:              Recovery (Max at Slow Process Corner)
  Data Path Delay:        5.551ns  (logic 1.631ns (29.382%)  route 3.920ns (70.618%))
  Logic Levels:           2  (IBUF=1 LUT2=1)
  Clock Path Skew:        -1.436ns (DCD - SCD + CPR)
    Destination Clock Delay (DCD):    -1.436ns
    Source Clock Delay      (SCD):    0.000ns
    Clock Pessimism Removal (CPR):    0.000ns
  Clock Uncertainty:      0.233ns  ((TSJ^2 + DJ^2)^1/2) / 2 + PE
    Total System Jitter     (TSJ):    0.050ns
    Discrete Jitter          (DJ):    0.195ns
    Phase Error              (PE):    0.132ns

    Location             Delay type                Incr(ns)  Path(ns)    Netlist Resource(s)
  -------------------------------------------------------------------    -------------------
    C12                                               0.000     0.000 r  CPU_RESETN (IN)
                         net (fo=0)                   0.000     0.000    CPU_RESETN
    C12                  IBUF (Prop_ibuf_I_O)         1.507     1.507 r  CPU_RESETN_IBUF_inst/O
                         net (fo=5, routed)           2.922     4.429    CPU_RESETN_IBUF
    SLICE_X10Y108        LUT2 (Prop_lut2_I0_O)        0.124     4.553 f  u_vga_i_1/O
                         net (fo=20, routed)          0.998     5.551    u_vga/reset
    SLICE_X7Y110         FDCE                                         f  u_vga/h_cnt_reg[9]/CLR
  -------------------------------------------------------------------    -------------------

                         (clock clk_out1_clk_wiz_0_1 rise edge)
                                                      0.000     0.000 r  
    E3                                                0.000     0.000 r  CLK100MHZ (IN)
                         net (fo=0)                   0.000     0.000    u_clk/inst/clk_in1
    E3                   IBUF (Prop_ibuf_I_O)         1.411     1.411 r  u_clk/inst/clkin1_ibufg/O
                         net (fo=1, routed)           1.162     2.573    u_clk/inst/clk_in1_clk_wiz_0
    MMCME2_ADV_X1Y2      MMCME2_ADV (Prop_mmcme2_adv_CLKIN1_CLKOUT0)
                                                     -7.324    -4.751 r  u_clk/inst/mmcm_adv_inst/CLKOUT0
                         net (fo=1, routed)           1.639    -3.112    u_clk/inst/clk_out1_clk_wiz_0
    BUFGCTRL_X0Y17       BUFG (Prop_bufg_I_O)         0.091    -3.021 r  u_clk/inst/clkout1_buf/O
                         net (fo=152, routed)         1.585    -1.436    u_vga/clk25
    SLICE_X7Y110         FDCE                                         r  u_vga/h_cnt_reg[9]/C

Slack:                    inf
  Source:                 CPU_RESETN
                            (input port)
  Destination:            u_vga/h_cnt_reg[0]/CLR
                            (recovery check against rising-edge clock clk_out1_clk_wiz_0_1  {rise@0.000ns fall@20.000ns period=40.000ns})
  Path Group:             (none)
  Path Type:              Recovery (Max at Slow Process Corner)
  Data Path Delay:        5.460ns  (logic 1.631ns (29.874%)  route 3.829ns (70.126%))
  Logic Levels:           2  (IBUF=1 LUT2=1)
  Clock Path Skew:        -1.516ns (DCD - SCD + CPR)
    Destination Clock Delay (DCD):    -1.516ns
    Source Clock Delay      (SCD):    0.000ns
    Clock Pessimism Removal (CPR):    0.000ns
  Clock Uncertainty:      0.233ns  ((TSJ^2 + DJ^2)^1/2) / 2 + PE
    Total System Jitter     (TSJ):    0.050ns
    Discrete Jitter          (DJ):    0.195ns
    Phase Error              (PE):    0.132ns

    Location             Delay type                Incr(ns)  Path(ns)    Netlist Resource(s)
  -------------------------------------------------------------------    -------------------
    C12                                               0.000     0.000 r  CPU_RESETN (IN)
                         net (fo=0)                   0.000     0.000    CPU_RESETN
    C12                  IBUF (Prop_ibuf_I_O)         1.507     1.507 r  CPU_RESETN_IBUF_inst/O
                         net (fo=5, routed)           2.922     4.429    CPU_RESETN_IBUF
    SLICE_X10Y108        LUT2 (Prop_lut2_I0_O)        0.124     4.553 f  u_vga_i_1/O
                         net (fo=20, routed)          0.906     5.460    u_vga/reset
    SLICE_X8Y111         FDCE                                         f  u_vga/h_cnt_reg[0]/CLR
  -------------------------------------------------------------------    -------------------

                         (clock clk_out1_clk_wiz_0_1 rise edge)
                                                      0.000     0.000 r  
    E3                                                0.000     0.000 r  CLK100MHZ (IN)
                         net (fo=0)                   0.000     0.000    u_clk/inst/clk_in1
    E3                   IBUF (Prop_ibuf_I_O)         1.411     1.411 r  u_clk/inst/clkin1_ibufg/O
                         net (fo=1, routed)           1.162     2.573    u_clk/inst/clk_in1_clk_wiz_0
    MMCME2_ADV_X1Y2      MMCME2_ADV (Prop_mmcme2_adv_CLKIN1_CLKOUT0)
                                                     -7.324    -4.751 r  u_clk/inst/mmcm_adv_inst/CLKOUT0
                         net (fo=1, routed)           1.639    -3.112    u_clk/inst/clk_out1_clk_wiz_0
    BUFGCTRL_X0Y17       BUFG (Prop_bufg_I_O)         0.091    -3.021 r  u_clk/inst/clkout1_buf/O
                         net (fo=152, routed)         1.505    -1.516    u_vga/clk25
    SLICE_X8Y111         FDCE                                         r  u_vga/h_cnt_reg[0]/C

Slack:                    inf
  Source:                 CPU_RESETN
                            (input port)
  Destination:            u_vga/h_cnt_reg[1]/CLR
                            (recovery check against rising-edge clock clk_out1_clk_wiz_0_1  {rise@0.000ns fall@20.000ns period=40.000ns})
  Path Group:             (none)
  Path Type:              Recovery (Max at Slow Process Corner)
  Data Path Delay:        5.460ns  (logic 1.631ns (29.874%)  route 3.829ns (70.126%))
  Logic Levels:           2  (IBUF=1 LUT2=1)
  Clock Path Skew:        -1.516ns (DCD - SCD + CPR)
    Destination Clock Delay (DCD):    -1.516ns
    Source Clock Delay      (SCD):    0.000ns
    Clock Pessimism Removal (CPR):    0.000ns
  Clock Uncertainty:      0.233ns  ((TSJ^2 + DJ^2)^1/2) / 2 + PE
    Total System Jitter     (TSJ):    0.050ns
    Discrete Jitter          (DJ):    0.195ns
    Phase Error              (PE):    0.132ns

    Location             Delay type                Incr(ns)  Path(ns)    Netlist Resource(s)
  -------------------------------------------------------------------    -------------------
    C12                                               0.000     0.000 r  CPU_RESETN (IN)
                         net (fo=0)                   0.000     0.000    CPU_RESETN
    C12                  IBUF (Prop_ibuf_I_O)         1.507     1.507 r  CPU_RESETN_IBUF_inst/O
                         net (fo=5, routed)           2.922     4.429    CPU_RESETN_IBUF
    SLICE_X10Y108        LUT2 (Prop_lut2_I0_O)        0.124     4.553 f  u_vga_i_1/O
                         net (fo=20, routed)          0.906     5.460    u_vga/reset
    SLICE_X8Y111         FDCE                                         f  u_vga/h_cnt_reg[1]/CLR
  -------------------------------------------------------------------    -------------------

                         (clock clk_out1_clk_wiz_0_1 rise edge)
                                                      0.000     0.000 r  
    E3                                                0.000     0.000 r  CLK100MHZ (IN)
                         net (fo=0)                   0.000     0.000    u_clk/inst/clk_in1
    E3                   IBUF (Prop_ibuf_I_O)         1.411     1.411 r  u_clk/inst/clkin1_ibufg/O
                         net (fo=1, routed)           1.162     2.573    u_clk/inst/clk_in1_clk_wiz_0
    MMCME2_ADV_X1Y2      MMCME2_ADV (Prop_mmcme2_adv_CLKIN1_CLKOUT0)
                                                     -7.324    -4.751 r  u_clk/inst/mmcm_adv_inst/CLKOUT0
                         net (fo=1, routed)           1.639    -3.112    u_clk/inst/clk_out1_clk_wiz_0
    BUFGCTRL_X0Y17       BUFG (Prop_bufg_I_O)         0.091    -3.021 r  u_clk/inst/clkout1_buf/O
                         net (fo=152, routed)         1.505    -1.516    u_vga/clk25
    SLICE_X8Y111         FDCE                                         r  u_vga/h_cnt_reg[1]/C

Slack:                    inf
  Source:                 CPU_RESETN
                            (input port)
  Destination:            u_vga/h_cnt_reg[2]/CLR
                            (recovery check against rising-edge clock clk_out1_clk_wiz_0_1  {rise@0.000ns fall@20.000ns period=40.000ns})
  Path Group:             (none)
  Path Type:              Recovery (Max at Slow Process Corner)
  Data Path Delay:        5.460ns  (logic 1.631ns (29.874%)  route 3.829ns (70.126%))
  Logic Levels:           2  (IBUF=1 LUT2=1)
  Clock Path Skew:        -1.516ns (DCD - SCD + CPR)
    Destination Clock Delay (DCD):    -1.516ns
    Source Clock Delay      (SCD):    0.000ns
    Clock Pessimism Removal (CPR):    0.000ns
  Clock Uncertainty:      0.233ns  ((TSJ^2 + DJ^2)^1/2) / 2 + PE
    Total System Jitter     (TSJ):    0.050ns
    Discrete Jitter          (DJ):    0.195ns
    Phase Error              (PE):    0.132ns

    Location             Delay type                Incr(ns)  Path(ns)    Netlist Resource(s)
  -------------------------------------------------------------------    -------------------
    C12                                               0.000     0.000 r  CPU_RESETN (IN)
                         net (fo=0)                   0.000     0.000    CPU_RESETN
    C12                  IBUF (Prop_ibuf_I_O)         1.507     1.507 r  CPU_RESETN_IBUF_inst/O
                         net (fo=5, routed)           2.922     4.429    CPU_RESETN_IBUF
    SLICE_X10Y108        LUT2 (Prop_lut2_I0_O)        0.124     4.553 f  u_vga_i_1/O
                         net (fo=20, routed)          0.906     5.460    u_vga/reset
    SLICE_X8Y111         FDCE                                         f  u_vga/h_cnt_reg[2]/CLR
  -------------------------------------------------------------------    -------------------

                         (clock clk_out1_clk_wiz_0_1 rise edge)
                                                      0.000     0.000 r  
    E3                                                0.000     0.000 r  CLK100MHZ (IN)
                         net (fo=0)                   0.000     0.000    u_clk/inst/clk_in1
    E3                   IBUF (Prop_ibuf_I_O)         1.411     1.411 r  u_clk/inst/clkin1_ibufg/O
                         net (fo=1, routed)           1.162     2.573    u_clk/inst/clk_in1_clk_wiz_0
    MMCME2_ADV_X1Y2      MMCME2_ADV (Prop_mmcme2_adv_CLKIN1_CLKOUT0)
                                                     -7.324    -4.751 r  u_clk/inst/mmcm_adv_inst/CLKOUT0
                         net (fo=1, routed)           1.639    -3.112    u_clk/inst/clk_out1_clk_wiz_0
    BUFGCTRL_X0Y17       BUFG (Prop_bufg_I_O)         0.091    -3.021 r  u_clk/inst/clkout1_buf/O
                         net (fo=152, routed)         1.505    -1.516    u_vga/clk25
    SLICE_X8Y111         FDCE                                         r  u_vga/h_cnt_reg[2]/C

Slack:                    inf
  Source:                 CPU_RESETN
                            (input port)
  Destination:            u_vga/h_cnt_reg[3]/CLR
                            (recovery check against rising-edge clock clk_out1_clk_wiz_0_1  {rise@0.000ns fall@20.000ns period=40.000ns})
  Path Group:             (none)
  Path Type:              Recovery (Max at Slow Process Corner)
  Data Path Delay:        5.460ns  (logic 1.631ns (29.874%)  route 3.829ns (70.126%))
  Logic Levels:           2  (IBUF=1 LUT2=1)
  Clock Path Skew:        -1.516ns (DCD - SCD + CPR)
    Destination Clock Delay (DCD):    -1.516ns
    Source Clock Delay      (SCD):    0.000ns
    Clock Pessimism Removal (CPR):    0.000ns
  Clock Uncertainty:      0.233ns  ((TSJ^2 + DJ^2)^1/2) / 2 + PE
    Total System Jitter     (TSJ):    0.050ns
    Discrete Jitter          (DJ):    0.195ns
    Phase Error              (PE):    0.132ns

    Location             Delay type                Incr(ns)  Path(ns)    Netlist Resource(s)
  -------------------------------------------------------------------    -------------------
    C12                                               0.000     0.000 r  CPU_RESETN (IN)
                         net (fo=0)                   0.000     0.000    CPU_RESETN
    C12                  IBUF (Prop_ibuf_I_O)         1.507     1.507 r  CPU_RESETN_IBUF_inst/O
                         net (fo=5, routed)           2.922     4.429    CPU_RESETN_IBUF
    SLICE_X10Y108        LUT2 (Prop_lut2_I0_O)        0.124     4.553 f  u_vga_i_1/O
                         net (fo=20, routed)          0.906     5.460    u_vga/reset
    SLICE_X8Y111         FDCE                                         f  u_vga/h_cnt_reg[3]/CLR
  -------------------------------------------------------------------    -------------------

                         (clock clk_out1_clk_wiz_0_1 rise edge)
                                                      0.000     0.000 r  
    E3                                                0.000     0.000 r  CLK100MHZ (IN)
                         net (fo=0)                   0.000     0.000    u_clk/inst/clk_in1
    E3                   IBUF (Prop_ibuf_I_O)         1.411     1.411 r  u_clk/inst/clkin1_ibufg/O
                         net (fo=1, routed)           1.162     2.573    u_clk/inst/clk_in1_clk_wiz_0
    MMCME2_ADV_X1Y2      MMCME2_ADV (Prop_mmcme2_adv_CLKIN1_CLKOUT0)
                                                     -7.324    -4.751 r  u_clk/inst/mmcm_adv_inst/CLKOUT0
                         net (fo=1, routed)           1.639    -3.112    u_clk/inst/clk_out1_clk_wiz_0
    BUFGCTRL_X0Y17       BUFG (Prop_bufg_I_O)         0.091    -3.021 r  u_clk/inst/clkout1_buf/O
                         net (fo=152, routed)         1.505    -1.516    u_vga/clk25
    SLICE_X8Y111         FDCE                                         r  u_vga/h_cnt_reg[3]/C





Min Delay Paths
--------------------------------------------------------------------------------------
Slack:                    inf
  Source:                 u_clk/inst/mmcm_adv_inst/LOCKED
                            (internal pin)
  Destination:            active_d2_reg/D
                            (rising edge-triggered cell FDRE clocked by clk_out1_clk_wiz_0_1  {rise@0.000ns fall@20.000ns period=40.000ns})
  Path Group:             (none)
  Path Type:              Hold (Min at Fast Process Corner)
  Data Path Delay:        1.508ns  (logic 0.044ns (2.919%)  route 1.464ns (97.081%))
  Logic Levels:           1  (LUT3=1)
  Clock Uncertainty:      0.233ns  ((TSJ^2 + DJ^2)^1/2) / 2 + PE
    Total System Jitter     (TSJ):    0.050ns
    Discrete Jitter          (DJ):    0.195ns
    Phase Error              (PE):    0.132ns

    Location             Delay type                Incr(ns)  Path(ns)    Netlist Resource(s)
  -------------------------------------------------------------------    -------------------
    MMCME2_ADV_X1Y2      MMCME2_ADV                   0.000     0.000 r  u_clk/inst/mmcm_adv_inst/LOCKED
                         net (fo=4, routed)           1.464     1.464    locked
    SLICE_X40Y110        LUT3 (Prop_lut3_I0_O)        0.044     1.508 r  active_d2_i_1/O
                         net (fo=1, routed)           0.000     1.508    active_d2_i_1_n_0
    SLICE_X40Y110        FDRE                                         r  active_d2_reg/D
  -------------------------------------------------------------------    -------------------

                         (clock clk_out1_clk_wiz_0_1 rise edge)
                                                      0.000     0.000 r  
    E3                                                0.000     0.000 r  CLK100MHZ (IN)
                         net (fo=0)                   0.000     0.000    u_clk/inst/clk_in1
    E3                   IBUF (Prop_ibuf_I_O)         0.438     0.438 r  u_clk/inst/clkin1_ibufg/O
                         net (fo=1, routed)           0.480     0.918    u_clk/inst/clk_in1_clk_wiz_0
    MMCME2_ADV_X1Y2      MMCME2_ADV (Prop_mmcme2_adv_CLKIN1_CLKOUT0)
                                                     -3.163    -2.245 r  u_clk/inst/mmcm_adv_inst/CLKOUT0
                         net (fo=1, routed)           0.544    -1.702    u_clk/inst/clk_out1_clk_wiz_0
    BUFGCTRL_X0Y17       BUFG (Prop_bufg_I_O)         0.029    -1.673 r  u_clk/inst/clkout1_buf/O
                         net (fo=152, routed)         0.832    -0.841    clk25
    SLICE_X40Y110        FDRE                                         r  active_d2_reg/C

Slack:                    inf
  Source:                 u_clk/inst/mmcm_adv_inst/LOCKED
                            (internal pin)
  Destination:            active_d1_reg/D
                            (rising edge-triggered cell FDRE clocked by clk_out1_clk_wiz_0_1  {rise@0.000ns fall@20.000ns period=40.000ns})
  Path Group:             (none)
  Path Type:              Hold (Min at Fast Process Corner)
  Data Path Delay:        1.509ns  (logic 0.045ns (2.983%)  route 1.464ns (97.017%))
  Logic Levels:           1  (LUT3=1)
  Clock Uncertainty:      0.233ns  ((TSJ^2 + DJ^2)^1/2) / 2 + PE
    Total System Jitter     (TSJ):    0.050ns
    Discrete Jitter          (DJ):    0.195ns
    Phase Error              (PE):    0.132ns

    Location             Delay type                Incr(ns)  Path(ns)    Netlist Resource(s)
  -------------------------------------------------------------------    -------------------
    MMCME2_ADV_X1Y2      MMCME2_ADV                   0.000     0.000 r  u_clk/inst/mmcm_adv_inst/LOCKED
                         net (fo=4, routed)           1.464     1.464    locked
    SLICE_X40Y110        LUT3 (Prop_lut3_I1_O)        0.045     1.509 r  active_d1_i_1/O
                         net (fo=1, routed)           0.000     1.509    active_d1_i_1_n_0
    SLICE_X40Y110        FDRE                                         r  active_d1_reg/D
  -------------------------------------------------------------------    -------------------

                         (clock clk_out1_clk_wiz_0_1 rise edge)
                                                      0.000     0.000 r  
    E3                                                0.000     0.000 r  CLK100MHZ (IN)
                         net (fo=0)                   0.000     0.000    u_clk/inst/clk_in1
    E3                   IBUF (Prop_ibuf_I_O)         0.438     0.438 r  u_clk/inst/clkin1_ibufg/O
                         net (fo=1, routed)           0.480     0.918    u_clk/inst/clk_in1_clk_wiz_0
    MMCME2_ADV_X1Y2      MMCME2_ADV (Prop_mmcme2_adv_CLKIN1_CLKOUT0)
                                                     -3.163    -2.245 r  u_clk/inst/mmcm_adv_inst/CLKOUT0
                         net (fo=1, routed)           0.544    -1.702    u_clk/inst/clk_out1_clk_wiz_0
    BUFGCTRL_X0Y17       BUFG (Prop_bufg_I_O)         0.029    -1.673 r  u_clk/inst/clkout1_buf/O
                         net (fo=152, routed)         0.832    -0.841    clk25
    SLICE_X40Y110        FDRE                                         r  active_d1_reg/C

Slack:                    inf
  Source:                 CPU_RESETN
                            (input port)
  Destination:            u_vga/v_cnt_reg[1]/CLR
                            (removal check against rising-edge clock clk_out1_clk_wiz_0_1  {rise@0.000ns fall@20.000ns period=40.000ns})
  Path Group:             (none)
  Path Type:              Removal (Min at Fast Process Corner)
  Data Path Delay:        1.763ns  (logic 0.320ns (18.128%)  route 1.443ns (81.872%))
  Logic Levels:           2  (IBUF=1 LUT2=1)
  Clock Path Skew:        -0.834ns (DCD - SCD - CPR)
    Destination Clock Delay (DCD):    -0.834ns
    Source Clock Delay      (SCD):    0.000ns
    Clock Pessimism Removal (CPR):    -0.000ns

    Location             Delay type                Incr(ns)  Path(ns)    Netlist Resource(s)
  -------------------------------------------------------------------    -------------------
    C12                                               0.000     0.000 r  CPU_RESETN (IN)
                         net (fo=0)                   0.000     0.000    CPU_RESETN
    C12                  IBUF (Prop_ibuf_I_O)         0.275     0.275 r  CPU_RESETN_IBUF_inst/O
                         net (fo=5, routed)           1.240     1.515    CPU_RESETN_IBUF
    SLICE_X10Y108        LUT2 (Prop_lut2_I0_O)        0.045     1.560 f  u_vga_i_1/O
                         net (fo=20, routed)          0.203     1.763    u_vga/reset
    SLICE_X12Y109        FDCE                                         f  u_vga/v_cnt_reg[1]/CLR
  -------------------------------------------------------------------    -------------------

                         (clock clk_out1_clk_wiz_0_1 rise edge)
                                                      0.000     0.000 r  
    E3                                                0.000     0.000 r  CLK100MHZ (IN)
                         net (fo=0)                   0.000     0.000    u_clk/inst/clk_in1
    E3                   IBUF (Prop_ibuf_I_O)         0.438     0.438 r  u_clk/inst/clkin1_ibufg/O
                         net (fo=1, routed)           0.480     0.918    u_clk/inst/clk_in1_clk_wiz_0
    MMCME2_ADV_X1Y2      MMCME2_ADV (Prop_mmcme2_adv_CLKIN1_CLKOUT0)
                                                     -3.163    -2.245 r  u_clk/inst/mmcm_adv_inst/CLKOUT0
                         net (fo=1, routed)           0.544    -1.702    u_clk/inst/clk_out1_clk_wiz_0
    BUFGCTRL_X0Y17       BUFG (Prop_bufg_I_O)         0.029    -1.673 r  u_clk/inst/clkout1_buf/O
                         net (fo=152, routed)         0.839    -0.834    u_vga/clk25
    SLICE_X12Y109        FDCE                                         r  u_vga/v_cnt_reg[1]/C

Slack:                    inf
  Source:                 CPU_RESETN
                            (input port)
  Destination:            u_vga/v_cnt_reg[2]/CLR
                            (removal check against rising-edge clock clk_out1_clk_wiz_0_1  {rise@0.000ns fall@20.000ns period=40.000ns})
  Path Group:             (none)
  Path Type:              Removal (Min at Fast Process Corner)
  Data Path Delay:        1.763ns  (logic 0.320ns (18.128%)  route 1.443ns (81.872%))
  Logic Levels:           2  (IBUF=1 LUT2=1)
  Clock Path Skew:        -0.834ns (DCD - SCD - CPR)
    Destination Clock Delay (DCD):    -0.834ns
    Source Clock Delay      (SCD):    0.000ns
    Clock Pessimism Removal (CPR):    -0.000ns

    Location             Delay type                Incr(ns)  Path(ns)    Netlist Resource(s)
  -------------------------------------------------------------------    -------------------
    C12                                               0.000     0.000 r  CPU_RESETN (IN)
                         net (fo=0)                   0.000     0.000    CPU_RESETN
    C12                  IBUF (Prop_ibuf_I_O)         0.275     0.275 r  CPU_RESETN_IBUF_inst/O
                         net (fo=5, routed)           1.240     1.515    CPU_RESETN_IBUF
    SLICE_X10Y108        LUT2 (Prop_lut2_I0_O)        0.045     1.560 f  u_vga_i_1/O
                         net (fo=20, routed)          0.203     1.763    u_vga/reset
    SLICE_X12Y109        FDCE                                         f  u_vga/v_cnt_reg[2]/CLR
  -------------------------------------------------------------------    -------------------

                         (clock clk_out1_clk_wiz_0_1 rise edge)
                                                      0.000     0.000 r  
    E3                                                0.000     0.000 r  CLK100MHZ (IN)
                         net (fo=0)                   0.000     0.000    u_clk/inst/clk_in1
    E3                   IBUF (Prop_ibuf_I_O)         0.438     0.438 r  u_clk/inst/clkin1_ibufg/O
                         net (fo=1, routed)           0.480     0.918    u_clk/inst/clk_in1_clk_wiz_0
    MMCME2_ADV_X1Y2      MMCME2_ADV (Prop_mmcme2_adv_CLKIN1_CLKOUT0)
                                                     -3.163    -2.245 r  u_clk/inst/mmcm_adv_inst/CLKOUT0
                         net (fo=1, routed)           0.544    -1.702    u_clk/inst/clk_out1_clk_wiz_0
    BUFGCTRL_X0Y17       BUFG (Prop_bufg_I_O)         0.029    -1.673 r  u_clk/inst/clkout1_buf/O
                         net (fo=152, routed)         0.839    -0.834    u_vga/clk25
    SLICE_X12Y109        FDCE                                         r  u_vga/v_cnt_reg[2]/C

Slack:                    inf
  Source:                 CPU_RESETN
                            (input port)
  Destination:            u_vga/v_cnt_reg[3]/CLR
                            (removal check against rising-edge clock clk_out1_clk_wiz_0_1  {rise@0.000ns fall@20.000ns period=40.000ns})
  Path Group:             (none)
  Path Type:              Removal (Min at Fast Process Corner)
  Data Path Delay:        1.763ns  (logic 0.320ns (18.128%)  route 1.443ns (81.872%))
  Logic Levels:           2  (IBUF=1 LUT2=1)
  Clock Path Skew:        -0.834ns (DCD - SCD - CPR)
    Destination Clock Delay (DCD):    -0.834ns
    Source Clock Delay      (SCD):    0.000ns
    Clock Pessimism Removal (CPR):    -0.000ns

    Location             Delay type                Incr(ns)  Path(ns)    Netlist Resource(s)
  -------------------------------------------------------------------    -------------------
    C12                                               0.000     0.000 r  CPU_RESETN (IN)
                         net (fo=0)                   0.000     0.000    CPU_RESETN
    C12                  IBUF (Prop_ibuf_I_O)         0.275     0.275 r  CPU_RESETN_IBUF_inst/O
                         net (fo=5, routed)           1.240     1.515    CPU_RESETN_IBUF
    SLICE_X10Y108        LUT2 (Prop_lut2_I0_O)        0.045     1.560 f  u_vga_i_1/O
                         net (fo=20, routed)          0.203     1.763    u_vga/reset
    SLICE_X12Y109        FDCE                                         f  u_vga/v_cnt_reg[3]/CLR
  -------------------------------------------------------------------    -------------------

                         (clock clk_out1_clk_wiz_0_1 rise edge)
                                                      0.000     0.000 r  
    E3                                                0.000     0.000 r  CLK100MHZ (IN)
                         net (fo=0)                   0.000     0.000    u_clk/inst/clk_in1
    E3                   IBUF (Prop_ibuf_I_O)         0.438     0.438 r  u_clk/inst/clkin1_ibufg/O
                         net (fo=1, routed)           0.480     0.918    u_clk/inst/clk_in1_clk_wiz_0
    MMCME2_ADV_X1Y2      MMCME2_ADV (Prop_mmcme2_adv_CLKIN1_CLKOUT0)
                                                     -3.163    -2.245 r  u_clk/inst/mmcm_adv_inst/CLKOUT0
                         net (fo=1, routed)           0.544    -1.702    u_clk/inst/clk_out1_clk_wiz_0
    BUFGCTRL_X0Y17       BUFG (Prop_bufg_I_O)         0.029    -1.673 r  u_clk/inst/clkout1_buf/O
                         net (fo=152, routed)         0.839    -0.834    u_vga/clk25
    SLICE_X12Y109        FDCE                                         r  u_vga/v_cnt_reg[3]/C

Slack:                    inf
  Source:                 CPU_RESETN
                            (input port)
  Destination:            u_vga/v_cnt_reg[5]/CLR
                            (removal check against rising-edge clock clk_out1_clk_wiz_0_1  {rise@0.000ns fall@20.000ns period=40.000ns})
  Path Group:             (none)
  Path Type:              Removal (Min at Fast Process Corner)
  Data Path Delay:        1.763ns  (logic 0.320ns (18.128%)  route 1.443ns (81.872%))
  Logic Levels:           2  (IBUF=1 LUT2=1)
  Clock Path Skew:        -0.834ns (DCD - SCD - CPR)
    Destination Clock Delay (DCD):    -0.834ns
    Source Clock Delay      (SCD):    0.000ns
    Clock Pessimism Removal (CPR):    -0.000ns

    Location             Delay type                Incr(ns)  Path(ns)    Netlist Resource(s)
  -------------------------------------------------------------------    -------------------
    C12                                               0.000     0.000 r  CPU_RESETN (IN)
                         net (fo=0)                   0.000     0.000    CPU_RESETN
    C12                  IBUF (Prop_ibuf_I_O)         0.275     0.275 r  CPU_RESETN_IBUF_inst/O
                         net (fo=5, routed)           1.240     1.515    CPU_RESETN_IBUF
    SLICE_X10Y108        LUT2 (Prop_lut2_I0_O)        0.045     1.560 f  u_vga_i_1/O
                         net (fo=20, routed)          0.203     1.763    u_vga/reset
    SLICE_X12Y109        FDCE                                         f  u_vga/v_cnt_reg[5]/CLR
  -------------------------------------------------------------------    -------------------

                         (clock clk_out1_clk_wiz_0_1 rise edge)
                                                      0.000     0.000 r  
    E3                                                0.000     0.000 r  CLK100MHZ (IN)
                         net (fo=0)                   0.000     0.000    u_clk/inst/clk_in1
    E3                   IBUF (Prop_ibuf_I_O)         0.438     0.438 r  u_clk/inst/clkin1_ibufg/O
                         net (fo=1, routed)           0.480     0.918    u_clk/inst/clk_in1_clk_wiz_0
    MMCME2_ADV_X1Y2      MMCME2_ADV (Prop_mmcme2_adv_CLKIN1_CLKOUT0)
                                                     -3.163    -2.245 r  u_clk/inst/mmcm_adv_inst/CLKOUT0
                         net (fo=1, routed)           0.544    -1.702    u_clk/inst/clk_out1_clk_wiz_0
    BUFGCTRL_X0Y17       BUFG (Prop_bufg_I_O)         0.029    -1.673 r  u_clk/inst/clkout1_buf/O
                         net (fo=152, routed)         0.839    -0.834    u_vga/clk25
    SLICE_X12Y109        FDCE                                         r  u_vga/v_cnt_reg[5]/C

Slack:                    inf
  Source:                 CPU_RESETN
                            (input port)
  Destination:            u_vga/v_cnt_reg[0]/CLR
                            (removal check against rising-edge clock clk_out1_clk_wiz_0_1  {rise@0.000ns fall@20.000ns period=40.000ns})
  Path Group:             (none)
  Path Type:              Removal (Min at Fast Process Corner)
  Data Path Delay:        1.821ns  (logic 0.320ns (17.546%)  route 1.502ns (82.454%))
  Logic Levels:           2  (IBUF=1 LUT2=1)
  Clock Path Skew:        -0.834ns (DCD - SCD - CPR)
    Destination Clock Delay (DCD):    -0.834ns
    Source Clock Delay      (SCD):    0.000ns
    Clock Pessimism Removal (CPR):    -0.000ns

    Location             Delay type                Incr(ns)  Path(ns)    Netlist Resource(s)
  -------------------------------------------------------------------    -------------------
    C12                                               0.000     0.000 r  CPU_RESETN (IN)
                         net (fo=0)                   0.000     0.000    CPU_RESETN
    C12                  IBUF (Prop_ibuf_I_O)         0.275     0.275 r  CPU_RESETN_IBUF_inst/O
                         net (fo=5, routed)           1.240     1.515    CPU_RESETN_IBUF
    SLICE_X10Y108        LUT2 (Prop_lut2_I0_O)        0.045     1.560 f  u_vga_i_1/O
                         net (fo=20, routed)          0.262     1.821    u_vga/reset
    SLICE_X11Y108        FDCE                                         f  u_vga/v_cnt_reg[0]/CLR
  -------------------------------------------------------------------    -------------------

                         (clock clk_out1_clk_wiz_0_1 rise edge)
                                                      0.000     0.000 r  
    E3                                                0.000     0.000 r  CLK100MHZ (IN)
                         net (fo=0)                   0.000     0.000    u_clk/inst/clk_in1
    E3                   IBUF (Prop_ibuf_I_O)         0.438     0.438 r  u_clk/inst/clkin1_ibufg/O
                         net (fo=1, routed)           0.480     0.918    u_clk/inst/clk_in1_clk_wiz_0
    MMCME2_ADV_X1Y2      MMCME2_ADV (Prop_mmcme2_adv_CLKIN1_CLKOUT0)
                                                     -3.163    -2.245 r  u_clk/inst/mmcm_adv_inst/CLKOUT0
                         net (fo=1, routed)           0.544    -1.702    u_clk/inst/clk_out1_clk_wiz_0
    BUFGCTRL_X0Y17       BUFG (Prop_bufg_I_O)         0.029    -1.673 r  u_clk/inst/clkout1_buf/O
                         net (fo=152, routed)         0.839    -0.834    u_vga/clk25
    SLICE_X11Y108        FDCE                                         r  u_vga/v_cnt_reg[0]/C

Slack:                    inf
  Source:                 CPU_RESETN
                            (input port)
  Destination:            u_vga/v_cnt_reg[4]/CLR
                            (removal check against rising-edge clock clk_out1_clk_wiz_0_1  {rise@0.000ns fall@20.000ns period=40.000ns})
  Path Group:             (none)
  Path Type:              Removal (Min at Fast Process Corner)
  Data Path Delay:        1.821ns  (logic 0.320ns (17.546%)  route 1.502ns (82.454%))
  Logic Levels:           2  (IBUF=1 LUT2=1)
  Clock Path Skew:        -0.834ns (DCD - SCD - CPR)
    Destination Clock Delay (DCD):    -0.834ns
    Source Clock Delay      (SCD):    0.000ns
    Clock Pessimism Removal (CPR):    -0.000ns

    Location             Delay type                Incr(ns)  Path(ns)    Netlist Resource(s)
  -------------------------------------------------------------------    -------------------
    C12                                               0.000     0.000 r  CPU_RESETN (IN)
                         net (fo=0)                   0.000     0.000    CPU_RESETN
    C12                  IBUF (Prop_ibuf_I_O)         0.275     0.275 r  CPU_RESETN_IBUF_inst/O
                         net (fo=5, routed)           1.240     1.515    CPU_RESETN_IBUF
    SLICE_X10Y108        LUT2 (Prop_lut2_I0_O)        0.045     1.560 f  u_vga_i_1/O
                         net (fo=20, routed)          0.262     1.821    u_vga/reset
    SLICE_X10Y108        FDCE                                         f  u_vga/v_cnt_reg[4]/CLR
  -------------------------------------------------------------------    -------------------

                         (clock clk_out1_clk_wiz_0_1 rise edge)
                                                      0.000     0.000 r  
    E3                                                0.000     0.000 r  CLK100MHZ (IN)
                         net (fo=0)                   0.000     0.000    u_clk/inst/clk_in1
    E3                   IBUF (Prop_ibuf_I_O)         0.438     0.438 r  u_clk/inst/clkin1_ibufg/O
                         net (fo=1, routed)           0.480     0.918    u_clk/inst/clk_in1_clk_wiz_0
    MMCME2_ADV_X1Y2      MMCME2_ADV (Prop_mmcme2_adv_CLKIN1_CLKOUT0)
                                                     -3.163    -2.245 r  u_clk/inst/mmcm_adv_inst/CLKOUT0
                         net (fo=1, routed)           0.544    -1.702    u_clk/inst/clk_out1_clk_wiz_0
    BUFGCTRL_X0Y17       BUFG (Prop_bufg_I_O)         0.029    -1.673 r  u_clk/inst/clkout1_buf/O
                         net (fo=152, routed)         0.839    -0.834    u_vga/clk25
    SLICE_X10Y108        FDCE                                         r  u_vga/v_cnt_reg[4]/C

Slack:                    inf
  Source:                 CPU_RESETN
                            (input port)
  Destination:            u_vga/v_cnt_reg[6]/CLR
                            (removal check against rising-edge clock clk_out1_clk_wiz_0_1  {rise@0.000ns fall@20.000ns period=40.000ns})
  Path Group:             (none)
  Path Type:              Removal (Min at Fast Process Corner)
  Data Path Delay:        1.821ns  (logic 0.320ns (17.546%)  route 1.502ns (82.454%))
  Logic Levels:           2  (IBUF=1 LUT2=1)
  Clock Path Skew:        -0.834ns (DCD - SCD - CPR)
    Destination Clock Delay (DCD):    -0.834ns
    Source Clock Delay      (SCD):    0.000ns
    Clock Pessimism Removal (CPR):    -0.000ns

    Location             Delay type                Incr(ns)  Path(ns)    Netlist Resource(s)
  -------------------------------------------------------------------    -------------------
    C12                                               0.000     0.000 r  CPU_RESETN (IN)
                         net (fo=0)                   0.000     0.000    CPU_RESETN
    C12                  IBUF (Prop_ibuf_I_O)         0.275     0.275 r  CPU_RESETN_IBUF_inst/O
                         net (fo=5, routed)           1.240     1.515    CPU_RESETN_IBUF
    SLICE_X10Y108        LUT2 (Prop_lut2_I0_O)        0.045     1.560 f  u_vga_i_1/O
                         net (fo=20, routed)          0.262     1.821    u_vga/reset
    SLICE_X11Y108        FDCE                                         f  u_vga/v_cnt_reg[6]/CLR
  -------------------------------------------------------------------    -------------------

                         (clock clk_out1_clk_wiz_0_1 rise edge)
                                                      0.000     0.000 r  
    E3                                                0.000     0.000 r  CLK100MHZ (IN)
                         net (fo=0)                   0.000     0.000    u_clk/inst/clk_in1
    E3                   IBUF (Prop_ibuf_I_O)         0.438     0.438 r  u_clk/inst/clkin1_ibufg/O
                         net (fo=1, routed)           0.480     0.918    u_clk/inst/clk_in1_clk_wiz_0
    MMCME2_ADV_X1Y2      MMCME2_ADV (Prop_mmcme2_adv_CLKIN1_CLKOUT0)
                                                     -3.163    -2.245 r  u_clk/inst/mmcm_adv_inst/CLKOUT0
                         net (fo=1, routed)           0.544    -1.702    u_clk/inst/clk_out1_clk_wiz_0
    BUFGCTRL_X0Y17       BUFG (Prop_bufg_I_O)         0.029    -1.673 r  u_clk/inst/clkout1_buf/O
                         net (fo=152, routed)         0.839    -0.834    u_vga/clk25
    SLICE_X11Y108        FDCE                                         r  u_vga/v_cnt_reg[6]/C

Slack:                    inf
  Source:                 CPU_RESETN
                            (input port)
  Destination:            u_vga/v_cnt_reg[7]/CLR
                            (removal check against rising-edge clock clk_out1_clk_wiz_0_1  {rise@0.000ns fall@20.000ns period=40.000ns})
  Path Group:             (none)
  Path Type:              Removal (Min at Fast Process Corner)
  Data Path Delay:        1.821ns  (logic 0.320ns (17.546%)  route 1.502ns (82.454%))
  Logic Levels:           2  (IBUF=1 LUT2=1)
  Clock Path Skew:        -0.834ns (DCD - SCD - CPR)
    Destination Clock Delay (DCD):    -0.834ns
    Source Clock Delay      (SCD):    0.000ns
    Clock Pessimism Removal (CPR):    -0.000ns

    Location             Delay type                Incr(ns)  Path(ns)    Netlist Resource(s)
  -------------------------------------------------------------------    -------------------
    C12                                               0.000     0.000 r  CPU_RESETN (IN)
                         net (fo=0)                   0.000     0.000    CPU_RESETN
    C12                  IBUF (Prop_ibuf_I_O)         0.275     0.275 r  CPU_RESETN_IBUF_inst/O
                         net (fo=5, routed)           1.240     1.515    CPU_RESETN_IBUF
    SLICE_X10Y108        LUT2 (Prop_lut2_I0_O)        0.045     1.560 f  u_vga_i_1/O
                         net (fo=20, routed)          0.262     1.821    u_vga/reset
    SLICE_X11Y108        FDCE                                         f  u_vga/v_cnt_reg[7]/CLR
  -------------------------------------------------------------------    -------------------

                         (clock clk_out1_clk_wiz_0_1 rise edge)
                                                      0.000     0.000 r  
    E3                                                0.000     0.000 r  CLK100MHZ (IN)
                         net (fo=0)                   0.000     0.000    u_clk/inst/clk_in1
    E3                   IBUF (Prop_ibuf_I_O)         0.438     0.438 r  u_clk/inst/clkin1_ibufg/O
                         net (fo=1, routed)           0.480     0.918    u_clk/inst/clk_in1_clk_wiz_0
    MMCME2_ADV_X1Y2      MMCME2_ADV (Prop_mmcme2_adv_CLKIN1_CLKOUT0)
                                                     -3.163    -2.245 r  u_clk/inst/mmcm_adv_inst/CLKOUT0
                         net (fo=1, routed)           0.544    -1.702    u_clk/inst/clk_out1_clk_wiz_0
    BUFGCTRL_X0Y17       BUFG (Prop_bufg_I_O)         0.029    -1.673 r  u_clk/inst/clkout1_buf/O
                         net (fo=152, routed)         0.839    -0.834    u_vga/clk25
    SLICE_X11Y108        FDCE                                         r  u_vga/v_cnt_reg[7]/C





